E_low_keV,E_high_keV,E_center_keV,pdf_kTe_40_keV,prob_per_bin_kTe_40_keV,expected_counts_kTe_40_keV,cdf_kTe_40_keV,pdf_kTe_100_keV,prob_per_bin_kTe_100_keV,expected_counts_kTe_100_keV,cdf_kTe_100_keV,pdf_kTe_160_keV,prob_per_bin_kTe_160_keV,expected_counts_kTe_160_keV,cdf_kTe_160_keV,pdf_kTe_300_keV,prob_per_bin_kTe_300_keV,expected_counts_kTe_300_keV,cdf_kTe_300_keV
10.0,14.99,12.495000000000001,0.05660231067745504,0.2824455302805007,282445.53028050065,0.2824455302805007,0.038958341708749844,0.19440212512666172,194402.1251266617,0.19440212512666172,0.03294223188458554,0.16438173710408185,164381.73710408184,0.16438173710408185,0.026963521717496483,0.13454797337030747,134547.97337030747,0.13454797337030747
14.99,19.98,17.485,0.03570479533368361,0.17816692871508125,178166.92871508125,0.4606124589955819,0.026484988682955513,0.13216009352794802,132160.09352794802,0.32656221865460977,0.022818079272393793,0.11386221556924503,113862.21556924503,0.2782439526733269,0.018950622213121278,0.09456360484347517,94563.60484347517,0.22911157821378264
19.98,24.97,22.475,0.024519648923365174,0.12235304812759218,122353.04812759218,0.5829655071231741,0.019601731376168163,0.0978126395670791,97812.6395670791,0.42437485822168886,0.017206813901647664,0.08586200136922181,85862.00136922182,0.36410595404254875,0.014499921306577575,0.07235460731982207,72354.60731982207,0.3014661855336047
24.97,29.96,27.465,0.017711531180048482,0.08838054058844196,88380.54058844196,0.671346047711616,0.015259603024819735,0.0761454190938505,76145.4190938505,0.5005202773155394,0.013648219533342621,0.0681046154713797,68104.6154713797,0.43221056951392844,0.011669761423415519,0.05823210950284346,58232.10950284346,0.3596982950364482
29.96,34.95,32.455,0.013230487941194184,0.06602013482655901,66020.134826559,0.737366182538175,0.012284852061886519,0.06130141178881376,61301.411788813755,0.5618216891043532,0.011195137456009172,0.055863735905485795,55863.735905485795,0.4880743054194142,0.009712615635683847,0.048465952022062414,48465.95202206241,0.4081642470585106
34.95,39.94,37.445,0.010122444475478942,0.05051099793263987,50510.99793263987,0.7878771804708149,0.010129462822872417,0.050546019486133305,50546.01948613331,0.6123677085904865,0.00940529993348482,0.046932446668089205,46932.44666808921,0.5350067520875034,0.008279425756691688,0.041314334525891484,41314.334525891485,0.4494785815844021
39.94,44.93,42.435,0.007884547883247061,0.03934389393740285,39343.89393740285,0.8272210744082178,0.00850324610067199,0.04243119804235325,42431.19804235325,0.6547989066328398,0.008044475233190958,0.0401419314136229,40141.9314136229,0.5751486835011262,0.007185319425981729,0.035854743935648845,35854.74393564885,0.485333325520051
44.93,49.92,47.425,0.006227524221145423,0.031075345863515673,31075.34586351567,0.8582964202717335,0.007238195698253524,0.0361185965342851,36118.5965342851,0.6909175031671249,0.00697702094513864,0.03481533451624182,34815.334516241826,0.6099640180173681,0.006323232950393627,0.031552932422464215,31552.932422464215,0.5168862579425152
49.92,54.910000000000004,52.415000000000006,0.00497380710240584,0.024819297441005153,24819.297441005154,0.8831157177127387,0.006230326058745055,0.03108932703313784,31089.32703313784,0.7220068302002627,0.006118954403922463,0.030533582475573105,30533.582475573105,0.6404976004929412,0.005626873688104175,0.028078099703639847,28078.099703639848,0.544964357646155
54.910000000000004,59.900000000000006,57.405,0.004008820128811052,0.020004012442767158,20004.012442767158,0.9031197301555058,0.005411845004473066,0.027005106572320612,27005.106572320612,0.7490119367725833,0.005415499582793714,0.027023342918140646,27023.342918140646,0.6675209434110819,0.005052999673818879,0.025214468372356216,25214.468372356216,0.5701788260185112
59.900000000000006,64.89,62.395,0.003255654170125777,0.01624571430892761,16245.71430892761,0.9193654444644335,0.004736679364791176,0.023636030030307946,23636.030030307946,0.7726479668028912,0.004829408028858633,0.024098746064004552,24098.746064004554,0.6916196894750865,0.0045722022975433615,0.022815289464741352,22815.289464741352,0.5929941154832525
64.89,69.88,67.38499999999999,0.0026610104847227967,0.013278442318766742,13278.442318766742,0.9326438867832002,0.00417243182372875,0.02082043480040644,20820.43480040644,0.7934684016032976,0.004334468957516424,0.021629000098006935,21629.000098006934,0.7132486895730934,0.004163784354785091,0.020777283930377585,20777.283930377584,0.6137713994136301
69.88,74.87,72.375,0.002186970903831555,0.010912984810119479,10912.984810119478,0.9435568715933197,0.003695665115212537,0.018441368924910592,18441.368924910592,0.8119097705282081,0.003911704086913346,0.01951940339369763,19519.40339369763,0.732768092966791,0.003812756938663254,0.019025657123929673,19025.65712392967,0.6327970565375598
74.87,79.86,77.36500000000001,0.0018059628625497445,0.009011754684123215,9011.754684123214,0.9525686262774429,0.003289011278207647,0.016412166278256143,16412.166278256143,0.8283219368064643,0.0035470350625059965,0.017699704961904903,17699.704961904903,0.7504677979286959,0.0035079985249517882,0.017504912639509405,17504.912639509406,0.6503019691770692
79.86,84.85000000000001,82.355,0.0014975631226185478,0.0074728399818665674,7472.8399818665675,0.9600414662593094,0.0029393318892665925,0.014667266127440324,14667.266127440324,0.8429892029339046,0.0032297988881501536,0.016116696451869295,16116.696451869295,0.7665844943805652,0.0032410833182450307,0.016173005758042733,16173.005758042733,0.6664749749351119
84.85000000000001,89.84,87.345,0.0012464039676231078,0.0062195557984393015,6219.555798439302,0.9662610220577487,0.002636508975362605,0.013156179787059385,13156.179787059385,0.856145382720964,0.0029517722386800268,0.01472934347101332,14729.343471013319,0.7813138378515785,0.003005511216093996,0.014997500968309025,14997.500968309025,0.6814724759034209
89.84,94.83,92.33500000000001,0.0010407640485150488,0.005193412602090088,5193.4126020900885,0.9714544346598387,0.0023726280207349002,0.01183941382346714,11839.413823467139,0.8679847965444311,0.0027065121458449506,0.01350549560776629,13505.49560776629,0.7948193334593447,0.0027961874604714955,0.013952975427752748,13952.975427752748,0.6954254513311736
94.83,99.82000000000001,97.325,0.0008715975209708439,0.004349271629644519,4349.271629644519,0.9758037062894832,0.00214141234300743,0.010685647591607094,10685.647591607094,0.8786704441360381,0.002488899510938893,0.012419608559585097,12419.608559585098,0.8072389420189299,0.0026090623636352717,0.01301922119454003,13019.221194540029,0.7084446725257136
99.82000000000001,104.81,102.315,0.0007318513082782983,0.003651938028308705,3651.9380283087053,0.9794556443177919,0.0019378230201698785,0.009669736870647684,9669.736870647685,0.8883401810066858,0.002294816199692381,0.01145113283646497,11451.132836464969,0.8186900748553948,0.0024408764595222655,0.012179973533016093,12179.973533016093,0.7206246460587298
104.81,109.80000000000001,107.305,0.0006159762486855155,0.003073721480940728,3073.721480940728,0.9825293657987326,0.0017577704765726508,0.008771274678097544,8771.274678097545,0.8971114556847833,0.0021209122355657743,0.010583352055473233,10583.352055473233,0.829273426910868,0.0022889767624791986,0.011421994044771221,11421.994044771222,0.732046640103501
109.80000000000001,114.79,112.29500000000002,0.0005195714385719012,0.002592661478473784,2592.661478473784,0.9851220272772064,0.0015979029942959431,0.007973535941536748,7973.535941536748,0.9050849916263201,0.0019644350657595324,0.009802530978140057,9802.530978140057,0.8390759578890081,0.0021511820149862984,0.010734398254781619,10734.39825478162,0.7427810383582826
114.79,119.78,117.285,0.00043912178188612887,0.002191217691611781,2191.217691611781,0.9873132449688182,0.0014554492385229051,0.007262691700229289,7262.691700229289,0.9123476833265494,0.001823102413290599,0.00909728104232008,9097.28104232008,0.8481732389313282,0.00202568233439574,0.010108154848634731,10108.154848634731,0.7528891932069173
119.78,124.77000000000001,122.275,0.0003718018480819042,0.0018552912219287052,1855.2912219287052,0.989168536190747,0.0013280993656492545,0.006627215834589792,6627.2158345897915,0.9189748991611392,0.0016950062639557737,0.008458081257139326,8458.081257139327,0.8566313201884675,0.0019109634320017264,0.009535707525688632,9535.707525688633,0.7624249007326059
124.77000000000001,129.76,127.265,0.0003153276085953669,0.0015734847668908746,1573.4847668908747,0.9907420209576379,0.0012139141233399584,0.006057431475466369,6057.431475466369,0.9250323306366055,0.0015785394426429877,0.007876911818788478,7876.911818788479,0.864508232007256,0.0018057486601556795,0.009010685814176805,9010.685814176804,0.7714355865467828
129.76,134.75,132.255,0.00026784321083874683,0.0013365376220853492,1336.5376220853493,0.9920785585797232,0.0011112545485317035,0.00554516019717321,5545.160197173211,0.9305774908337787,0.0014723388128481025,0.007346970676112045,7346.970676112045,0.871855202683368,0.0017089541788430792,0.00852768135242698,8527.68135242698,0.7799632678992098
134.75,139.74,137.245,0.00022783370583782242,0.001136890192130736,1136.890192130736,0.9932154487718539,0.001018727020096494,0.005083447830281514,5083.447830281514,0.9356609386640602,0.001375240868608432,0.006862451934356088,6862.451934356088,0.8787176546177241,0.0016196539027086947,0.0080820729745164,8082.072974516401,0.7880453408737261
139.74,144.73000000000002,142.235,0.00019405721398713232,0.000968345497795792,968.345497795792,0.9941837942696496,0.0009351398945178885,0.004666348073644272,4666.348073644272,0.9403272867377045,0.0012862466754883005,0.006418370910686631,6418.370910686631,0.8851360255284108,0.0015370518266520088,0.007669888614993538,7669.888614993538,0.7957152294887196
144.73000000000002,149.72,147.22500000000002,0.00016549179615106291,0.0008258040627938007,825.8040627938008,0.9950095983324434,0.0008594689756527274,0.004288750188507093,4288.750188507092,0.9446160369262115,0.0012044939424603208,0.006010424772876977,6010.424772876977,0.8911464503012877,0.0014604599793829722,0.0072876952971210026,7287.695297121002,0.8030029247858407
149.72,154.71,152.215,0.00014129355228044603,0.000705054825879427,705.054825879427,0.9957146531583229,0.000790829790623703,0.003946240655212285,3946.2406552122848,0.9485622775814239,0.0011292345882622493,0.0056348805954286344,5634.8805954286345,0.8967813308967163,0.001389280713444262,0.006932510760086879,6932.510760086879,0.8099354355459275
154.71,159.70000000000002,157.205,0.00012076336458847247,0.0006026091892964787,602.6091892964787,0.9963172623476193,0.0007284551588929045,0.0036349912428756,3634.9912428756,0.9521972688242994,0.0010598165813562495,0.005288484740967695,5288.484740967695,0.902069815637684,0.0013229923681629206,0.0066017319171329854,6601.7319171329855,0.8165371674630605
159.70000000000002,164.69,162.195,0.00010332034808997001,0.0005155685369689484,515.5685369689484,0.9968328308845883,0.0006716769139705394,0.0033516678007129786,3351.6678007129785,0.9555489366250124,0.0009956691331039862,0.004968388974188872,4968.3889741888715,0.9070382046118728,0.0012611375791433978,0.0062930765199255305,6293.07651992553,0.822830243982986
164.69,169.68,167.185,8.848054245957018e-05,0.000441517906873256,441.517906873256,0.9972743487914616,0.0006199109095786991,0.003093355438797714,3093.355438797714,0.9586422920638101,0.0009362905435394104,0.004672089812261667,4672.089812261666,0.9117102944241344,0.001203313681359034,0.006004535269981591,6004.535269981591,0.8288347792529676
169.68,174.67000000000002,172.175,7.583972644238067e-05,0.00037844023494748027,378.4402349474803,0.9976527890264091,0.0005726446434107041,0.0028574967706194187,2857.496770619419,0.9614997888344295,0.0008812381615653269,0.004397378426210989,4397.378426210988,0.9161076728503454,0.0011491647811028287,0.005734332257703126,5734.332257703126,0.8345691115106707
174.67000000000002,179.66,177.16500000000002,6.505949445699312e-05,0.0003246468773403944,324.6468773403944,0.9979774359037494,0.0005294269819126342,0.002641840639744034,2641.840639744034,0.9641416294741736,0.0008301200426655891,0.004142299012901273,4142.299012901273,0.9202499718632468,0.001098375167763373,0.00548089208713921,5480.89208713921,0.8400500035978099
179.66,184.65,182.155,5.585592900653665e-05,0.0002787210857426184,278.7210857426184,0.9982561569894921,0.0004898595827458125,0.0024443993179016086,2444.3993179016084,0.9665860287920752,0.0007825879785926725,0.0039051140131774425,3905.1140131774428,0.9241550858764241,0.0010506638085010017,0.005242812404420008,5242.8124044200085,0.8452928160022299
184.65,189.64000000000001,187.145,4.7990349320900825e-05,0.00023947184311129557,239.47184311129556,0.9984956288326035,0.0004535896976472426,0.002263412591259745,2263.412591259745,0.968849441383335,0.0007383316429322783,0.0036842748982320755,3684.2748982320754,0.9278393607746562,0.0010057797237040167,0.005018840821283052,5018.840821283052,0.850311656823513
189.64000000000001,194.63,192.135,4.126172861320634e-05,0.00020589602577989884,205.89602577989885,0.9987015248583834,0.00042030410434681605,0.002097317480690604,2097.317480690604,0.9709467588640256,0.0006970736496570482,0.003478397511788657,3478.3975117886566,0.9313177582864449,0.0009634980830994623,0.004807855434666298,4807.855434666299,0.8551195122581793
194.63,199.62,197.125,3.550045832820539e-05,0.0001771472870577452,177.1472870577452,0.9988786721454411,0.00038972396711779115,0.0019447225959177813,1944.7225959177813,0.9728914814599434,0.0006585653628691634,0.003286241160717131,3286.241160717131,0.9346039994471621,0.0009236168948201268,0.004608848305152441,4608.848305152441,0.8597283605633317
199.62,204.61,202.115,3.056320425251611e-05,0.00015251038922005567,152.51038922005566,0.9990311825346612,0.0003616004651399449,0.0018043863210483284,1804.3863210483285,0.9746958677809917,0.0006225833278896416,0.003106690806169317,3106.690806169317,0.9377106902533314,0.0008859541849513242,0.004420911382907116,4420.911382907117,0.8641492719462388
204.61,209.60000000000002,207.10500000000002,2.6328651090476895e-05,0.00013137996894147994,131.37996894147994,0.9991625625036027,0.00033571105886912636,0.0016751981837569436,1675.1981837569435,0.9763710659647487,0.0005889262188801211,0.00293874183221181,2938.7418322118097,0.9406494320855432,0.0008503455848335977,0.00424322446831966,4243.22446831966,0.8683924964145585
209.60000000000002,214.59,212.09500000000003,2.2693972596087548e-05,0.00011324292325447642,113.24292325447642,0.9992758054268571,0.00031185628905341613,0.0015561628823765406,1556.1628823765407,0.9779272288471252,0.0005574122179113693,0.002781486967377722,2781.486967377722,0.9434309190529209,0.0008166422589675715,0.004075044872248166,4075.044872248166,0.8724675412868067
214.59,219.58,217.085,1.9571896209858312e-05,9.766376208719316e-05,97.66376208719316,0.9993734691889443,0.0002898570224244357,0.001446386541897937,1446.386541897937,0.9793736153890231,0.0005278767560398052,0.002634105012638633,2634.105012638633,0.9460650240655595,0.0007847091187161707,0.003915698502393698,3915.698502393698,0.8763832397892004
219.58,224.57000000000002,222.07500000000002,1.6888256347145664e-05,8.427239917225701e-05,84.27239917225701,0.9994577415881166,0.0002695520735591635,0.0013450648470602281,1345.0648470602282,0.9807186802360833,0.0005001705594360652,0.0024958510915859696,2495.8510915859697,0.9485608751571455,0.0007544232768510828,0.00376457215148691,3764.57215148691,0.8801478119406874
224.57000000000002,229.56,227.065,1.4579950510448775e-05,7.27539530471391e-05,72.7539530471391,0.9995304955411638,0.00025079614481472647,0.0012514727626254803,1251.4727626254803,0.9819701529987088,0.00047415795362348357,0.002366048188581174,2366.048188581174,0.9509269233457267,0.000725672705893497,0.003621106802408536,3621.106802408536,0.8837689187430959
229.56,234.55,232.055,1.2593228385895287e-05,6.28402096456176e-05,62.8402096456176,0.9995933357508094,0.00023345803624401102,0.0011649556008576172,1164.9556008576171,0.9831351085995664,0.00044971538696017907,0.0022440797809312974,2244.0797809312976,0.953171003126658,0.000698355069572792,0.003484791797168238,3484.791797168238,0.8872537105402641
234.55,239.54000000000002,237.04500000000002,1.0882256902480792e-05,5.430246194337925e-05,54.30246194337925,0.9996476382127528,0.00021741908550920288,0.0010849212366909244,1084.9212366909244,0.9842200298362573,0.0004267301410442301,0.002129383403810712,2129.383403810712,0.9553003865304688,0.0006723767018929601,0.0033551597424458773,3355.1597424458773,0.89060887028271
239.54000000000002,244.53,242.03500000000003,9.40791455110292e-06,4.6945493610003395e-05,46.945493610003396,0.9996945837063628,0.00020257180441444762,0.0010108333040280896,1010.8333040280896,0.9852308631402854,0.0004050992010526034,0.002021445013252483,2021.445013252483,0.9573218315437213,0.0006476517125040715,0.0032317820453953046,3231.7820453953045,0.8938406523281053
244.53,249.52,247.025,8.13677659798356e-06,4.060251522393804e-05,40.60251522393804,0.9997351862215867,0.0001888186840818138,0.0009422052335682526,942.2052335682527,0.9861730683738537,0.00038472826338645607,0.0019197940342984192,1919.794034298419,0.9592416255780197,0.0006241012005186777,0.003114264990588207,3114.264990588207,0.8969549173186935
249.52,254.51000000000002,252.01500000000001,7.040259587998767e-06,3.513089534411391e-05,35.13089534411391,0.9997703171169309,0.0001760711452344706,0.00087859501472001,878.59501472001,0.9870516633885736,0.0003655308615800534,0.0018239989992844697,1823.9989992844696,0.9610656245773042,0.0006016525617421464,0.0030022462830933162,3002.2462830933164,0.8999571636017868
254.51000000000002,259.5,257.005,6.093899034301783e-06,3.040855618116578e-05,30.408556181165782,0.9998007256731121,0.00016424861371451695,0.0008196005824354364,819.6005824354364,0.9878712639710091,0.0003474275943887599,0.0017336636959999054,1733.6636959999053,0.9627992882733041,0.0005802388766206647,0.0028953919943371055,2895.3919943371056,0.9028525555961239
259.5,264.49,261.995,5.276738680469371e-06,2.6330926015542208e-05,26.330926015542207,0.9998270565991276,0.000153277704398063,0.0007648557449463357,764.8557449463357,0.9886361197159554,0.0003303454424226925,0.0016484237576892386,1648.4237576892385,0.9644477120309933,0.0005597983681451617,0.002793393857044362,2793.393857044362,0.9056459494531682
264.49,269.48,266.985,4.570813397023716e-06,2.2808358851148384e-05,22.808358851148384,0.9998498649579788,0.00014309149919444463,0.00071402658098028,714.0265809802801,0.9893501462969357,0.0003142171617314286,0.0015679436370398315,1567.9436370398314,0.9660156556680332,0.0005402739205585298,0.0026959668635870683,2695.9668635870685,0.9083419163167553
269.48,274.47,271.975,3.960710791758409e-06,1.9763946850874494e-05,19.763946850874493,0.9998696289048297,0.00013362890692357948,0.0006668082455486629,666.8082455486629,0.9900169545424844,0.00029898074444730124,0.0014919139147920358,1491.913914792036,0.9675075695828252,0.0005216126510569198,0.0026028471287740346,2602.8471287740344,0.9109447634455293
274.47,279.46000000000004,276.96500000000003,3.433199097273008e-06,1.713166349539234e-05,17.131663495392342,0.999886760568325,0.00012483409463063296,0.0006229221322068596,622.9221322068596,0.9906398766746912,0.00028457893802094056,0.001420048900724496,1420.048900724496,0.9689276184835497,0.000503765527801474,0.0025137899837293595,2513.7899837293594,0.9134585534292586
279.46000000000004,284.45,281.95500000000004,2.9769109490347157e-06,1.485478563568309e-05,14.85478563568309,0.9999016153539607,0.00011665598138088507,0.0005821133470906109,582.1133470906109,0.9912219900217818,0.000270958815781686,0.0013520844907506,1352.0844907506,0.9702797029743003,0.0004866870285031383,0.0024285682722306368,2428.568272230637,0.9158871217014892
284.45,289.44,286.945,2.5820743630486554e-06,1.2884551071612813e-05,12.884551071612814,0.9999144999050323,0.00010904778682893167,0.00054414845627637,544.14845627637,0.9917661384780582,0.00025807139256679414,0.001287776248908305,1287.776248908305,0.9715674792232086,0.00047033483464139857,0.0023469708248605834,2346.9708248605834,0.9182340925263498
289.44,294.43,291.935,2.2402836282056573e-06,1.1179015304746251e-05,11.179015304746251,0.9999256789203371,0.00010196662791486312,0.0005088134732951679,508.8134732951679,0.9922749519513533,0.0002458712800190941,0.001226897687295282,1226.897687295282,0.972794376910504,0.00045466955705316834,0.002268801089695314,2268.801089695314,0.9205028936160451
294.43,299.42,296.925,1.9443039966196087e-06,9.702076943131865e-06,9.702076943131864,0.9999353809972803,9.537315793824813e-05,0.000475912058111859,475.91205811185904,0.9927508640094651,0.00023431637687902661,0.001169238720626345,1169.238720626345,0.9739636156311303,0.00043965448920131204,0.002193875901114551,2193.875901114551,0.9226967695171596
299.42,304.41,301.915,1.6879050279533323e-06,8.422646089487144e-06,8.422646089487143,0.9999438036433698,8.923124302510984e-05,0.00044526390269529893,445.26390269529895,0.9931961279121604,0.0002233675902152435,0.001114604275174067,1114.604275174067,0.9750782199063044,0.0004252553849202501,0.002122024370752052,2122.024370752052,0.9248187938879117
304.41,309.40000000000003,306.90500000000003,1.4657182551712498e-06,7.31393409330455e-06,7.3139340933045505,0.999951117577463,8.350767165539474e-05,0.0004167032815604205,416.7032815604205,0.9936128311937208,0.00021298858406571856,0.0010628130344879376,1062.8130344879376,0.9761410329407924,0.0004114402578526669,0.0020530868866848115,2053.0868866848114,0.9268718807745965
309.40000000000003,314.39,311.895,1.2731155173290086e-06,6.352846431471692e-06,6.352846431471693,0.9999574704238945,7.817189347663025e-05,0.00039007774844838125,390.07774844838127,0.9940029089421691,0.00020314555241308376,0.0010136963065412784,1013.6963065412784,0.9771547292473336,0.00039817920014792495,0.0019869142087381264,1986.9142087381265,0.9288587949833346
314.39,319.38,316.885,1.106104872797049e-06,5.519463315257285e-06,5.519463315257285,0.9999629898872098,7.319578410837829e-05,0.00036524696270080835,365.24696270080835,0.9943681559048699,0.00019380701380564103,0.0009670969988901505,967.0969988901504,0.9781218262462238,0.0003854442182988367,0.0019233666493111987,1923.3666493111987,0.9307821616326458
319.38,324.37,321.875,9.612414824776043e-07,4.796594997563254e-06,4.796594997563254,0.9999677864822073,6.855343305401785e-05,0.0003420816309395497,342.08163093954965,0.9947102375358094,0.00018494362526913274,0.0009228686900929741,922.868690092974,0.9790446949363167,0.00037320908425679506,0.0018623133304414108,1862.3133304414107,0.9326444749630872
324.37,329.36,326.865,8.355512525327127e-07,4.169400750138244e-06,4.169400750138244,0.9999719558829574,6.422095219156356e-05,0.00032046255143590273,320.46255143590275,0.9950307000872454,0.00017652801344213593,0.0008808747870762599,880.8747870762598,0.979925569723393,0.00036144920019242423,0.0018036315089602001,1803.6315089602,0.9344481064720475
329.36,334.35,331.855,7.264653625988354e-07,3.6250621593681954e-06,3.6250621593681953,0.9999755809451167,6.0176302622191264e-05,0.00030027975008473497,300.279750084735,0.9953309798373301,0.00016853462111678005,0.0008409877593727339,840.9877593727339,0.9807665574827656,0.0003501414754653365,0.0017472059625720322,1747.2059625720321,0.9361953124346195
334.35,339.34000000000003,336.845,6.317640889113533e-07,3.152502803667659e-06,3.152502803667659,0.9999787334479204,5.639913792104427e-05,0.0002814316982260114,281.4316982260114,0.9956124115355561,0.0001609395675821428,0.000803088442234894,803.0884422348939,0.9815696459250005,0.00033926421453681473,0.0016929284305387086,1692.9284305387087,0.9378882408651582
339.34000000000003,344.33000000000004,341.83500000000004,5.495285708800365e-07,2.742147568691387e-06,2.742147568691387,0.9999814755954891,5.287066206573428e-05,0.00026382460370801453,263.82460370801454,0.9958762361392641,0.00015372052135498974,0.0007670654015614002,767.0654015614002,0.9823367113265619,0.0003287970147071083,0.0016406971033884733,1640.6971033884734,0.9395289379685466
344.33000000000004,349.32,346.82500000000005,4.780993716422807e-07,2.385715864494958e-06,2.385715864494958,0.9999838613113536,4.9573500518782454e-05,0.0002473717675887221,247.3717675887221,0.9961236079068528,0.00014685658404558382,0.0007328143543874563,732.8143543874563,0.9830695256809493,0.0003187206726877482,0.0015904161567118482,1590.4161567118483,0.9411193541252585
349.32,354.31,351.815,4.160408539542611e-07,2.0760438612317667e-06,2.0760438612317667,0.9999859373552149,4.649158311532766e-05,0.00023199299974548546,231.99299974548546,0.9963556009065984,0.00014032818424852307,0.0007002376394001314,700.2376394001315,0.9837697633203494,0.00030901709913158464,0.0015419953246666102,1541.9953246666103,0.9426613494499251
354.31,359.3,356.805,3.6211053743889043e-07,1.8069315818200665e-06,1.8069315818200664,0.9999877442867967,4.361003756037015e-05,0.00021761408742624743,217.61408742624744,0.9965732149940246,0.0001341169804728964,0.0006692437325597543,669.2437325597543,0.9844390070529091,0.0002996692403413962,0.0014953495093035698,1495.3495093035697,0.9441566989592286
359.3,364.29,361.795,3.152327258439544e-07,1.5730113019613352e-06,1.5730113019613352,0.9999893172980987,4.091509247367605e-05,0.00020416631144364386,204.16631144364385,0.9967773813054682,0.00012820577223494062,0.0006397468034523548,639.7468034523548,0.9850787538563615,0.0002906610064639013,0.00145039842225487,1450.39842225487,0.9456070973814835
364.29,369.28000000000003,366.785,2.74475797040988e-07,1.3696342272345326e-06,1.3696342272345325,0.999990686932326,3.83939890378431e-05,0.00019158600529883742,191.58600529883742,0.996968967310767,0.000122578418531933,0.0006116663084743467,611.6663084743467,0.9856904201648358,0.0002819772055514393,0.0014070662557016847,1407.0662557016847,0.9470141636371852
369.28000000000003,374.27000000000004,371.77500000000003,2.390326369159596e-07,1.1927728582106404e-06,1.1927728582106405,0.9999918797051842,3.60349004081387e-05,0.00017981415303661245,179.81415303661245,0.9971487814638036,0.00011721976300006588,0.0005849266173703298,584.9266173703298,0.9862753467822061,0.00027360348293992674,0.001365281379870237,1365.2813798702368,0.9483794450170554
374.27000000000004,379.26,376.765,2.0820377349716077e-07,1.0389368297508223e-06,1.0389368297508224,0.999992918642014,3.382685813345907e-05,0.00016879602208595915,168.79602208595915,0.9973175774858896,0.00011211556513304025,0.0005594566700138655,559.4566700138655,0.98683480345222,0.00026552626545011467,0.0013249760645960595,1324.9760645960594,0.9497044210816514
379.26,384.25,381.755,1.8138283167364647e-07,9.051003300514975e-07,0.9051003300514976,0.999993823742344,3.175968491774487e-05,0.00015848082773954717,158.48082773954715,0.9974760583136291,0.00010725243700339565,0.0005351896606469453,535.1896606469453,0.9873699931128669,0.00025773270997072597,0.001286086222753925,1286.086222753925,0.9509905073044054
384.25,389.24,386.745,1.5804398339347576e-07,7.886394771334455e-07,0.7886394771334455,0.9999946123818212,2.982393312181765e-05,0.00014882142627787036,148.82142627787036,0.997624879739907,0.00010261778498629786,0.0005120627470816272,512.0627470816272,0.9878820558599485,0.000250210656027619,0.001248551173577821,1248.5511735778211,0.9522390584779832
389.24,394.23,391.735,1.3773111473746177e-07,6.872782625399354e-07,0.6872782625399354,0.9999952996600837,2.8010828468061885e-05,0.00013977403405562907,139.77403405562907,0.9977646537739626,9.819975603658138e-05,0.000490016782622542,490.016782622542,0.988372072642571,0.00024294858198345957,0.0012123134240974655,1212.3134240974655,0.9534513719020806
394.23,399.22,396.725,1.200484709570023e-07,5.990418700754426e-07,0.5990418700754426,0.9999958987019538,2.6312218465708273e-05,0.00013129797014388452,131.29797014388453,0.9978959517441065,9.398718811514388e-05,0.0004689960686945688,468.9960686945688,0.9888410687112655,0.000235935564548166,0.0011773184670953506,1177.3184670953506,0.954628690369176
399.22,404.21000000000004,401.71500000000003,1.046525744695424e-07,5.222163466030175e-07,0.5222163466030175,0.9999964209183004,2.4720525123556445e-05,0.0001233554203665469,123.3554203665469,0.9980193071644731,8.996956440101593e-05,0.00044894812636107033,448.9481263610703,0.9892900168376266,0.00022916124131215951,0.001143514594147678,1143.514594147678,0.9557722049633236
404.21000000000004,409.20000000000005,406.70500000000004,9.124523978892653e-08,4.553137465467442e-07,0.4553137465467442,0.999996876232047,2.322870156058383e-05,0.00011591122078731352,115.91122078731351,0.9981352183852604,8.61369709612144e-05,0.00042982348509646063,429.8234850964606,0.9897198403227231,0.00022261577604272345,0.001110852722453192,1110.852722453192,0.9568830576857768
409.20000000000005,414.19,411.69500000000005,7.956753416319943e-08,3.9704199547436137e-07,0.39704199547436136,0.9999972732740425,2.1830192163685635e-05,0.00010893265889679027,108.93265889679027,0.9982441510441572,8.248005758236502e-05,0.00041157548733599753,411.57548733599754,0.990131415810059,0.00021628982650895656,0.001079286234279683,1079.286234279683,0.9579623439200564
414.19,419.18,416.685,6.939455391989311e-08,3.462788240602672e-07,0.3462788240602672,0.9999976195528666,2.0518895976358443e-05,0.00010238929092202882,102.38929092202882,0.9983465403350792,7.899000149651919e-05,0.0003941601074676315,394.16010746763146,0.9905255759175267,0.0002101745146232735,0.0010487708279701368,1048.7708279701367,0.9590111147480266
419.18,424.17,421.675,6.053090470444565e-08,3.0204921447518436e-07,0.30204921447518435,0.9999979216020811,1.9289133032979446e-05,9.625277383456762e-05,96.25277383456762,0.9984427931089137,7.565847375899842e-05,0.0003775357840574028,377.5357840574028,0.9909031117015841,0.00020426139870748225,0.0010192643795503382,1019.2643795503382,0.9600303791275769
424.17,429.16,426.665,5.280678938744805e-08,2.635058790433663e-07,0.26350587904336625,0.9999981851079601,1.8135613380883373e-05,9.049671077060819e-05,90.49671077060819,0.9985332898196844,7.247760805883116e-05,0.00036166326421356815,361.66326421356814,0.9912647749657977,0.00019854244770943117,0.0009907268140700632,990.7268140700633,0.961021105941647
429.16,434.15000000000003,431.65500000000003,4.607462078992997e-08,2.2991235774175096e-07,0.22991235774175095,0.9999984150203178,1.705340855708149e-05,8.50965086998368e-05,85.0965086998368,0.9986183863283842,6.943997176270975e-05,0.0003465054590959223,346.5054590959223,0.9916112804248935,0.00019301001721230965,0.0009631199858894269,963.1199858894269,0.9619842259275364
434.15000000000003,439.14000000000004,436.64500000000004,4.0206087855131364e-08,2.0062837839710586e-07,0.20062837839710587,0.9999986156486962,1.6037925308536633e-05,8.002924728959794e-05,80.02924728959795,0.9986984155756737,6.653853901166486e-05,0.0003320273096682082,332.0273096682082,0.9919433077345617,0.00018765682709312906,0.0009364075671947157,936.4075671947156,0.9629206334947311
439.14000000000004,444.13,441.635,3.508961375433162e-08,1.7509717263411312e-07,0.17509717263411312,0.9999987907458688,1.5084881364697118e-05,7.52735580098379e-05,75.2735580098379,0.9987736891336836,6.376666570606022e-05,0.00031819566187323744,318.19566187323744,0.9922615033964349,0.0001824759406998755,0.0009105549440923701,910.5549440923701,0.9638311884388235
444.13,449.12,446.625,3.062815288686105e-08,1.528344829054369e-07,0.1528344829054369,0.9999989435803518,1.4190283088757408e-05,7.08095126128996e-05,70.80951261289961,0.9988444986462964,6.111806622926794e-05,0.00030497915048404757,304.9791504840476,0.9925664825469189,0.00017746074542849657,0.0008855291196881995,885.5291196881994,0.9647167175585117
449.12,454.11,451.615,2.673728101943222e-08,1.3341903228696703e-07,0.13341903228696703,0.9999990769993841,1.335040485007976e-05,6.661852020189812e-05,66.61852020189812,0.9989111171664983,5.8586791773671215e-05,0.0002923480909506199,292.3480909506199,0.9928588306378695,0.00017260493459138722,0.0008612986236110237,861.2986236110238,0.9655780161821228
454.11,459.1,456.605,2.334353907720392e-08,1.1648425999524776e-07,0.11648425999524777,0.9999991934836441,1.2561769974576525e-05,6.268323217313697e-05,62.683232173136965,0.9989738003986715,5.616721014461866e-05,0.0002802743786216476,280.2743786216476,0.9931391050164912,0.00016790249047851318,0.0008378334274877823,837.8334274877823,0.9664158496096106
459.1,464.09000000000003,461.595,2.038299649349862e-08,1.017111525025583e-07,0.1017111525025583,0.9999992951947966,1.1821133142792792e-05,5.898745438253614e-05,58.987454382536136,0.9990327878530539,5.385398692876562e-05,0.00026873139477454094,268.73139477454095,0.9934078364112657,0.00016334766852086127,0.0008151048659190992,815.1048659190992,0.9672309544755296
464.09000000000003,469.08000000000004,466.58500000000004,1.780000467068584e-08,8.88220233067225e-08,0.08882202330672251,0.9999993840168199,1.1125464117096024e-05,5.551606594430926e-05,55.51606594430926,0.9990883039189983,5.164206792300761e-05,0.00025769391893580844,257.6939189358084,0.9936655303302016,0.00015893498247363357,0.000793085562543433,793.085562543433,0.9680240400380731
469.08000000000004,474.07,471.57500000000005,1.5546115107319848e-08,7.75751143855253e-08,0.07757511438552529,0.9999994615919342,1.0471932689910934e-05,5.225494412265506e-05,52.25494412265506,0.9991405588631209,4.952666272904587e-05,0.0002471380470179365,247.13804701793651,0.9939126683772195,0.0001546591905435945,0.0007717493608125291,771.7493608125292,0.9687957893988856
474.07,479.06,476.565,1.3579140196792454e-08,6.775990958199447e-08,0.06775990958199446,0.9999995293518438,9.85789475445236e-06,4.919089482471737e-05,49.19089482471737,0.9991897497579456,4.750322942662942e-05,0.00023704111483888123,237.0411148388812,0.9941497094920584,0.00015051528239131266,0.0007510712591326516,751.0712591326516,0.9695468606580182
479.06,484.05,481.555,1.186233767810356e-08,5.919306501373687e-08,0.059193065013736876,0.9999995885449088,9.280879408014507e-06,4.6311588245992475e-05,46.311588245992475,0.9992360613461916,4.556746024577144e-05,0.00022738162662639988,227.38162662639988,0.9943770911186848,0.00014649846694478067,0.0007310273500544569,731.0273500544569,0.9702778880080727
484.05,489.04,486.545,1.0363702286334322e-08,5.171487440880836e-08,0.051714874408808356,0.9999996402597832,8.738577005664951e-06,4.3605499258268184e-05,43.60549925826818,0.9992796668454499,4.371526816482257e-05,0.00021813918814246505,218.13918814246506,0.9945952303068273,0.0001426041609661109,0.0007115947632208947,711.5947632208946,0.9709894827712936
489.04,494.03000000000003,491.535,9.055350366006884e-09,4.518619832637443e-08,0.04518619832637443,0.9999996854459815,8.228828089249984e-06,4.10618521653575e-05,41.0618521653575,0.9993207286976152,4.194277436726318e-05,0.00020929444409264366,209.29444409264366,0.99480452475092,0.00013882797831773778,0.0006927516118055127,692.7516118055128,0.9716822343830991
494.03000000000003,499.02000000000004,496.52500000000003,7.91298512361456e-09,3.9485795766836726e-08,0.03948579576683672,0.9999997249317772,7.7496131230197e-06,3.867056948386837e-05,38.67056948386837,0.9993593992670992,4.0246296495516846e-05,0.00020082901951262944,200.82901951262943,0.9950053537704326,0.0001351657198788678,0.0006744769421955515,674.4769421955515,0.9723567113252947
499.02000000000004,504.01000000000005,501.51500000000004,6.915431848156166e-09,3.450800492229933e-08,0.03450800492229933,0.9999997594397821,7.299042972991552e-06,3.6422224435227914e-05,36.42222443522792,0.9993958214915344,3.862233764503614e-05,0.0001927254648487307,192.7254648487307,0.9951980792352814,0.0001316133640668382,0.0006567506866935238,656.7506866935238,0.9730134620119882
504.01000000000005,509.0,506.505,6.044233856543765e-09,3.0160726944153096e-08,0.030160726944153095,0.9999997896005091,6.875350072450228e-06,3.430799686152631e-05,34.30799686152631,0.9994301294883959,3.7067576046422974e-05,0.00018496720447164886,184.96720447164887,0.9953830464397531,0.0001281670579216208,0.0006395536190288817,639.5536190288817,0.9736530156310171
509.0,513.99,511.495,5.283301155231654e-09,2.6363672764606e-08,0.026363672764605998,0.9999998159641819,6.4768802207813765e-06,3.2319632301699125e-05,32.31963230169912,0.9994624491206976,3.5578855387458216e-05,0.00017753848838341683,177.53848838341682,0.9955605849281365,0.00012482310871496727,0.0006228673124876878,622.8673124876877,0.9742758829435049
513.99,518.98,516.485,4.61860487695661e-09,2.3046838336013526e-08,0.023046838336013526,0.9999998390110202,6.102084967204692e-06,3.0449403986351468e-05,30.449403986351467,0.9994928985246839,3.415317573067033e-05,0.00017042434689604525,170.42434689604525,0.9957310092750326,0.0001215779760486681,0.0006066741004828549,606.6741004828549,0.9748825570439877
518.98,523.97,521.475,4.037911474980575e-09,2.0149178260153108e-08,0.020149178260153108,0.9999998591601984,5.749514534949569e-06,2.8690077529398403e-05,28.6900775293984,0.9995215886022133,3.2787684985501354e-05,0.00016361054807765204,163.61054807765206,0.9958946198231102,0.00011842826440911967,0.0005909570394015082,590.9570394015083,0.9754735140833892
523.97,528.96,526.465,3.5305514563941583e-09,1.7617451767406884e-08,0.017617451767406884,0.9999998767776501,5.417811245042131e-06,2.7034878112760283e-05,27.034878112760282,0.999548623480326,3.14796708972668e-05,0.00015708355777736162,157.08355777736162,0.9960517033808876,0.00011537071614788011,0.0005756998735779228,575.6998735779229,0.9760492139569672
528.96,533.95,531.455,3.0872181278373815e-09,1.540521845790856e-08,0.01540521845790856,0.9999998921828686,5.10570340217922e-06,2.5477459976874352e-05,25.477459976874353,0.9995741009403029,3.022655351797443e-05,0.00015083050205469268,150.8305020546927,0.9962025338829422,0.00011240220486017476,0.0005608870022522731,560.8870022522731,0.9766101009592195
533.95,538.94,536.445,2.699792426041015e-09,1.3471964205944689e-08,0.01347196420594469,0.9999999056548328,4.81199960818343e-06,2.401187804483536e-05,24.01187804483536,0.9995981128183477,2.9025878126697354e-05,0.00014483913185222007,144.83913185222008,0.9963473730147945,0.00010951972913539763,0.0005465034483856352,546.5034483856352,0.9771566044076051
538.94,543.9300000000001,541.4350000000001,2.3611904244822465e-09,1.1782340218166432e-08,0.011782340218166432,0.999999917437173,4.535583471290379e-06,2.263256152173903e-05,22.63256152173903,0.9996207453798693,2.7875308569606386e-05,0.00013909778976233612,139.09778976233613,0.9964864708045568,0.00010672040665557034,0.0005325348292112969,532.5348292112969,0.9776891392368164
543.9300000000001,548.9200000000001,546.4250000000001,2.0652305570438678e-09,1.030550047964892e-08,0.01030550047964892,0.9999999277426734,4.275408682039777e-06,2.1334289323378528e-05,21.334289323378528,0.9996420796691927,2.6772620991977757e-05,0.00013359537874996924,133.59537874996923,0.9966200661833068,0.00010400146861947678,0.0005189673284111901,518.9673284111901,0.9782081065652276
548.9200000000001,553.91,551.415,1.8065179892341822e-09,9.01452476627838e-09,0.00901452476627838,0.9999999367571982,4.030494428847127e-06,2.0112167199946745e-05,20.112167199946747,0.9996621918363927,2.5715697936523096e-05,0.00012832133270324755,128.32133270324755,0.99674838751601,0.00010136025447180522,0.0005057876698142974,505.7876698142974,0.978713894235042
553.91,558.9,556.405,1.5803439053490858e-09,7.885916087691953e-09,0.007885916087691952,0.9999999446431144,3.799921128443031e-06,1.896160643093076e-05,18.96160643093076,0.9996811534428236,2.4702522784253155e-05,0.00012326558869342347,123.26558869342347,0.9968716531047035,9.879420691811305e-05,0.000492983092521385,492.983092521385,0.9792068773275634
558.9,563.89,561.395,1.3825977729173971e-09,6.899162886857824e-09,0.006899162886857824,0.9999999515422773,3.5828264482998654e-06,1.787830397701636e-05,17.87830397701636,0.9996990317468006,2.373117451580373e-05,0.00011841856083386084,118.41856083386084,0.9969900716655373,9.6300867207795e-05,0.00048054132736689793,480.5413273668979,0.9796874186549303
563.89,568.88,566.385,1.2096908998910494e-09,6.0363575904563475e-09,0.006036357590456348,0.9999999575786349,3.3784015999367914e-06,1.685822398368462e-05,16.85822398368462,0.9997158899707843,2.2799822772729653e-05,0.00011377111563592117,113.77111563592118,0.9971038427811733,9.387787066849062e-05,0.000468450574635769,468.450574635769,0.980155869229566
568.88,573.87,571.375,1.0584898205310288e-09,5.281864204449843e-09,0.005281864204449843,0.9999999628604991,3.1858878836186657e-06,1.589758053925717e-05,15.89758053925717,0.9997317875513235,2.19067231997278e-05,0.00010931454876664191,109.31454876664192,0.9972131573299399,9.152294247652602e-05,0.0004566994829578657,456.69948295786565,0.9806125687125239
573.87,578.86,576.365,9.262582372966041e-10,4.622028604110063e-09,0.004622028604110063,0.9999999674825277,3.0045734664550076e-06,1.4992821597610515e-05,14.992821597610515,0.9997467803729211,2.1050213050089594e-05,0.00010504056311994726,105.04056311994727,0.9973181978930599,8.923389364905194e-05,0.00044527712930876996,445.27712930877,0.9810578458418326
578.86,583.85,581.355,8.106064121603282e-10,4.044925996680045e-09,0.0040449259966800445,0.9999999715274537,2.8337903772738873e-06,1.4140613982596724e-05,14.140613982596724,0.9997609209869037,2.0228707037919504e-05,0.00010094124811921851,100.94124811921851,0.9974191391411791,8.700861724452538e-05,0.00043417300005018245,434.17300005018245,0.9814920188418829
583.85,588.84,586.345,7.094470450087258e-10,3.540140754593548e-09,0.003540140754593548,0.9999999750675944,2.672911702903051e-06,1.333782939748625e-05,13.337829397486251,0.9997742588163012,1.9440693421796718e-05,9.70090601747658e-05,97.00906017476579,0.9975161482013538,8.484508475909122e-05,0.00042337697294786593,423.3769729478659,0.9819153958148308
588.84,593.83,591.335,6.20956802059172e-10,3.0985744422752743e-09,0.0030985744422752743,0.9999999781661688,2.5213489716464714e-06,1.2581531368515915e-05,12.581531368515915,0.9997868403476697,1.8684730305610314e-05,9.323680422499564e-05,93.23680422499564,0.9976093850055788,8.274134270726147e-05,0.0004128793001092355,412.8793001092355,0.98232827511494
593.83,598.82,596.325,5.435427660463698e-10,2.71227840257139e-09,0.00271227840257139,0.9999999808784472,2.378549710807626e-06,1.1868963056930075e-05,11.868963056930076,0.9997987093107267,1.7959442143271992e-05,8.961761629492741e-05,89.61761629492742,0.9976990026218737,8.069550937606681e-05,0.0004026705917865741,402.6705917865741,0.9827309457067266
598.82,603.8100000000001,601.315,4.758131744875009e-10,2.374307740692634e-09,0.002374307740692634,0.999999983252755,2.24399516608914e-06,1.119753587878483e-05,11.19753587878483,0.9998099068466054,1.726351643491049e-05,8.61449470102035e-05,86.1449470102035,0.9977851475688839,7.870577174257364e-05,0.0003927418009954432,392.7418009954432,0.983123687507722
603.8100000000001,608.8000000000001,606.3050000000001,4.1655189451204764e-10,2.0785939536151217e-09,0.002078593953615122,0.9999999853313489,2.117198171599172e-06,1.0564818876279889e-05,10.564818876279888,0.9998204716654817,1.6595700602984725e-05,8.281254600889392e-05,82.81254600889392,0.9978679601148929,7.677038254532702e-05,0.00038308420890118255,383.08420890118254,0.9835067717166233
608.8000000000001,613.7900000000001,611.2950000000001,3.6469615417611816e-10,1.819833809338833e-09,0.001819833809338833,0.9999999871511828,1.997701160024739e-06,9.968528788523465e-06,9.968528788523464,0.9998304401942703,1.5954799037524267e-05,7.961444719724623e-05,79.61444719724624,0.9979475745620902,7.488765750089514e-05,0.0003736894109294674,373.6894109294674,0.9838804611275527
613.7900000000001,618.78,616.2850000000001,3.193171122891346e-10,1.5933923903227482e-09,0.0015933923903227482,0.9999999887445752,1.8850743032969397e-06,9.406520773451532e-06,9.406520773451533,0.9998398467150437,1.5339670300419953e-05,7.654495479909396e-05,76.54495479909396,0.9980241195168893,7.305597265726487e-05,0.00036454930355974406,364.54930355974403,0.9842450104311125
618.78,623.77,621.275,2.796029027914165e-10,1.3952184849291708e-09,0.0013952184849291708,0.9999999901397937,1.7789137747782922e-06,8.876779736143694e-06,8.876779736143694,0.9998487234947798,1.4749224479350278e-05,7.359863015195802e-05,73.59863015195802,0.9980977181470413,7.127376187636707e-05,0.0003556560717630723,355.6560717630723,0.9846006665028755
623.77,628.76,626.265,2.448438366993701e-10,1.221770745129859e-09,0.001221770745129859,0.9999999913615645,1.6788401246529826e-06,8.377412222018398e-06,8.377412222018398,0.9998571009070019,1.418242068254332e-05,7.077027920589129e-05,70.77027920589128,0.9981684884262472,6.953951443850318e-05,0.0003470021770481315,347.0021770481315,0.9849476686799236
628.76,633.75,631.255,2.1441948550428805e-10,1.0699532326663993e-09,0.0010699532326663992,0.9999999924315177,1.5844967608014153e-06,7.906638836399076e-06,7.906638836399076,0.9998650075458383,1.3638264666144793e-05,6.805494068406264e-05,68.05494068406264,0.9982365433669312,6.785177276190328e-05,0.000338580346081898,338.580346081898,0.9852862490260055
633.75,638.74,636.245,1.8778740547210623e-10,9.370591533058118e-10,0.0009370591533058118,0.9999999933685769,1.495548527994913e-06,7.462787154694629e-06,7.462787154694629,0.999872470332993,1.3115806586491915e-05,6.544787486659478e-05,65.44787486659477,0.9983019912417979,6.620913023106953e-05,0.00033038355985303753,330.3835598530375,0.9856166325858585
638.74,643.73,641.235,1.6447329324003593e-10,8.207217332677808e-10,0.0008207217332677809,0.9999999941892986,1.4116803787588002e-06,7.044285090006426e-06,7.044285090006426,0.999879514618083,1.2614138870085278e-05,6.294455296172566e-05,62.944552961725655,0.9983649357947596,6.461022912795498e-05,0.0003224050433484959,322.4050433484959,0.985939037629207
643.73,648.72,646.225,1.4406239004482566e-10,7.188713263236813e-10,0.0007188713263236813,0.9999999949081699,1.3325961297255718e-06,6.649654687330615e-06,6.6496546873306155,0.9998861642727703,1.2132394194508605e-05,6.054064703059805e-05,60.54064703059805,0.9984254764417902,6.305375866039606e-05,0.0003146382557153769,314.6382557153769,0.9862536758849224
648.72,653.71,651.215,1.26191975370159e-10,6.296979570970945e-10,0.0006296979570970945,0.9999999955378679,1.2580172977376753e-06,6.277506315711011e-06,6.277506315711011,0.9998924417790861,1.1669743573971342e-05,5.82320204341171e-05,58.2320204341171,0.9984837084622243,6.153845308255897e-05,0.00030707688088196984,307.0768808819698,0.9865607527658043
653.71,658.7,656.205,1.1054481122200688e-10,5.516186079978153e-10,0.0005516186079978153,0.9999999960894865,1.1876820103644658e-06,5.9265332317186955e-06,5.926533231718696,0.9998983683123178,1.1225394543545948e-05,5.601471877229438e-05,56.01471877229438,0.9985397231809966,6.0063089902479915e-05,0.0002997148186133753,299.7148186133753,0.9868604675844177
658.7,663.69,661.195,9.684341602535013e-11,4.83248645966498e-10,0.000483248645966498,0.9999999965727352,1.1213439858726707e-06,5.595506489504637e-06,5.595506489504637,0.9999039638188073,1.0798589436540003e-05,5.3884961288334714e-05,53.884961288334715,0.9985936081422849,5.8626488172075786e-05,0.0002925461759786587,292.5461759786587,0.9871530137603963
663.69,668.6800000000001,666.1850000000001,8.484506262660545e-11,4.2337686250676197e-10,0.00042337686250676197,0.9999999969961121,1.0587715780367097e-06,5.283270174403191e-06,5.283270174403191,0.9999092470889817,1.0388603749787172e-05,5.183913271143808e-05,51.83913271143808,0.9986454472749964,5.72275068552801e-05,0.0002855652592078482,285.5652592078482,0.9874385790196042
668.6800000000001,673.6700000000001,671.1750000000001,7.433740838127562e-11,3.70943667822566e-10,0.000370943667822566,0.9999999973670558,9.997468814965873e-07,4.98873693866798e-06,4.98873693866798,0.9999142358259203,9.994744591961655e-06,4.987377551388875e-05,49.87377551388875,0.9986953210505103,5.58650432702176e-05,0.0002787665659183863,278.76656591838633,0.9877173455855226
673.6700000000001,678.6600000000001,676.1650000000001,6.51346770647155e-11,3.2502203855293093e-10,0.00032502203855293093,0.9999999976920778,9.4406489366882e-07,4.71088381940742e-06,4.71088381940742,0.9999189467097397,9.616349210319022e-06,4.7985582559492e-05,47.985582559492,0.9987433066330698,5.453803160157196e-05,0.00027214477769184456,272.1447776918446,0.9879894903632145
678.6600000000001,683.65,681.155,5.7074322590612906e-11,2.8480086972715245e-10,0.0002848008697271524,0.9999999979768787,8.915327294918572e-07,4.448748320164274e-06,4.448748320164274,0.9999233954580599,9.252783591545732e-06,4.617139012181224e-05,46.17139012181224,0.9987894780231916,5.324544147952732e-05,0.00026569475298283577,265.6947529828358,0.9882551851161974
683.65,688.64,686.145,5.001411345243586e-11,2.495704261276554e-10,0.0002495704261276554,0.9999999982264491,8.419688855433395e-07,4.2014247388612714e-06,4.201424738861271,0.9999275968827988,8.903441132659326e-06,4.442817125197012e-05,44.42817125197012,0.9988339061944436,5.198627662187539e-05,0.00025941152034315867,259.41152034315866,0.9885145966365405
688.64,693.63,691.135,4.382958458791016e-11,2.187096270936721e-10,0.00021870962709367208,0.9999999984451587,7.952025503039101e-07,3.968060726016518e-06,3.9680607260165184,0.9999315649435248,8.567741378144759e-06,4.275302947694243e-05,42.75302947694243,0.9988766592239205,5.075957353607658e-05,0.0002532902719450226,253.29027194502257,0.9887678869084855
693.63,698.62,696.125,3.841181015352349e-11,1.9167493266608256e-10,0.00019167493266608257,0.9999999986368336,7.510729575625053e-07,3.7478540582369085e-06,3.7478540582369084,0.999935312797583,8.245128819739264e-06,4.1143192810499e-05,41.143192810499,0.998917802416731,4.956440027824808e-05,0.00024732635738845837,247.32635738845838,0.9890152132658739
698.62,703.61,701.115,3.366545661384958e-11,1.679906285031097e-10,0.00016799062850310971,0.9999999988048243,7.094287801625066e-07,3.5400496130109143e-06,3.5400496130109143,0.999938852847196,7.935071755490385e-06,3.9596008059897095e-05,39.596008059897095,0.9989573984247909,4.839985526622503e-05,0.00024151527777846335,241.51527777846334,0.9892567285436524
703.61,708.6,706.105,2.950708071116747e-11,1.4724033274872595e-10,0.00014724033274872596,0.9999999989520646,6.701275614779303e-07,3.343936531774878e-06,3.343936531774878,0.9999421967837278,7.637061204910726e-06,3.810893541250459e-05,38.10893541250459,0.9989955073602034,4.7265066144002136e-05,0.00023585268005857108,235.85268005857108,0.989492581223711
708.6,713.59,711.095,2.58636413818619e-11,1.2905957049549113e-10,0.00012905957049549112,0.9999999990811241,6.330351821851412e-07,3.1588455591038606e-06,3.1588455591038604,0.9999453556292869,7.350609877238241e-06,3.667954328741889e-05,36.67954328741889,0.9990321869034908,4.615918869501438e-05,0.0002303343515881222,230.3343515881222,0.9897229155752991
713.59,718.58,716.085,2.26711986122992e-11,1.1312928107537322e-10,0.00011312928107537322,0.9999999991942534,5.980253600593853e-07,2.984146546696338e-06,2.9841465466963384,0.9999483397758335,7.075251189985327e-06,3.5305503438026843e-05,35.30550343802685,0.9990674924069288,4.508140580185797e-05,0.00022495621495127166,224.95621495127165,0.9899478717902503
718.58,723.57,721.075,1.9873775652098685e-11,9.917014050397262e-11,9.917014050397262e-05,0.9999999992934235,5.649791806776848e-07,2.819246111581652e-06,2.819246111581652,0.9999511590219451,6.810538335122454e-06,3.398458629226111e-05,33.98458629226111,0.999101476993221,4.403092645018529e-05,0.000219714322986425,219.714322986425,0.9901675861132367
723.57,728.5600000000001,726.065,1.7422363991281514e-11,8.693759631649491e-11,8.69375963164949e-05,0.9999999993803611,5.33784657051193e-07,2.6635854386854577e-06,2.6635854386854576,0.9999538226073837,6.556043390394791e-06,3.2714656518070064e-05,32.714656518070065,0.9991341916497392,4.300698477463262e-05,0.0002146048540254172,214.60485402541718,0.9903821909672622
728.5600000000001,733.5500000000001,731.0550000000001,1.5274053115663518e-11,7.621752504716109e-11,7.62175250471611e-05,0.9999999994565786,5.043363163417331e-07,2.516638218545253e-06,2.516638218545253,0.9999563392456023,6.311356473413393e-06,3.149366880233289e-05,31.49366880233289,0.9991656853185414,4.200883914475665e-05,0.00020962410733233605,209.62410733233605,0.9905918150745946
733.5500000000001,738.5400000000001,736.0450000000001,1.3391269330824006e-11,6.682243396081191e-11,6.682243396081191e-05,0.999999999523401,4.7653481193973295e-07,2.377908711579272e-06,2.377908711579272,0.999958717154314,6.076084936296333e-06,3.031966383211876e-05,30.31966383211876,0.9991960049823736,4.1035771289065855e-05,0.00020476849873243898,204.76849873243899,0.990796583573327
738.5400000000001,743.5300000000001,741.0350000000001,1.1741109931523382e-11,5.858813855830178e-11,5.858813855830178e-05,0.9999999995819892,4.50286559294703e-07,2.246929930880572e-06,2.246929930880572,0.9999609640842448,5.849852598761201e-06,2.9190764467818448e-05,29.190764467818447,0.9992251957468414,4.008708545533604e-05,0.0002000345564221272,200.0345564221272,0.9909966181297492
743.5300000000001,748.52,746.0250000000001,1.0294760727552227e-11,5.1370856030484535e-11,5.137085603048453e-05,0.9999999996333601,4.255033939954976e-07,2.1232619360374885e-06,2.1232619360374883,0.9999630873461809,5.632299017688256e-06,2.8105172098263808e-05,28.105172098263807,0.9992533009189397,3.916210760549634e-05,0.00019541891695142263,195.41891695142263,0.9911920370467006
748.52,753.51,751.015,9.026986450931341e-12,4.5044662390147475e-11,4.504466239014748e-05,0.9999999996784047,4.0210225069636007e-07,2.0064902309748406e-06,2.0064902309748405,0.9999650938364119,5.423078791284265e-06,2.706116316850853e-05,27.061163168508532,0.9992803620821082,3.8260184643464075e-05,0.00019091832137088608,190.91832137088608,0.9913829553680714
753.51,758.5,756.005,7.915684891246384e-12,3.949926760731953e-11,3.949926760731953e-05,0.999999999717904,3.800048615767367e-07,1.8962242592679197e-06,1.8962242592679197,0.9999669900606711,5.221860896081274e-06,2.6057085871445606e-05,26.057085871445608,0.9993064191679797,3.7380683674391376e-05,0.0001865296115352133,186.52961153521332,0.9915694849796066
758.5,763.49,760.995,6.941496760184663e-12,3.4638068833321536e-11,3.463806883332153e-05,0.9999999997525421,3.5913747310855587e-07,1.792095990811697e-06,1.7920959908116971,0.999968782156662,5.028328055102094e-06,2.5091356994959494e-05,25.091356994959494,0.9993315105249746,3.6522991293868924e-05,0.00018224972655640626,182.24972655640627,0.9917517347061631
763.49,768.48,765.985,6.087464294403339e-12,3.0376446829072717e-11,3.0376446829072717e-05,0.9999999997829185,3.394305799844893e-07,1.6937585941226048e-06,1.6937585941226048,0.9999704759152561,4.8421761356162795e-06,2.416245891672528e-05,24.162458916725278,0.9993556729838913,3.5686512905706666e-05,0.0001780756993994766,178.0756993994766,0.9919298104055625
768.48,773.47,770.975,5.3387324863103665e-12,2.6640275106688778e-11,2.6640275106688778e-05,0.9999999998095588,3.2081867513518614e-07,1.6008851889245818e-06,1.6008851889245819,0.9999720768004451,4.663113574996573e-06,2.3268936739232943e-05,23.26893673923294,0.9993789419206305,3.48706720669844e-05,0.00017400465361425247,174.00465361425248,0.9921038150591768
773.47,778.46,775.965,4.682287601418886e-12,2.3364615131080286e-11,2.3364615131080288e-05,0.9999999998329234,3.032400148328326e-07,1.5131676740158374e-06,1.5131676740158375,0.9999735899681191,4.490860833267206e-06,2.24093955580034e-05,22.4093955580034,0.9994013513161885,3.407490985913144e-05,0.0001700338001970662,170.0338001970662,0.9922738488593739
778.46,783.45,780.955,4.106728312796035e-12,2.0492574280852253e-11,2.0492574280852252e-05,0.999999999853416,2.866363979431241e-07,1.4303156257361918e-06,1.4303156257361918,0.9999750202837449,4.325149871011634e-06,2.158249785634809e-05,21.58249785634809,0.9994229338140448,3.3298684283859074e-05,0.0001661604345764571,166.16043457645708,0.9924400092939504
783.45,788.44,785.945,3.60206537011869e-12,1.7974306196892297e-11,1.79743061968923e-05,0.9999999998713903,2.7095295844809627e-07,1.352055262656003e-06,1.352055262656003,0.9999763723390075,4.165723651379277e-06,2.078696102038263e-05,20.78696102038263,0.9994437207750652,3.2541469682828985e-05,0.00016238193371731694,162.38193371731694,0.9926023912276677
788.44,793.4300000000001,790.9350000000001,3.159546233742082e-12,1.576613570637302e-11,1.576613570637302e-05,0.9999999998871565,2.56137970418586e-07,1.2781284723887464e-06,1.2781284723887465,0.9999776504674799,4.012335664998577e-06,2.0021554968342935e-05,20.021554968342937,0.9994637423300335,3.180275617999744e-05,0.00015869575333818752,158.69575333818753,0.9927610869810058
793.4300000000001,798.4200000000001,795.9250000000001,2.7715015523776892e-12,1.3829792746364694e-11,1.3829792746364693e-05,0.9999999999009863,2.4214266466765784e-07,1.2082918966916149e-06,1.208291896691615,0.9999788587593765,3.864749476667273e-06,1.928509988856973e-05,19.28509988856973,0.9994830274299221,3.108204914562869e-05,0.00015509942523668746,155.09942523668747,0.9929161864062426
798.4200000000001,803.4100000000001,800.9150000000001,2.43121075466679e-12,1.2131741665787304e-11,1.2131741665787304e-05,0.999999999913118,2.2892105636539583e-07,1.1423160712633273e-06,1.1423160712633273,0.9999800010754478,3.7227382927510183e-06,1.8576464080827616e-05,18.576464080827616,0.999501603894003,3.0378868681020877e-05,0.00015159055471829444,151.59055471829444,0.9930677769609608
803.4100000000001,808.4000000000001,805.9050000000001,2.132784367277284e-12,1.0642593992713668e-11,1.0642593992713667e-05,0.9999999999237607,2.1642978294127157e-07,1.0799846168769471e-06,1.0799846168769471,0.9999810810600647,3.586084548277944e-06,1.789456189590697e-05,17.89456189590697,0.9995194984558989,2.969274912303606e-05,0.0001481668181239502,148.1668181239502,0.9932159437790847
808.4000000000001,813.39,810.895,1.871060971390423e-12,9.336594247238015e-12,9.336594247238016e-06,0.9999999999330973,2.04627951643086e-07,1.0210934786989778e-06,1.0210934786989778,0.9999821021535433,3.454579512770088e-06,1.723835176872238e-05,17.238351768722378,0.9995367368076676,2.9023238567570057e-05,0.00014482596045217155,144.82596045217156,0.9933607697395369
813.39,818.38,815.885,1.6415169710307342e-12,8.191169685443379e-12,8.191169685443378e-06,0.9999999999412884,1.9347699616143462e-07,9.654502108455605e-07,0.9654502108455605,0.9999830676037542,3.328022913903049e-06,1.6606834340376244e-05,16.606834340376246,0.999553343642008,2.8369898411140654e-05,0.0001415657930715921,141.5657930715921,0.9935023355326085
818.38,823.37,820.875,1.4401875753839753e-12,7.18653600116605e-12,7.18653600116605e-06,0.999999999948475,1.8294054176599664e-07,9.12873303412325e-07,0.912873303412325,0.9999839804770576,3.20622257813252e-06,1.5999050664881304e-05,15.999050664881304,0.9995693426926728,2.7732302909813387e-05,0.00013838419151996904,138.38419151996905,0.9936407197241285
823.37,828.36,825.865,1.263597597199348e-12,6.305352010024758e-12,6.305352010024758e-06,0.9999999999547804,1.7298427843482697e-07,8.631915493897881e-07,0.8631915493897881,0.999984843668607,3.0889940874712153e-06,1.5414080496481393e-05,15.414080496481393,0.9995847567731693,2.7110038754720698e-05,0.00013527909338605654,135.27909338605653,0.9937759988175145
828.36,833.35,830.855,1.1087008442093518e-12,5.5324172126046755e-12,5.5324172126046756e-06,0.9999999999603129,1.6357584149044286e-07,8.162434490373114e-07,0.8162434490373114,0.999985659912056,2.976160451641874e-06,1.485104065369298e-05,14.85104065369298,0.999599607813823,2.650270466346752e-05,0.00013224849627070317,132.24849627070319,0.9939082473137852
833.35,838.34,835.845,9.728270333914806e-13,4.854406896623497e-12,4.854406896623497e-06,0.9999999999651673,1.5468469928699457e-07,7.718766494421043e-07,0.7718766494421042,0.9999864317887055,2.8675517948720294e-06,1.4309083456411452e-05,14.309083456411452,0.9996139168972794,2.5909910986749495e-05,0.00012929045582388022,129.29045582388022,0.9940375377696091
838.34,843.33,840.835,8.536352916056045e-13,4.2596401051119744e-12,4.259640105111974e-06,0.9999999999694269,1.4628204752129872e-07,7.29947417131282e-07,0.729947417131282,0.9999871617361227,2.763005056633779e-06,1.3787395232602582e-05,13.787395232602583,0.999627704292512,2.533127932954257e-05,0.00012640308385441766,126.40308385441766,0.9941639408534635
843.33,848.32,845.825,7.490734230857633e-13,3.737876381197966e-12,3.737876381197966e-06,0.9999999999731648,1.383407097671948e-07,6.903201417383033e-07,0.6903201417383034,0.9999878520562644,2.6623637056674273e-06,1.3285194891280486e-05,13.285194891280486,0.9996409894874033,2.4766442186252756e-05,0.00012358454650940147,123.58454650940146,0.9942875253999729
848.32,853.3100000000001,850.815,6.57342226555239e-13,3.2801377105106485e-12,3.2801377105106486e-06,0.999999999976445,1.3083504385760428e-07,6.528668688494466e-07,0.6528668688494466,0.9999885049231333,2.565477466661534e-06,1.2801732558641079e-05,12.80173255864108,0.999653791219962,2.421504258924395e-05,0.00012083306252032754,120.83306252032754,0.9944083584624932
853.3100000000001,858.3000000000001,855.8050000000001,5.768642342122978e-13,2.878552528719371e-12,2.878552528719371e-06,0.9999999999793235,1.237408537620238e-07,6.174668602725e-07,0.6174668602725,0.9999891223899936,2.4722020589935793e-06,1.2336288274377983e-05,12.336288274377983,0.9996661275082364,2.367673377018913e-05,0.00011814690151324397,118.14690151324398,0.9945265053640064
858.3000000000001,863.2900000000001,860.7950000000001,5.062563231121628e-13,2.5262190523296972e-12,2.526219052329697e-06,0.9999999999818497,1.170353066290036e-07,5.84006180078729e-07,0.584006180078729,0.9999897063961737,2.382398946965614e-06,1.1888170745358436e-05,11.888170745358437,0.9996780156789817,2.3151178833715634e-05,0.00011552438238024123,115.52438238024122,0.9946420297463867
863.2900000000001,868.2800000000001,865.7850000000001,4.4430571795518813e-13,2.217085532596393e-12,2.217085532596393e-06,0.9999999999840669,1.1069685468360656e-07,5.523773048711978e-07,0.5523773048711977,0.9999902587734786,2.295935100997597e-06,1.145671615397803e-05,11.45671615397803,0.9996894723951357,2.263805044284023e-05,0.00011296387170977295,112.96387170977295,0.9947549936180965
868.2800000000001,873.27,870.7750000000001,3.8994896421205947e-13,1.945845331418136e-12,1.945845331418136e-06,0.9999999999860127,1.0470516168897408e-07,5.224787568279697e-07,0.5224787568279697,0.9999907812522354,2.212682769267999e-06,1.1041287018647085e-05,11.041287018647084,0.9997005136821544,2.2137030515712832e-05,0.00011046378227340472,110.46378227340472,0.9948654574003699
873.27,878.26,875.765,3.42253502948729e-13,1.7078449797141606e-12,1.7078449797141606e-06,0.9999999999877206,9.904103369902848e-08,4.94214758158153e-07,0.494214758158153,0.9999912754669935,2.1325192593167645e-06,1.0641271103990674e-05,10.641271103990674,0.9997111549532584,2.164780993320956e-05,0.00010802257156671589,108.0225715667159,0.9949734799719366
878.26,883.25,880.755,3.004015245958275e-13,1.499003607733182e-12,1.499003607733182e-06,0.9999999999892196,9.368635384612479e-08,4.674949056921635e-07,0.4674949056921635,0.9999917429618992,2.0553267291496376e-06,1.025608037845671e-05,10.25608037845671,0.9997214110336368,2.1170088256937083e-05,0.00010563874040211624,105.63874040211624,0.9950791187123388
883.25,888.24,885.745,2.636758190608995e-13,1.315742337113891e-12,1.3157423371138909e-06,0.9999999999905353,8.862402092316611e-08,4.4223386440659974e-07,0.44223386440659973,0.9999921851957636,1.9809919874058398e-06,9.885150017155158e-06,9.885150017155159,0.999731296183654,2.0703573457229922e-05,0.0001033108315515775,103.3108315515775,0.9951824295438904
888.24,893.23,890.735,2.3144737472421583e-13,1.154922399873839e-12,1.154922399873839e-06,0.9999999999916903,8.383789153441704e-08,4.183510787567418e-07,0.4183510787567418,0.9999926035468424,1.9094063021724357e-06,9.527937447840472e-06,9.527937447840472,0.9997408241211018,2.024798165074131e-05,0.00010103742843719932,101.03742843719932,0.9952834669723275
893.23,898.22,895.725,2.0316450961810097e-13,1.0137909029943257e-12,1.0137909029943258e-06,0.9999999999927041,7.931272560303413e-08,3.9577050075914107e-07,0.39577050075914105,0.9999929993173431,1.8404652180493503e-06,9.183921438066275e-06,9.183921438066275,0.9997500080425399,1.980303684724597e-05,9.881715386775758e-05,98.81715386775758,0.9953822841261952
898.22,903.21,900.715,1.783433450138215e-13,8.899332916189709e-13,8.899332916189709e-07,0.999999999993594,7.503413503625443e-08,3.744203338309103e-07,0.3744203338309103,0.9999933737376769,1.7740683810882473e-06,8.85260122163037e-06,8.85260122163037,0.9997588606437615,1.9368470705290475e-05,9.664866881939964e-05,96.64866881939965,0.9954789327950146
903.21,908.2,905.705,1.5655945520909908e-13,7.812316814934058e-13,7.812316814934059e-07,0.9999999999943753,7.098853536129119e-08,3.542327914528437e-07,0.3542327914528437,0.9999937279704684,1.7101193712468203e-06,8.53349566252165e-06,8.53349566252165,0.9997673941394241,1.894402229634288e-05,9.453067125875114e-05,94.53067125875114,0.9955734634662734
908.2,913.19,910.695,1.3744054794260538e-13,6.858283342336021e-13,6.858283342336021e-07,0.9999999999950611,6.716310015633227e-08,3.351438697800987e-07,0.3351438697800987,0.9999940631143381,1.648525542017511e-06,8.226142454667395e-06,8.226142454667395,0.9997756202818787,1.852943787710864e-05,9.246189500677229e-05,92.4618950067723,0.9956659253612802
913.19,918.1800000000001,915.6850000000001,1.2066004792615664e-13,6.020936391515227e-13,6.020936391515227e-07,0.9999999999956631,6.354571811168348e-08,3.1709313337730116e-07,0.31709313337730116,0.9999943802074716,1.589197866906037e-06,7.930097355861139e-06,7.930097355861139,0.9997835503792346,1.812447066969456e-05,9.0441108641776e-05,90.44110864177601,0.9957563664699219
918.1800000000001,923.1700000000001,920.6750000000001,1.0593147180172118e-13,5.285980442905897e-13,5.285980442905897e-07,0.9999999999961917,6.012495256606847e-08,3.000235133046822e-07,0.3000235133046822,0.9999946802309848,1.532050792450842e-06,7.644933454329717e-06,7.644933454329717,0.9997911953126889,1.7728880649316485e-05,8.846711444008942e-05,88.46711444008942,0.995844833584362
923.1700000000001,928.1600000000001,925.6650000000001,9.30034966792807e-14,4.640874484296116e-13,4.640874484296116e-07,0.9999999999966558,5.689000337246075e-08,2.8388111682857964e-07,0.28388111682857964,0.9999949641121016,1.4770020974893389e-06,7.3702404664718145e-06,7.370240466471815,0.9997985655531554,1.7342434339259482e-05,8.653874735290498e-05,86.53874735290498,0.9959313723317149
928.1600000000001,933.1500000000001,930.6550000000001,8.165563653861525e-14,4.074616263276908e-13,4.0746162632769083e-07,0.9999999999970632,5.383067095659101e-08,2.6861504807338965e-07,0.26861504807338965,0.9999952327271497,1.423972758390876e-06,7.105624064370484e-06,7.105624064370484,0.9998056711772197,1.6964904612812015e-05,8.46548740179321e-05,84.6548740179321,0.9960160272057329
933.1500000000001,938.14,935.645,7.169445139793697e-14,3.57755312475698e-13,3.57755312475698e-07,0.999999999997421,5.09373224395117e-08,2.5417723897315806e-07,0.2541772389731581,0.9999954869043887,1.3728868199897605e-06,6.850705231748761e-06,6.850705231748761,0.9998125218824515,1.659607050190759e-05,8.281439180451714e-05,82.81439180451714,0.9960988415975374
938.14,943.13,940.635,6.295022345281504e-14,3.141216150295476e-13,3.1412161502954757e-07,0.999999999997735,4.8200859703317086e-08,2.405222899195527e-07,0.2405222899195527,0.9999957274266786,1.3236712719642314e-06,6.6051196471015265e-06,6.605119647101526,0.9998191270020986,1.6235717012218675e-05,8.101622789097134e-05,81.01622789097134,0.9961798578254283
943.13,948.12,945.625,5.5274042534476455e-14,2.75817472247038e-13,2.75817472247038e-07,0.9999999999980108,4.5612689286368885e-08,2.2760731953898115e-07,0.22760731953898114,0.9999959550339982,1.276255930419422e-06,6.368517092792928e-06,6.368517092792928,0.9998254955191914,1.58836349444587e-05,7.925933837284905e-05,79.25933837284904,0.9962591171638011
948.12,953.11,950.615,4.8535250371065766e-14,2.421908993516186e-13,2.4219089935161863e-07,0.999999999998253,4.316469400117443e-08,2.153918230658608e-07,0.2153918230658608,0.9999961704258212,1.2305733244436218e-06,6.1405608889736836e-06,6.140560888973684,0.9998316360800804,1.553962072165811e-05,7.75427074010741e-05,77.5427074010741,0.9963366598712022
953.11,958.1,955.605,4.26191993847721e-14,2.1266980493001316e-13,2.1266980493001315e-07,0.9999999999984657,4.0849206174446995e-08,2.0383753881049088e-07,0.20383753881049088,0.9999963742633601,1.186558587418112e-06,5.92092735121639e-06,5.92092735121639,0.9998375570074316,1.5203476222190558e-05,7.586534634873102e-05,75.86534634873102,0.996412525217551
958.1,963.09,960.595,3.742528723193695e-14,1.8675218328736572e-13,1.8675218328736573e-07,0.9999999999986524,3.865898241487205e-08,1.9290832225021186e-07,0.19290832225021187,0.9999965671716823,1.1441493528710678e-06,5.7093052708266385e-06,5.709305270826638,0.9998432663127024,1.4875008618334471e-05,7.422629300548915e-05,74.22629300548915,0.9964867515105564
963.09,968.08,965.585,3.286523308880194e-14,1.63997513113122e-13,1.6399751311312198e-07,0.9999999999988164,3.6587179819723384e-08,1.8257002730042003e-07,0.18257002730042002,0.9999967497417096,1.1032856546758103e-06,5.505395416832303e-06,5.505395416832303,0.9998487717081193,1.4554030220164404e-05,7.26246107986205e-05,72.62461079862051,0.996559376121355
968.08,973.07,970.575,2.8861565886793675e-14,1.440192137751007e-13,1.440192137751007e-07,0.9999999999989604,3.462733353675865e-08,1.7279039434842597e-07,0.17279039434842597,0.9999969225321039,1.0639098314030234e-06,5.308910058701097e-06,5.3089100587010964,0.9998540806181779,1.4240358324574967e-05,7.105938803962921e-05,71.05938803962921,0.9966304355093947
973.07,978.0600000000001,975.565,2.5346298382015042e-14,1.264780289262553e-13,1.264780289262553e-07,0.9999999999990868,3.277333560277909e-08,1.6353894465786794e-07,0.16353894465786795,0.9999970860710485,1.025966434645322e-06,5.119572508880166e-06,5.119572508880166,0.9998592001906869,1.3933815069248484e-05,6.952973719555007e-05,69.52973719555007,0.9966999652465902
978.0600000000001,983.0500000000001,980.5550000000001,2.225976416859267e-14,1.1107622320127763e-13,1.1107622320127763e-07,0.9999999999991979,3.101941498489949e-08,1.5478688077464875e-07,0.15478688077464875,0.9999972408579293,9.894021411410115e-07,4.937116684293657e-06,4.937116684293657,0.9998641373073711,1.3634227291385e-05,6.803479418401127e-05,68.03479418401128,0.9967680000407743
983.0500000000001,988.0400000000001,985.5450000000001,1.954959757128612e-14,9.755249188071791e-14,9.75524918807179e-08,0.9999999999992955,2.9360118754945614e-08,1.4650699258717888e-07,0.1465069925871789,0.9999973873649218,9.541656685318292e-07,4.761286685973837e-06,4.761286685973837,0.9998688985940571,1.3341426391021009e-05,6.657371769119495e-05,66.57371769119496,0.9968345737584654
988.0400000000001,993.0300000000001,990.5350000000001,1.7169838828860727e-14,8.567749575601518e-14,8.567749575601518e-08,0.9999999999993812,2.779029433150932e-08,1.3867356871423177e-07,0.13867356871423178,0.9999975260384906,9.202076945970435e-07,4.591836396039256e-06,4.591836396039256,0.9998734904304531,1.3055248198770189e-05,6.514568851186337e-05,65.14568851186337,0.9968997194469773
993.0300000000001,998.0200000000001,995.5250000000001,1.5080149149538492e-14,7.524994425619721e-14,7.524994425619721e-08,0.9999999999994564,2.6305072728049494e-08,1.312623129129672e-07,0.1312623129129672,0.9999976573008035,8.874807798135445e-07,4.428529091269595e-06,4.428529091269595,0.9998779189595444,1.2775532847826164e-05,6.374990891065268e-05,63.74990891065268,0.996963469355888
998.0200000000001,1003.01,1000.5150000000001,1.324512212134551e-14,6.609315938551271e-14,6.60931593855127e-08,0.9999999999995225,2.4899852749057623e-08,1.2425026521779493e-07,0.12425026521779493,0.9999977815510687,8.559392930983812e-07,4.271137072560833e-06,4.271137072560832,0.9998821900966169,1.2502124650073846e-05,6.238560200386719e-05,62.385602003867184,0.9970258549578919
1003.01,1008.0,1005.505,1.1633679626644236e-14,5.805206133695485e-14,5.805206133695485e-08,0.9999999999995806,2.357028607971334e-08,1.1761572753776978e-07,0.11761572753776979,0.9999978991667962,8.255393405967734e-07,4.1194413095779066e-06,4.1194413095779066,0.9998863095379266,1.223487197616214e-05,6.105201116104919e-05,61.05201116104919,0.9970869069690529
1008.0,1012.99,1010.495,1.021854187068536e-14,5.0990523934720037e-14,5.0990523934720035e-08,0.9999999999996315,2.2312263217661543e-08,1.113381934561313e-07,0.1113381934561313,0.9999980105049896,7.962386973848241e-07,3.973231099950279e-06,3.9732310999502793,0.9998902827690265,1.1973627139396462e-05,5.9748399425588454e-05,59.74839942558845,0.9971466553684785
1012.99,1017.98,1015.485,8.975762414154407e-15,4.4789054446630575e-14,4.4789054446630576e-08,0.9999999999996763,2.1121900198552957e-08,1.0539828199077944e-07,0.10539828199077944,0.9999981159032716,7.679967419620863e-07,3.8323037423908176e-06,3.8323037423908177,0.9998941150727688,1.1718246283315472e-05,5.847404895374431e-05,58.47404895374431,0.9972051294174322
1017.98,1022.97,1020.475,7.884320221755719e-15,3.934275790656111e-14,3.9342757906561115e-08,0.9999999999997156,1.999552606982081e-08,9.977767508840603e-08,0.09977767508840603,0.9999982156809467,7.407743934147753e-07,3.696464223139736e-06,3.6964642231397358,0.999897811536992,1.146858927282146e-05,5.7228260471379195e-05,57.228260471379194,0.9972623576779036
1022.97,1027.96,1025.4650000000001,6.925761722437513e-15,3.4559550994963254e-14,3.4559550994963256e-08,0.9999999999997501,1.892967106982926e-08,9.445905863844818e-08,0.09445905863844818,0.9999983101400054,7.145340511357683e-07,3.5655249151674905e-06,3.5655249151674906,0.9999013770619072,1.1224519588739311e-05,5.601035274780926e-05,56.010352747809264,0.9973183680306514
1027.96,1032.95,1030.455,6.083886739056184e-15,3.0358594827890414e-14,3.0358594827890417e-08,0.9999999999997804,1.792105547202969e-08,8.942606680542831e-08,0.08942606680542832,0.9999983995660722,6.892395369926735e-07,3.4393052895934472e-06,3.439305289593447,0.9999048163671967,1.0985904225683618e-05,5.481966208616135e-05,54.81966208616135,0.9973731876927376
1032.95,1037.94,1035.4450000000002,5.344472901112278e-15,2.6668919776550318e-14,2.666891977655032e-08,0.999999999999807,1.6966579056115265e-08,8.466322949001533e-08,0.08466322949001533,0.9999984842293017,6.648560398400703e-07,3.317631638801957e-06,3.3176316388019567,0.9999081339988356,1.075261359311827e-05,5.365554182966027e-05,53.655541829660265,0.9974268432345673
1037.94,1042.93,1040.435,4.695033816822196e-15,2.34282187459428e-14,2.34282187459428e-08,0.9999999999998305,1.606331117037782e-08,8.015592274018547e-08,0.08015592274018547,0.9999985643852245,6.413500622767253e-07,3.2003368107608647e-06,3.2003368107608647,0.9999113343356464,1.0524521419497719e-05,5.251736188329371e-05,52.51736188329371,0.9974793605964506
1042.93,1047.92,1045.4250000000002,4.124606861729207e-15,2.058178824002878e-14,2.058178824002878e-08,0.999999999999851,1.5208481351549372e-08,7.58903219442315e-08,0.0758903219442315,0.9999986402755464,6.186893695529114e-07,3.0872599540690335e-06,3.0872599540690335,0.9999144215956004,1.03015046593826e-05,5.140450825031927e-05,51.40450825031927,0.997530765104701
1047.92,1052.91,1050.415,3.623566950409424e-15,1.8081599082543057e-14,1.8081599082543057e-08,0.9999999999998691,1.4399470470373072e-08,7.185335764716176e-08,0.07185335764716176,0.999998712128904,5.968429405372864e-07,2.9782462732810648e-06,2.978246273281065,0.9999173998418737,1.008344340342762e-05,5.0316382583103914e-05,50.316382583103916,0.9975810814872841
1052.91,1057.9,1055.4050000000002,3.183463104422164e-15,1.5885480891066625e-14,1.5885480891066624e-08,0.999999999999885,1.3633802372984569e-08,6.803267384119312e-08,0.06803267384119312,0.9999987801615778,5.757809206566638e-07,2.8731467940767575e-06,2.8731467940767574,0.9999202729886677,9.870220791142372e-06,4.925240174780052e-05,49.25240174780052,0.9976303338890319
1057.9,1062.89,1060.395,2.79687502125146e-15,1.395640635604481e-14,1.395640635604481e-08,0.999999999999899,1.2909135989922904e-08,6.44165885897154e-08,0.0644165885897154,0.9999988445781665,5.554745767259695e-07,2.771818137862593e-06,2.771818137862593,0.9999230448068056,9.661722926330726e-06,4.821199740239041e-05,48.21199740239041,0.9976785458864342
1062.89,1067.88,1065.3850000000002,2.457287192362324e-15,1.2261863089888018e-14,1.2261863089888018e-08,0.9999999999999112,1.2223257886214879e-08,6.099405685221236e-08,0.060994056852212354,0.9999989055722233,5.358962535891904e-07,2.674122305410065e-06,2.674122305410065,0.999925718929111,9.45783879511684e-06,4.719461558763312e-05,47.194615587633116,0.9977257405020219
1067.88,1072.8700000000001,1070.375,2.158978419612398e-15,1.0773302313865885e-14,1.0773302313865885e-08,0.999999999999922,1.1574075227516015e-08,5.775463538530502e-08,0.05775463538530502,0.9999989633268587,5.170193324957227e-07,2.579926469153661e-06,2.5799264691536608,0.9999282988555801,9.258460186470516e-06,4.619971633048796e-05,46.19971633048796,0.9977719402183524
1072.8700000000001,1077.8600000000001,1075.3650000000002,1.8969248433198675e-15,9.465654968166157e-15,9.465654968166157e-09,0.9999999999999314,1.0959609138729867e-08,5.468844960226213e-08,0.05468844960226213,0.9999990180153083,4.988181911397186e-07,2.4891027737872005e-06,2.4891027737872005,0.9999307879583539,9.063481615146767e-06,4.522677325958245e-05,45.226773259582444,0.9978171669916119
1077.8600000000001,1082.8500000000001,1080.355,1.6667148268701115e-15,8.316906986081871e-15,8.316906986081872e-09,0.9999999999999397,1.0377988432890764e-08,5.178616228012501e-08,0.05178616228012501,0.9999990698014706,4.812681652933183e-07,2.4015281448136626e-06,2.4015281448136627,0.9999331894864987,8.872800246958762e-06,4.4275273232324304e-05,44.2752732323243,0.9978614422648443
1082.8500000000001,1087.8400000000001,1085.3450000000003,1.4644742458419218e-15,7.307726486751203e-15,7.3077264867512025e-09,0.999999999999947,9.827443689369426e-09,4.9038944009953526e-08,0.049038944009953525,0.9999991188404146,4.643455119675386e-07,2.317084104718022e-06,2.3170841047180217,0.9999355065706034,8.6863158263053e-06,4.334471597326353e-05,43.34471597326353,0.9979047869808175
1087.8400000000001,1092.8300000000002,1090.335,1.2868009077668724e-15,6.421136529756705e-15,6.421136529756705e-09,0.9999999999999535,9.306301661668845e-09,4.6438445291727625e-08,0.04643844529172762,0.9999991652788599,4.4802737403759325e-07,2.2356565964475944e-06,2.2356565964475945,0.9999377422271998,8.503930605877916e-06,4.243461372333088e-05,42.43461372333088,0.9979472215945409
1092.8300000000002,1097.82,1095.325,1.1307069848712703e-15,5.642227854507392e-15,5.6422278545073915e-09,0.9999999999999591,8.81297999620708e-09,4.397677018107141e-08,0.043976770181071406,0.9999992092556301,4.322917462720507e-07,2.157135813897439e-06,2.157135813897439,0.9999398993630136,8.325549278474476e-06,4.154449089958582e-05,41.54449089958582,0.9979887660854404
1097.82,1102.81,1100.315,9.93568479191445e-16,4.9579067111653195e-15,4.957906711165319e-09,0.9999999999999641,8.345982244554168e-09,4.1646451400325376e-08,0.04164645140032538,0.9999992509020815,4.171174427079507e-07,2.0814160391126778e-06,2.081416039112678,0.9999419807790527,8.151078910849857e-06,4.067388376514086e-05,40.67388376514086,0.9980294399692056
1102.81,1107.8,1105.3049999999998,8.730808596587079e-16,4.356673489696961e-15,4.356673489696961e-09,0.9999999999999685,7.90389315259183e-09,3.9440426831433305e-08,0.039440426831433305,0.9999992903425083,4.0248406531643215e-07,2.008395485929e-06,2.008395485929,0.9999439891745386,7.98042887953596e-06,3.9822340108884516e-05,39.82234010888452,0.9980692623093145
1107.8,1112.79,1110.295,7.672201161951987e-16,3.828428379814048e-15,3.828428379814048e-09,0.9999999999999722,7.485374211012786e-09,3.735201731295387e-08,0.03735201731295387,0.9999993276945257,3.8837197390584185e-07,1.9379761497901544e-06,1.9379761497901544,0.9999459271506884,7.813510808566384e-06,3.8989418934746325e-05,38.989418934746325,0.9981082517282492
1112.79,1117.78,1115.2849999999999,6.742085683608482e-16,3.364300756120639e-15,3.364300756120639e-09,0.9999999999999756,7.089159452466188e-09,3.5374905667806344e-08,0.03537490566780634,0.9999993630694314,3.7476225721158447e-07,1.87006366348581e-06,1.8700636634858099,0.9999477972143519,7.650238509043275e-06,3.8174690160126014e-05,38.17469016012601,0.9981464264184093
1117.78,1122.77,1120.275,5.924848472371603e-16,2.956499387713435e-15,2.956499387713435e-09,0.9999999999999786,6.714051481494712e-09,3.350311689265867e-08,0.03350311689265867,0.9999993965725483,3.616367051241002e-07,1.8045671585692632e-06,1.8045671585692633,0.9999496017815105,7.49052792048587e-06,3.737773432322456e-05,37.37773432322456,0.9981838041527326
1122.77,1127.76,1125.2649999999999,5.206775404228186e-16,2.5981809267098692e-15,2.5981809267098693e-09,0.9999999999999811,6.358917724199782e-09,3.173099944375697e-08,0.03173099944375697,0.9999994283035478,3.48977782008509e-07,1.7413991322224632e-06,1.7413991322224633,0.9999513431806427,7.3342970539030985e-06,3.659814229897653e-05,36.598142298976526,0.9982204022950315
1127.76,1132.75,1130.255,4.575820524713386e-16,2.2833344418319835e-15,2.2833344418319835e-09,0.9999999999999835,6.022686885314394e-09,3.005320755771888e-08,0.03005320755771888,0.9999994583567554,3.3676860107135784e-07,1.6804753193460786e-06,1.6804753193460786,0.9999530236559621,7.181465936533803e-06,3.583551502330375e-05,35.83551502330375,0.9982562378100548
1132.75,1137.74,1135.245,4.0214028789768737e-16,2.0066800366094637e-15,2.0066800366094637e-09,0.9999999999999855,5.704345601065973e-09,2.846468454931926e-08,0.028464684549319257,0.9999994868214399,3.2499289973188663e-07,1.6217145696621173e-06,1.6217145696621174,0.9999546453705317,7.031956558201121e-06,3.508946322542366e-05,35.08946322542366,0.9982913272732802
1137.74,1142.73,1140.2350000000001,3.5342281195787696e-16,1.7635798316698093e-15,1.7635798316698093e-09,0.9999999999999872,5.4029352768701024e-09,2.696064703158186e-08,0.02696064703158186,0.999999513782087,3.13635015956964e-07,1.5650387296252533e-06,1.5650387296252533,0.9999562104092613,6.885692819228546e-06,3.435960716795051e-05,34.35960716795051,0.9983256868804481
1142.73,1147.72,1145.225,3.106131865902103e-16,1.5499598010851522e-15,1.5499598010851522e-09,0.9999999999999888,5.11754909952063e-09,2.553657000660799e-08,0.02553657000660799,0.9999995393186569,3.026798655206418e-07,1.5103725289480055e-06,1.5103725289480054,0.9999577207817902,6.742600479867966e-06,3.3645576394541214e-05,33.645576394541216,0.9983593324568426
1147.72,1152.71,1150.2150000000001,2.7299421592117995e-16,1.3622411374466904e-15,1.3622411374466905e-09,0.9999999999999901,4.847329214125806e-09,2.4188172778487815e-08,0.024188172778487817,0.9999995635068297,2.921129201508641e-07,1.4576434715528144e-06,1.4576434715528144,0.9999591784252618,6.6026071111908655e-06,3.294700948484248e-05,32.947009484842475,0.9983922794663275
1152.71,1157.7,1155.205,2.399358682190183e-16,1.1972799824129035e-15,1.1972799824129034e-09,0.9999999999999913,4.59146405659481e-09,2.2911405642408143e-08,0.022911405642408143,0.9999995864182354,2.819201865275108e-07,1.4067817307722815e-06,1.4067817307722814,0.9999605852069926,6.465642047396434e-06,3.2263553816508264e-05,32.263553816508264,0.9984245430201439
1157.7,1162.69,1160.1950000000002,2.1088466967897437e-16,1.052314501698084e-15,1.052314501698084e-09,0.9999999999999923,4.349185832997782e-09,2.170243730665897e-08,0.02170243730665897,0.9999996081206727,2.7208818609740363e-07,1.3577200486260465e-06,1.3577200486260466,0.9999619429270412,6.3316363394912066e-06,3.159486533406118e-05,31.594865334061176,0.998456137885478
1162.69,1167.68,1165.185,1.8535439043573587e-16,9.249184082743237e-16,9.249184082743237e-10,0.9999999999999932,4.119768137615062e-09,2.0557643006699197e-08,0.020557643006699197,0.9999996286783157,2.6260393567340243e-07,1.3103936390102805e-06,1.3103936390102806,0.9999632533206803,6.20052271029714e-06,3.094060832438278e-05,30.940608324382783,0.9984870784938025
1167.68,1172.67,1170.1750000000002,1.629178651472471e-16,8.129601470847646e-16,8.129601470847646e-10,0.999999999999994,3.902523701952197e-09,1.94735932727415e-08,0.0194735932727415,0.999999648151909,2.5345492878604506e-07,1.2647400946423672e-06,1.2647400946423673,0.9999645180607749,6.072235510745835e-06,3.030045519862177e-05,30.300455198621773,0.998517378949001
1172.67,1177.66,1175.165,1.4319980975684652e-16,7.145670506866654e-16,7.145670506866654e-10,0.9999999999999947,3.696802267434861e-09,1.8447043314499992e-08,0.018447043314499992,0.9999996665989523,2.4462911775755844e-07,1.2206992976102187e-06,1.2206992976102187,0.9999657387600726,5.946710677418858e-06,2.9674086280320153e-05,29.674086280320154,0.9985470530352814
1177.66,1182.65,1180.1550000000002,1.258705129457838e-16,6.280938595994624e-16,6.280938595994624e-10,0.9999999999999953,3.50198857490725e-09,1.747492298878721e-08,0.017474922988787212,0.9999996840738753,2.3611489646927022e-07,1.1782133333816605e-06,1.1782133333816605,0.9999669169734059,5.82388569129471e-06,2.9061189599560656e-05,29.061189599560656,0.9985761142248809
1182.65,1187.64,1185.145,1.1064029562541258e-16,5.520950751708098e-16,5.520950751708099e-10,0.9999999999999959,3.3175004644464876e-09,1.6554327317588005e-08,0.016554327317588005,0.9999997006282026,2.2790108379471612e-07,1.1372264081356356e-06,1.1372264081356356,0.999968054199814,5.703699537665118e-06,2.846146069294899e-05,28.46146069294899,0.9986045756855738
1187.64,1192.63,1190.1350000000002,9.725464484051208e-17,4.853006777541562e-16,4.853006777541561e-10,0.9999999999999963,3.142787079369335e-09,1.5682507526053012e-08,0.015682507526053012,0.9999997163107102,2.1997690767183664e-07,1.0976847692824669e-06,1.097684769282467,0.9999691518845834,5.586092667183884e-06,2.787460240924763e-05,27.87460240924763,0.9986324502879831
1192.63,1197.6200000000001,1195.125,8.548993988513715e-17,4.2659480002683514e-16,4.2659480002683514e-10,0.9999999999999968,2.9773271686532942e-09,1.4856862571579965e-08,0.014856862571579964,0.9999997311675727,2.1233198978880826e-07,1.0595366290461552e-06,1.0595366290461552,0.9999702114212125,5.471006958013522e-06,2.7300324720487525e-05,27.300324720487524,0.9986597506127036
1197.6200000000001,1202.6100000000001,1200.1150000000002,7.514969846474373e-17,3.749969953390719e-16,3.7499699533907193e-10,0.9999999999999971,2.8206274823175814e-09,1.4074931136764757e-08,0.014074931136764756,0.9999997452425038,2.049563308590656e-07,1.0227320909867393e-06,1.0227320909867392,0.9999712341533035,5.358385679035338e-06,2.6738344538386384e-05,26.738344538386386,0.998686488957242
1202.6100000000001,1207.6000000000001,1205.105,6.606127954457072e-17,3.296457849274085e-16,3.296457849274085e-10,0.9999999999999974,2.672221254616867e-09,1.333438406053819e-08,0.01333438406053819,0.9999997585768878,1.9784029646212349e-07,9.87223079345998e-07,0.987223079345998,0.9999722213763829,5.248173454090563e-06,2.6188385535911956e-05,26.188385535911955,0.9987126773427779
1207.6000000000001,1212.5900000000001,1210.0950000000003,5.807298725418974e-17,2.8978420639840735e-16,2.8978420639840737e-10,0.9999999999999978,2.53166677018826e-09,1.2633017183239442e-08,0.01263301718323944,0.999999771209905,1.9097460342773096e-07,9.529632711043792e-07,0.9529632711043792,0.9999731743396539,5.140316227220476e-06,2.5650177973830223e-05,25.65017797383022,0.9987383275207518
1212.5900000000001,1217.5800000000002,1215.085,5.105152700375853e-17,2.547471197487555e-16,2.5474711974875554e-10,0.999999999999998,2.398546008565408e-09,1.1968744582741407e-08,0.011968744582741407,0.9999997831786496,1.8435030674185655e-07,9.199080306418659e-07,0.9199080306418659,0.9999740942476846,5.034761228875288e-06,2.5123458532087733e-05,25.12345853208773,0.9987634509792839
1217.5800000000002,1222.5700000000002,1220.0750000000003,4.4879770924151573e-17,2.239500569115168e-16,2.239500569115168e-10,0.9999999999999982,2.272463362729366e-09,1.1339592180019557e-08,0.011339592180019557,0.9999997945182417,1.7795878695384674e-07,8.880143468996969e-07,0.8880143468996968,0.9999749822620315,4.9314569430618735e-06,2.4607970145878793e-05,24.60797014587879,0.9987880589494298
1222.5700000000002,1227.56,1225.065,3.945479497242133e-17,1.9687942691237382e-16,1.9687942691237382e-10,0.9999999999999984,2.1530444276091067e-09,1.0743691693768972e-08,0.010743691693768972,0.9999998052619334,1.7179173806498766e-07,8.57240772944251e-07,0.8572407729442509,0.9999758395028044,4.830353075402048e-06,2.4103461846255165e-05,24.103461846255165,0.998812162411276
1227.56,1232.55,1230.0549999999998,3.46861546347349e-17,1.7308391162732746e-16,1.7308391162732747e-10,0.9999999999999987,2.0399348546720843e-09,1.0179274924813719e-08,0.010179274924813719,0.9999998154412084,1.658411558794702e-07,8.275473678385577e-07,0.8275473678385578,0.9999766670501723,4.731400522073558e-06,2.36096886051471e-05,23.6096886051471,0.9988357720998812
1232.55,1237.54,1235.045,3.049437018929864e-17,1.521669072446005e-16,1.521669072446005e-10,0.9999999999999988,1.932799268961604e-09,9.64466835211842e-09,0.00964466835211842,0.9999998250858768,1.6009932679957004e-07,7.988956407298559e-07,0.798895640729856,0.999977465945813,4.634551339607267e-06,2.3126411184640304e-05,23.126411184640304,0.9988588985110658
1237.54,1242.53,1240.0349999999999,2.680959603018854e-17,1.3377988419064106e-16,1.3377988419064105e-10,0.9999999999999989,1.8313202451405547e-09,9.138288023251385e-09,0.009138288023251385,0.9999998342241648,1.5455881704757443e-07,7.712484970673978e-07,0.7712484970673977,0.9999782371943101,4.5397587155145975e-06,2.2653395990417884e-05,22.653395990417884,0.9988815519070562
1242.53,1247.52,1245.025,2.357045165966587e-17,1.176165537817329e-16,1.176165537817329e-10,0.999999999999999,1.735197339292945e-09,8.65863472307181e-09,0.008658634723071811,0.9999998428827995,1.4921246229770136e-07,7.445701868655312e-07,0.7445701868655312,0.999978981764497,4.446976939720289e-06,2.2190414929204283e-05,22.190414929204284,0.9989037423219854
1247.52,1252.51,1250.0149999999999,2.072299468421455e-17,1.0340774347423079e-16,1.0340774347423079e-10,0.9999999999999991,1.6441461734160093e-09,8.204289405345901e-09,0.008204289405345901,0.9999998510870889,1.4405335770195428e-07,7.188262549327532e-07,0.7188262549327532,0.9999797005907519,4.356161376776452e-06,2.1737245270114533e-05,21.737245270114535,0.9989254795672555
1252.51,1257.5,1255.005,1.8219818544460725e-17,9.091689453685918e-17,9.091689453685918e-11,0.9999999999999992,1.5578975697058162e-09,7.773908872832037e-09,0.007773908872832037,0.9999998588609977,1.3907484829448016e-07,6.939834929894573e-07,0.6939834929894573,0.9999803945742449,4.2672684388343815e-06,2.1293669509783602e-05,21.2936695097836,0.9989467732367653
1257.5,1262.49,1259.995,1.6019259812032113e-17,7.993610646204038e-17,7.993610646204038e-11,0.9999999999999993,1.476196731901072e-09,7.3662216921863625e-09,0.007366221692186363,0.9999998662272195,1.3427051975965393e-07,6.700098936006743e-07,0.6700098936006743,0.9999810645841385,4.180255559351833e-06,2.0859475241165683e-05,20.859475241165683,0.9989676327120065
1262.49,1267.48,1264.9850000000001,1.408470173287828e-17,7.028266164706274e-17,7.028266164706274e-11,0.9999999999999994,1.3988024711012378e-09,6.9800243307951895e-09,0.0069800243307951895,0.9999998732072438,1.2963418954968024e-07,6.468746058529055e-07,0.6468746058529056,0.9999817114587444,4.09508116751358e-06,2.04344550258928e-05,20.4344550258928,0.9989880671670324
1267.48,1272.47,1269.975,1.2383962317979646e-17,6.179597196671855e-17,6.179597196671855e-11,0.9999999999999996,1.3254864736190826e-09,6.614177503359234e-09,0.006614177503359234,0.9999998798214214,1.251598983381072e-07,6.24547892707156e-07,0.624547892707156,0.9999823360066371,4.011704663344511e-06,2.0018406270089145e-05,20.018406270089145,0.9990080855733025
1272.47,1277.46,1274.9650000000001,1.0888756706134215e-17,5.433489596360983e-17,5.433489596360983e-11,0.9999999999999996,1.2560326085627854e-09,6.26760271672831e-09,0.00626760271672831,0.9999998860890241,1.2084190179616465e-07,6.030010899628627e-07,0.6030010899628627,0.9999829390077271,3.930086393494494e-06,1.9611131103537564e-05,19.611131103537563,0.9990276967044059
1277.46,1282.45,1279.955,9.57422477380579e-18,4.7775381621290983e-17,4.777538162129098e-11,0.9999999999999996,1.1902362729707827e-09,5.939279002124216e-09,0.005939279002124216,0.9999998920283031,1.1667466267939567e-07,5.822065667701855e-07,0.5822065667701855,0.9999835212142938,3.8501876276754945e-06,1.9212436262100753e-05,19.212436262100752,0.9990469091406681
1282.45,1287.44,1284.9450000000002,8.418516064961788e-18,4.20083951641594e-17,4.20083951641594e-11,0.9999999999999996,1.127903772442953e-09,5.628239824490346e-09,0.005628239824490346,0.999999897656543,1.126528432125268e-07,5.621376876305097e-07,0.5621376876305098,0.9999840833519814,3.77197053573158e-06,1.8822132973300618e-05,18.82213297330062,0.9990657312736414
1287.44,1292.43,1289.935,7.402425078051993e-18,3.6938101139479514e-17,3.693810113947951e-11,0.9999999999999996,1.0688517353257585e-09,5.3335701592755446e-09,0.005333570159275544,0.9999999029901131,1.0877129776102995e-07,5.427687758275404e-07,0.5427687758275405,0.9999846261207572,3.695398165323559e-06,1.8440036844964593e-05,18.44003684496459,0.9990841713104863
1292.43,1297.42,1294.9250000000002,6.5090707940564775e-18,3.248026326234188e-17,3.248026326234188e-11,0.9999999999999996,1.012906558616258e-09,5.054403727495137e-09,0.005054403727495137,0.9999999080445168,1.0502506577826842e-07,5.240750782335603e-07,0.5240750782335604,0.9999851501958354,3.620434420210005e-06,1.8065967756847956e-05,18.065967756847957,0.9991022372782432
1297.42,1302.41,1299.915,5.7236150732144985e-18,2.85608392153404e-17,2.85608392153404e-11,0.9999999999999996,9.599038838515013e-10,4.789920380419e-09,0.004789920380419,0.9999999128344371,1.0140936501758671e-07,5.060327314377586e-07,0.5060327314377586,0.9999856562285668,3.547044039107645e-06,1.7699749755147182e-05,17.69974975514718,0.9991199370279984
1302.41,1307.4,1304.9050000000002,5.03301520117836e-18,2.5114745853880062e-17,2.511474585388006e-11,0.9999999999999996,9.096881013454386e-10,4.539343625713747e-09,0.004539343625713747,0.9999999173737808,9.791958499910549e-08,4.886187291455372e-07,0.4886187291455372,0.999986144847296,3.4751925751140187e-06,1.7341210949818986e-05,17.341210949818986,0.9991372782389483
1307.4,1312.39,1309.895,4.425806438980636e-18,2.2084774130513415e-17,2.2084774130513416e-11,0.9999999999999996,8.621118812260205e-10,4.30193828731785e-09,0.00430193828731785,0.999999921675719,9.455128072141228e-08,4.718108907998481e-07,0.4718108907998481,0.9999866166581868,3.404846375676368e-06,1.6990183414625107e-05,16.990183414625108,0.9991542684223629
1312.39,1317.38,1314.8850000000002,3.891910935025753e-18,1.942063556577854e-17,1.942063556577854e-11,0.9999999999999996,8.170357298103932e-10,4.07700829175387e-09,0.004077008291753869,0.9999999257527273,9.130016660870993e-08,4.555878313774634e-07,0.4555878313774634,0.9999870722460181,3.335972563090807e-06,1.6646503089823157e-05,16.646503089823156,0.9991709149254527
1317.38,1322.3700000000001,1319.875,3.422469799843693e-18,1.707812430122006e-17,1.707812430122006e-11,0.9999999999999996,7.743275699368199e-10,3.863894573984738e-09,0.0038638945739847383,0.9999999296166219,8.816211068437846e-08,4.3992893231504934e-07,0.4399289323150493,0.9999875121749504,3.2685390155167387e-06,1.6310009687428554e-05,16.310009687428554,0.9991872249351401
1322.3700000000001,1327.3600000000001,1324.8650000000002,3.0096955330271896e-18,1.5018380709805703e-17,1.5018380709805702e-11,0.9999999999999996,7.338623439478942e-10,3.6619730962999985e-09,0.0036619730962999986,0.9999999332785949,8.513312896224493e-08,4.24814313521603e-07,0.424814313521603,0.9999879369892639,3.2025143484914657e-06,1.5980546598972443e-05,15.980546598972444,0.9992032054817391
1327.3600000000001,1332.3500000000001,1329.855,2.6467423331864757e-18,1.3207244242600538e-17,1.3207244242600538e-11,0.9999999999999996,6.955216380916752e-10,3.4706529740774652e-09,0.0034706529740774652,0.9999999367492479,8.220938004721994e-08,4.1022480643562824e-07,0.41022480643562825,0.9999883472140704,3.137867896930977e-06,1.5657960805685602e-05,15.657960805685601,0.9992188634425448
1332.3500000000001,1337.3400000000001,1334.8450000000003,2.327592121642055e-18,1.1614684686993875e-17,1.1614684686993875e-11,0.9999999999999996,6.591933271749759e-10,3.2893747026031358e-09,0.0032893747026031357,0.9999999400386226,7.938715993727249e-08,3.9614192808699045e-07,0.39614192808699045,0.9999887433559984,3.074569697602784e-06,1.534210279103792e-05,15.342102791037918,0.9992342055453359
1337.3400000000001,1342.3300000000002,1339.835,2.046954374003023e-18,1.0214302326275103e-17,1.0214302326275103e-11,0.9999999999999996,6.247712383673831e-10,3.1176084794532475e-09,0.0031176084794532475,0.9999999431562311,7.66628970190476e-08,3.825478561250482e-07,0.3825478561250482,0.9999891259038546,3.012590472057571e-06,1.5032826455567306e-05,15.032826455567307,0.9992492383717915
1342.3300000000002,1347.3200000000002,1344.8250000000003,1.8001780851755793e-18,8.982888645026157e-18,8.982888645026156e-12,0.9999999999999996,5.921548331148358e-10,2.954852617243036e-09,0.002954852617243036,0.9999999461110837,7.40331472497177e-08,3.6942540477609203e-07,0.36942540477609204,0.9999894953292594,2.9519016100064893e-06,1.4729989033932409e-05,14.729989033932409,0.9992639683608254
1347.3200000000002,1352.31,1349.815,1.5831743966209918e-18,7.900040239138404e-18,7.900040239138403e-12,0.9999999999999996,5.612489061789923e-10,2.800632041833049e-09,0.0028006320418330487,0.9999999489117157,7.149458951796888e-08,3.567580016946491e-07,0.3567580016946491,0.9999898520872611,2.8924751531316147e-06,1.4433451014126127e-05,14.433451014126128,0.9992784018118396
1352.31,1357.3,1354.8049999999998,1.3923485932483927e-18,6.947819480309492e-18,6.947819480309492e-12,0.9999999999999996,5.319633008723623e-10,2.6544968713530923e-09,0.0026544968713530922,0.9999999515662126,6.904402117728429e-08,3.4452966567464923e-07,0.3445296656746492,0.9999901966169268,2.834283779317213e-06,1.4143076058792917e-05,14.143076058792918,0.9992925448878984
1357.3,1362.29,1359.795,1.2245403341992741e-18,6.110456267654389e-18,6.110456267654389e-12,0.9999999999999996,5.04212639610364e-10,2.5160210716557213e-09,0.002516021071655721,0.9999999540822336,6.667835374496935e-08,3.3272498518739763e-07,0.3327249851873976,0.999990529341912,2.77730078729009e-06,1.3858730928577573e-05,13.858730928577573,0.999306403618827
1362.29,1367.28,1364.7849999999999,1.076971119591331e-18,5.3740858867607516e-18,5.374085886760752e-12,0.9999999999999996,4.779160689494969e-10,2.3848011840579936e-09,0.0023848011840579934,0.9999999564670348,6.439460876061442e-08,3.2132909771546654e-07,0.3213290977154665,0.9999908506710097,2.7215000816574597e-06,1.3580285407470749e-05,13.580285407470749,0.9993199839042345
1367.28,1372.27,1369.775,9.471981163602887e-19,4.726518600637849e-18,4.726518600637849e-12,0.9999999999999996,4.529970183263252e-10,2.260455121448367e-09,0.0022604551214483667,0.9999999587274899,6.218991379793434e-08,3.103276698516929e-07,0.3103276698516929,0.9999911609986796,2.6668561583311867e-06,1.3307612230072647e-05,13.307612230072646,0.9993332915164646
1372.27,1377.26,1374.7649999999999,8.33073572705657e-19,4.157037127801236e-18,4.157037127801236e-12,0.9999999999999996,4.293829717550354e-10,2.1426210290576304e-09,0.0021426210290576304,0.999999960870111,6.006149862417017e-08,2.9970687813460966e-07,0.29970687813460967,0.9999914607055577,2.613344090327727e-06,1.3040587010735382e-05,13.040587010735381,0.9993463321034752
1377.26,1382.25,1379.755,7.327091440957057e-19,3.656218629037578e-18,3.656218629037578e-12,0.9999999999999996,4.0700525178176876e-10,2.0309562063910297e-09,0.0020309562063910297,0.9999999629010672,5.800669150145459e-08,2.8945339059225894e-07,0.28945339059225894,0.9999917501589483,2.5609395139331025e-06,1.2779088174526206e-05,12.779088174526205,0.9993591111916498
1382.25,1387.24,1384.745,6.444445358915516e-19,3.2157782340988484e-18,3.2157782340988482e-12,0.9999999999999996,3.857988150324522e-10,1.92513608701194e-09,0.0019251360870119398,0.9999999648262032,5.602291562477244e-08,2.79554348967615e-07,0.279554348967615,0.9999920297132973,2.509618615222993e-06,1.2522996889962757e-05,12.522996889962757,0.9993716341885397
1387.24,1392.23,1389.7350000000001,5.668199397863228e-19,2.8284314995337558e-18,2.8284314995337556e-12,0.9999999999999996,3.657020587269198e-10,1.824853273047333e-09,0.001824853273047333,0.9999999666510565,5.410768569134361e-08,2.6999735159980513e-07,0.26999735159980515,0.9999922997106488,2.459358116927895e-06,1.2272197003470219e-05,12.272197003470218,0.9993839063855432
1392.23,1397.22,1394.725,4.985518046371057e-19,2.487773505139162e-18,2.487773505139162e-12,0.9999999999999996,3.4665663756650655e-10,1.7298166214568708e-09,0.0017298166214568707,0.9999999683808731,5.225860459647093e-08,2.6077043693639044e-07,0.26077043693639046,0.9999925604810858,2.410135265633964e-06,1.2026574975513502e-05,12.026574975513501,0.9993959329605188
1397.22,1402.21,1399.7150000000001,4.385115379559185e-19,2.1881725744000373e-18,2.1881725744000374e-12,0.9999999999999996,3.286072904344917e-10,1.6397503792681167e-09,0.0016397503792681166,0.9999999700206235,5.047336025107476e-08,2.518620676528635e-07,0.2518620676528635,0.9999928123431534,2.361927819310157e-06,1.1786019818357706e-05,11.786019818357707,0.9994077189803371
1402.21,1407.2,1404.705,3.8570678325831844e-19,1.9246768484590127e-18,1.9246768484590126e-12,0.9999999999999996,3.1150167637947425e-10,1.5543933651335794e-09,0.0015543933651335795,0.9999999715750169,4.8749722516332425e-08,2.4326111535649927e-07,0.24326111535649927,0.9999930556042688,2.3147140351528135e-06,1.155042303541256e-05,11.55042303541256,0.9994192694033726
1407.2,1412.19,1409.6950000000002,3.3926496146318782e-19,1.6929321577013103e-18,1.6929321577013104e-12,0.9999999999999996,2.952902193805066e-10,1.4734981947087307e-09,0.0014734981947087306,0.9999999730485151,4.7085540251009116e-08,2.349568458525359e-07,0.2349568458525359,0.9999932905611146,2.2684726577388353e-06,1.131967856211681e-05,11.31967856211681,0.9994305890819347
1412.19,1417.18,1414.685,2.9841880231740554e-19,1.4891098235638564e-18,1.4891098235638563e-12,0.9999999999999996,2.799259614202298e-10,1.3968305474869492e-09,0.0013968305474869492,0.9999999744453456,4.547873846724603e-08,2.269389049515581e-07,0.2269389049515581,0.9999935175000196,2.2231829074791607e-06,1.1093682708321032e-05,11.093682708321031,0.9994416827646431
1417.18,1422.17,1419.6750000000002,2.624936250164579e-19,1.3098431888321274e-18,1.3098431888321273e-12,0.9999999999999996,2.653644234179207e-10,1.3241684728554266e-09,0.0013241684728554266,0.999999975769514,4.3927315590725997e-08,2.1919730479772313e-07,0.21919730479772312,0.9999937366973244,2.178824469364178e-06,1.0872334102127268e-05,10.872334102127267,0.9994525550987452
1422.17,1427.16,1424.665,2.3089615636417824e-19,1.1521718202572515e-18,1.1521718202572515e-12,0.9999999999999996,2.515634735988486e-10,1.2553017332582568e-09,0.0012553017332582567,0.9999999770248158,4.2429340821303506e-08,2.1172241069830487e-07,0.21172241069830486,0.9999939484197351,2.135377481993261e-06,1.0655533635146394e-05,10.655533635146394,0.9994632106323803
1427.16,1432.15,1429.6550000000002,2.0310470044930388e-19,1.0134924552420283e-18,1.0134924552420283e-12,0.9999999999999996,2.384832028992598e-10,1.1900311824673085e-09,0.0011900311824673084,0.999999978214847,4.098295159032809e-08,2.0450492843573754e-07,0.20450492843573753,0.9999941529246635,2.0928225268805897e-06,1.0443184409134162e-05,10.443184409134162,0.9994736538167894
1432.15,1437.14,1434.645,1.78660496343702e-19,8.915158767550747e-19,8.915158767550747e-13,0.9999999999999996,2.2608580702818055e-10,1.128168177070623e-09,0.001128168177070623,0.9999999793430152,3.9586351111044e-08,1.975358920441099e-07,0.1975358920441099,0.9999943504605556,2.051140618029862e-06,1.023519168396903e-05,10.235191683969031,0.9994838890084734
1437.14,1442.13,1439.6350000000002,1.5716012012325132e-19,7.842289994150256e-19,7.842289994150256e-13,0.9999999999999996,2.1433547482770592e-10,1.0695340193902544e-09,0.0010695340193902544,0.9999999804125492,3.8237806018578323e-08,1.9080665203270617e-07,0.19080665203270616,0.9999945412672077,2.0103131917705253e-06,1.0031462826934939e-05,10.03146282693494,0.9994939204713004
1442.13,1447.1200000000001,1444.625,1.3824880490961255e-19,6.898615364989679e-19,6.898615364989679e-13,0.9999999999999996,2.0319828259297684e-10,1.0139594301389562e-09,0.0010139594301389562,0.9999999814265087,3.693564409617408e-08,1.8430886403990899e-07,0.18430886403990898,0.9999947255760717,1.970322096848571e-06,9.831907263274387e-06,9.831907263274386,0.9995037523785636
1447.1200000000001,1452.1100000000001,1449.6150000000002,1.216145679197831e-19,6.068566939197188e-19,6.068566939197189e-13,0.9999999999999996,1.926420940313448e-10,9.612840492164123e-10,0.0009612840492164123,0.9999999823877928,3.5678252084442976e-08,1.7803447790137077e-07,0.17803447790137078,0.9999949036105497,1.931149584764933e-06,9.636436427977032e-06,9.636436427977031,0.9995133888149915
1452.1100000000001,1457.1000000000001,1454.605,1.0698304694685223e-19,5.338454042647936e-19,5.338454042647937e-13,0.9999999999999996,1.8263646555767454e-10,9.113559631327976e-10,0.0009113559631327976,0.9999999832991487,3.446407357054476e-08,1.7197572711701868e-07,0.17197572711701867,0.9999950755862768,1.8927783003549292e-06,9.444963718771114e-06,9.444963718771115,0.9995228337787103
1457.1000000000001,1462.0900000000001,1459.5950000000003,9.411296050384472e-20,4.69623672914186e-19,4.69623672914186e-13,0.9999999999999996,1.731525566390877e-10,8.640312576290492e-10,0.0008640312576290492,0.99999998416318,3.329160695431106e-08,1.6612511870201248e-07,0.1661251187020125,0.9999952417113954,1.8551912726022116e-06,9.257404450285052e-06,9.257404450285053,0.9995320911831606
1462.0900000000001,1467.0800000000002,1464.585,8.279211624082867e-20,4.131326600417358e-19,4.131326600417358e-13,0.9999999999999996,1.6416304491803524e-10,8.191735941409973e-10,0.0008191735941409973,0.9999999849823537,3.2159403488452385e-08,1.604754234073777e-07,0.1604754234073777,0.9999954021868188,1.8183719056810171e-06,9.073675809348291e-06,9.073675809348291,0.9995411648589699
1467.0800000000002,1472.0700000000002,1469.5750000000003,7.283390136661209e-20,3.63441167819395e-19,3.63441167819395e-13,0.9999999999999996,1.556420458572164e-10,7.766538088275112e-10,0.0007766538088275112,0.9999999857590075,3.106606539008927e-08,1.5501966629654573e-07,0.15501966629654573,0.9999955572064851,1.7823039702205545e-06,8.893696811400584e-06,8.893696811400584,0.9995500585557814
1472.0700000000002,1477.0600000000002,1474.565,6.407419682310363e-20,3.1973024214728767e-19,3.1973024214728766e-13,0.9999999999999996,1.475650366637701e-10,7.363495329522141e-10,0.0007363495329522141,0.999999986495357,3.001024402096016e-08,1.4975111766459148e-07,0.14975111766459148,0.9999957069576028,1.7469715947857142e-06,8.71738825798073e-06,8.71738825798073,0.9995587759440394
1477.0600000000002,1482.05,1479.555,5.636866400633664e-20,2.812796333916075e-19,2.8127963339160754e-13,0.9999999999999996,1.3990878426325696e-10,6.981448334736217e-10,0.0006981448334736217,0.9999999871935019,2.8990638133753926e-08,1.4466328428742576e-07,0.14466328428742575,0.999995851620887,1.7123592575682192e-06,8.54467269526504e-06,8.544672695265039,0.9995673206167347
1482.05,1487.04,1484.545,4.95903590211661e-20,2.474558915156193e-19,2.474558915156193e-13,0.9999999999999996,1.3265127710637122e-10,6.619298727607936e-10,0.0006619298727607937,0.9999999878554318,2.800599218211685e-08,1.3974990098876332e-07,0.1397499009887633,0.999995991370788,1.6784517782827797e-06,8.375474373631087e-06,8.375474373631087,0.9995756960911083
1487.04,1492.03,1489.5349999999999,4.362763489990147e-20,2.1770189815050873e-19,2.1770189815050872e-13,0.9999999999999996,1.257716606030346e-10,6.276005864091437e-10,0.0006276005864091438,0.9999999884830324,2.705509469197267e-08,1.3500492251294387e-07,0.13500492251294388,0.9999961263757104,1.6452343102627357e-06,8.209719208211067e-06,8.209719208211066,0.9995839058103165
1492.03,1497.02,1494.525,3.838229699963619e-20,1.9152766202818492e-19,1.9152766202818492e-13,0.9999999999999996,1.1925017598961245e-10,5.950583781881672e-10,0.0005950583781881672,0.9999999890780907,2.6136776691886825e-08,1.304225156925155e-07,0.1304225156925155,0.9999962567982261,1.6126923327499369e-06,8.0473347404222e-06,8.047334740422201,0.999591953145057
1497.02,1502.01,1499.5149999999999,3.3767980998478913e-20,1.6850222518241008e-19,1.6850222518241007e-13,0.9999999999999996,1.1306810244548713e-10,5.642098312029818e-10,0.0005642098312029819,0.9999999896423005,2.524991020029123e-08,1.2599705189945347e-07,0.12599705189945348,0.999996382795278,1.5808116433737986e-06,7.888250100435268e-06,7.888250100435268,0.9995998413951575
1502.01,1507.0,1504.505,2.970872660746801e-20,1.4824654577126564e-19,1.4824654577126563e-13,0.9999999999999996,1.072077022851105e-10,5.349664344027024e-10,0.0005349664344027024,0.9999999901772669,2.4393406767467178e-08,1.2172309976966144e-07,0.12172309976966143,0.9999965045183778,1.5495783508144834e-06,7.732395970564287e-06,7.732395970564287,0.999607573791128
1507.0,1511.99,1509.495,2.6137723364306126e-20,1.304272395878878e-19,1.304272395878878e-13,0.9999999999999996,1.0165216906106463e-10,5.072443236147134e-10,0.0005072443236147134,0.9999999906845113,2.35662160702669e-08,1.1759541819063204e-07,0.11759541819063205,0.999996622113796,1.5189788676454521e-06,7.5797045495508195e-06,7.5797045495508195,0.9996151534956775
1511.99,1516.98,1514.4850000000001,2.2996207731282824e-20,1.147510765791015e-19,1.147510765791015e-13,0.9999999999999996,9.638557842248474e-11,4.809640363281997e-10,0.00048096403632819974,0.9999999911654753,2.276732455762585e-08,1.136089495425532e-07,0.1136089495425532,0.9999967357227456,1.4889999033506352e-06,7.430109517719683e-06,7.430109517719683,0.9996225836051953
1516.98,1521.97,1519.475,2.0232493230548394e-20,1.0096014122043667e-19,1.0096014122043667e-13,0.9999999999999996,9.139284158161924e-11,4.5605027949228083e-10,0.0004560502794922808,0.9999999916215256,2.199575414499626e-08,1.0975881318353153e-07,0.10975881318353153,0.9999968454815588,1.4596284575117173e-06,7.283546002983483e-06,7.283546002983483,0.9996298671511983
1521.97,1526.96,1524.4650000000001,1.7801117556991053e-20,8.882757660938552e-20,8.882757660938553e-14,0.9999999999999996,8.665966124918926e-11,4.324317096334552e-10,0.00043243170963345524,0.9999999920539574,2.1250560955898556e-08,1.0604029916993399e-07,0.10604029916993399,0.999996951521858,1.4308518131610395e-06,7.1399505476736e-06,7.1399505476736005,0.999637007101746
1526.96,1531.95,1529.455,1.5662092549196597e-20,7.815384182049116e-20,7.815384182049116e-14,0.9999999999999996,8.217248990674428e-11,4.100407246346547e-10,0.00041004072463465466,0.9999999924639982,2.053083410885935e-08,1.0244886220320835e-07,0.10244886220320835,0.9999970539707201,1.4026575302958991e-06,6.9992610761765495e-06,6.999261076176549,0.9996440063628221
1531.95,1536.94,1534.4450000000002,1.3780244604564462e-20,6.876342057677679e-20,6.876342057677679e-14,0.9999999999999996,7.791849029126385e-11,3.888132665534073e-10,0.0003888132665534073,0.9999999928528115,1.9835694548065295e-08,9.8980115794846e-08,0.098980115794846,0.9999971529508359,1.3750334395499508e-06,6.861416863354267e-06,6.861416863354267,0.9996508677796855
1536.94,1541.93,1539.435,1.2124634624078333e-20,6.050192677415099e-20,6.0501926774151e-14,0.9999999999999996,7.388549797399453e-11,3.6868863489023335e-10,0.00036868863489023337,0.9999999932215001,1.916429391612982e-08,9.562982664148798e-08,0.09562982664148799,0.9999972485806625,1.3479676360177574e-06,6.7263585037286216e-06,6.726358503728622,0.9996575941381892
1541.93,1546.92,1544.4250000000002,1.0668047890365693e-20,5.3233558972924905e-20,5.3233558972924906e-14,0.9999999999999996,7.006198592182099e-11,3.496093097498874e-10,0.0003496093097498874,0.9999999935711095,1.851581346742513e-08,9.239390920245157e-08,0.09239390920245157,0.9999973409745717,1.3214484732284299e-06,6.594027881409877e-06,6.594027881409877,0.9996641881660706
1546.92,1551.91,1549.415,9.386545441521929e-21,4.683886175319451e-20,4.683886175319451e-14,0.9999999999999996,6.643703093549851e-11,3.315207843681382e-10,0.0003315207843681382,0.9999999939026303,1.7889463020494095e-08,8.92684204722657e-08,0.0892684204722657,0.9999974302429921,1.2954645572645938e-06,6.464368140750335e-06,6.464368140750335,0.9996706525342114
1551.91,1556.9,1554.4050000000002,8.259069521942316e-21,4.121275691449223e-20,4.121275691449223e-14,0.9999999999999996,6.300028186471975e-11,3.143714065049521e-10,0.0003143714065049521,0.9999999942170017,1.728447994810875e-08,8.624955494106281e-08,0.0862495549410628,0.9999975164925471,1.2700047410228702e-06,6.3373236577041334e-06,6.337323657704133,0.9996769898578691
1556.9,1561.89,1559.395,7.267096587081193e-21,3.6262811969535215e-20,3.6262811969535214e-14,0.9999999999999996,5.974192950538122e-11,2.981122282318528e-10,0.0002981122282318528,0.9999999945151139,1.670012820359921e-08,8.333363973596022e-08,0.08333363973596022,0.9999975998261869,1.2450581186123174e-06,6.212840011875475e-06,6.212840011875475,0.999683202697881
1561.89,1566.88,1564.3850000000002,6.394332126496877e-21,3.1907717311219475e-20,3.1907717311219474e-14,0.9999999999999996,5.6652678089466783e-11,2.8269686366643974e-10,0.0002826968636664397,0.9999999947978108,1.613569738212466e-08,8.05171299368022e-08,0.0805171299368022,0.9999976803433168,1.2206140198871981e-06,6.09086395923713e-06,6.09086395923713,0.9996892935618402
1566.88,1571.8700000000001,1569.375,5.626442261861203e-21,2.8075946886687453e-20,2.8075946886687454e-14,0.9999999999999996,5.372371828279093e-11,2.680813542311272e-10,0.0002680813542311272,0.9999999950658921,1.559050181561114e-08,7.779660405989972e-08,0.07779660405989972,0.9999977581399209,1.1966620051107443e-06,5.971343405502625e-06,5.971343405502624,0.9996952649052457
1571.8700000000001,1576.8600000000001,1574.3650000000002,4.950817685289377e-21,2.4704580249594035e-20,2.4704580249594035e-14,0.9999999999999996,5.094670161036455e-11,2.542240410357196e-10,0.0002542240410357196,0.9999999953201162,1.5063879700125485e-08,7.51687597036263e-08,0.0751687597036263,0.9999978333086805,1.1731918597464739e-06,5.854227380134915e-06,5.854227380134915,0.9997011191326258
1576.8600000000001,1581.8500000000001,1579.355,4.35636603851343e-21,2.1738266532182053e-20,2.1738266532182054e-14,0.9999999999999996,4.8313716233464715e-11,2.4108544400498937e-10,0.00024108544400498936,0.9999999955612017,1.4555192254503474e-08,7.263040934997246e-08,0.07263040934997246,0.9999979059390899,1.1501935893738932e-06,5.739466010975738e-06,5.739466010975738,0.9997068585986368
1581.8500000000001,1586.8400000000001,1584.3450000000003,3.83332930394802e-21,1.9128313226700654e-20,1.9128313226700654e-14,0.9999999999999996,4.5817264006534915e-11,2.2862814739260963e-10,0.00022862814739260963,0.9999999957898298,1.406382290909113e-08,7.017847631636486e-08,0.07017847631636485,0.9999979761175662,1.1276574147253477e-06,5.627010499479495e-06,5.6270104994794945,0.9997124856091363
1586.8400000000001,1591.8300000000002,1589.335,3.3731231924121885e-21,1.683188473013685e-20,1.683188473013685e-14,0.9999999999999996,4.3450238745907666e-11,2.1681669134207965e-10,0.00021681669134207966,0.9999999960066465,1.358917652350405e-08,6.780999085228533e-08,0.06780999085228533,0.9999980439275571,1.1055737668410243e-06,5.516813096536721e-06,5.516813096536721,0.9997180024222329
1591.8300000000002,1596.8200000000002,1594.3250000000003,2.9681958760230313e-21,1.4811297421354952e-20,1.4811297421354953e-14,0.9999999999999996,4.120590564596137e-11,2.056174691733476e-10,0.0002056174691733476,0.999999996212264,1.3130678632346946e-08,6.552208637541139e-08,0.06552208637541139,0.9999981094496435,1.0839332823390215e-06,5.408827078871727e-06,5.408827078871727,0.9997234112493117
1596.8200000000002,1601.8100000000002,1599.315,2.611903734620811e-21,1.3033399635757871e-20,1.3033399635757871e-14,0.9999999999999996,3.907788178178366e-11,1.9499863009110084e-10,0.00019499863009110084,0.9999999964072627,1.2687774717877853e-08,6.33119958422106e-08,0.0633119958422106,0.9999981727616394,1.062726798797671e-06,5.303006726000388e-06,5.303006726000388,0.9997287142560377
1601.8100000000002,1606.8000000000002,1604.3050000000003,2.2984020653118954e-21,1.146902630590638e-20,1.1469026305906379e-14,0.9999999999999996,3.706011764065394e-11,1.849299870268635e-10,0.0001849299870268635,0.9999999965921926,1.225992950863663e-08,6.11770482480969e-08,0.061177048248096895,0.9999982339386876,1.041945350247198e-06,5.199307297733527e-06,5.199307297733527,0.9997339135633354
1606.8000000000002,1611.79,1609.295,2.022548952001984e-21,1.0092519270489458e-20,1.0092519270489459e-14,0.9999999999999996,3.514687962775526e-11,1.7538292934249108e-10,0.0001753829293424911,0.9999999967675756,1.1846626303096127e-08,5.911466525244709e-08,0.059114665252447095,0.9999982930533529,1.0215801627680216e-06,5.097685012212205e-06,5.097685012212205,0.9997390112483476
1611.79,1616.78,1614.2849999999999,1.7798207092286797e-21,8.881305339051128e-21,8.881305339051129e-15,0.9999999999999996,3.3332733494426264e-11,1.6633034013718736e-10,0.00016633034013718737,0.999999996933906,1.1447366317426792e-08,5.7122357923959796e-08,0.057122357923959796,0.9999983501757108,1.0016226501929773e-06,4.998097024462966e-06,4.998097024462966,0.9997440093453721
1616.78,1621.77,1619.275,1.5662375058026827e-21,7.815525153955401e-21,7.815525153955402e-15,0.9999999999999996,3.1612528640037255e-11,1.577465179137862e-10,0.0001577465179137862,0.9999999970916524,1.1061668056501265e-08,5.519772360194141e-08,0.05519772360194141,0.9999984053734344,9.820644099108737e-07,4.900501405455268e-06,4.900501405455268,0.9997489098467776
1621.77,1626.76,1624.2649999999999,1.3782979418933618e-21,6.877706730047888e-21,6.877706730047889e-15,0.9999999999999996,2.9981383241174834e-11,1.496071023734627e-10,0.00014960710237346269,0.9999999972412595,1.0689066707296848e-08,5.333844286941137e-08,0.05333844286941137,0.9999984587118773,9.62897218768847e-07,4.804857121656555e-06,4.804857121656555,0.9997537147038992
1626.76,1631.75,1629.255,1.2129215010364544e-21,6.052478290171918e-21,6.052478290171918e-15,0.9999999999999996,2.8434670164293392e-11,1.4188900411982428e-10,0.00014188900411982427,0.9999999973831486,1.0329113553884237e-08,5.1542276633882434e-08,0.05154227663388244,0.999998510254154,9.441130290710152e-07,4.7111240150643746e-06,4.7111240150643745,0.9997584258279142
1631.75,1636.74,1634.245,1.0673979285491508e-21,5.326315663460272e-21,5.326315663460272e-15,0.9999999999999996,2.696800362033289e-11,1.3457033806546138e-10,0.00013457033806546137,0.999999997517719,9.981375413222696e-09,4.9807063311981346e-08,0.04980706331198135,0.9999985600612173,9.257039646710691e-07,4.619262783708643e-06,4.619262783708643,0.9997630450906979
1636.74,1641.73,1639.2350000000001,9.393427021606222e-22,4.6873200837815134e-21,4.6873200837815134e-15,0.9999999999999996,2.5577226522006406e-11,1.276303603448122e-10,0.0001276303603448122,0.9999999976453493,9.645434091008316e-09,4.8130716114131586e-08,0.04813071611413158,0.9999986081919334,9.076623171564124e-07,4.529234962610506e-06,4.529234962610506,0.9997675743256605
1641.73,1646.72,1644.225,8.266578612019814e-22,4.125022727397895e-21,4.1250227273978946e-15,0.9999999999999996,2.4258398506564766e-11,1.210494085477584e-10,0.00012104940854775841,0.9999999977663987,9.320885856851893e-09,4.651122042569103e-08,0.04651122042569103,0.9999986547031539,8.899805421216313e-07,4.441002905186948e-06,4.441002905186948,0.9997720153285657
1646.72,1651.71,1649.2150000000001,7.274975491088269e-22,3.630212770053053e-21,3.630212770053053e-15,0.9999999999999996,2.3007784588816263e-11,1.1480884509819336e-10,0.00011480884509819336,0.9999999978812075,9.007340938087795e-09,4.4946631281058175e-08,0.04494663128105818,0.9999986996497852,8.726512555290063e-07,4.35452976508975e-06,4.35452976508975,0.9997763698583308
1651.71,1656.7,1654.205,6.402377017388098e-22,3.1947861316766667e-21,3.1947861316766666e-15,0.9999999999999996,2.1821844411063732e-11,1.0889100361120822e-10,0.00010889100361120821,0.9999999979900985,8.704423031542576e-09,4.3435070927397535e-08,0.04343507092739753,0.999998743084856,8.556672301539799e-07,4.269779478468367e-06,4.269779478468367,0.9997806396378093
1656.7,1661.69,1659.1950000000002,5.6344938237975985e-22,2.8116124180750066e-21,2.8116124180750065e-15,0.9999999999999996,2.0697222058386856e-11,1.0327913807135061e-10,0.0001032791380713506,0.9999999980933777,8.411768832615017e-09,4.197472647474901e-08,0.041974726474749015,0.9999987850595825,8.390213921134189e-07,4.186716746645968e-06,4.186716746645968,0.9997848263545559
1661.69,1666.68,1664.185,4.95875324454722e-22,2.4744178690290672e-21,2.4744178690290673e-15,0.9999999999999996,1.9630736409386002e-11,9.795737468283633e-11,9.795737468283632e-05,0.9999999981913351,8.129027581044761e-09,4.0563847629413434e-08,0.04056384762941343,0.9999988256234301,8.22706817474668e-07,4.105307019198601e-06,4.105307019198601,0.9997889316615751
1666.68,1671.67,1669.1750000000002,4.36409295810966e-22,2.1776823860967245e-21,2.1776823860967244e-15,0.9999999999999996,1.8619371994084533e-11,9.291066625048199e-11,9.291066625048199e-05,0.9999999982842458,7.855860622768076e-09,3.9200744507612776e-08,0.039200744507612774,0.9999988648241747,8.067167289433748e-07,4.025516477427448e-06,4.0255164774274474,0.9997929571780525
1671.67,1676.66,1674.165,3.840779449872704e-22,1.9165489454864828e-21,1.9165489454864828e-15,0.9999999999999996,1.766027033219869e-11,8.812474895767163e-11,8.812474895767162e-05,0.9999999983723705,7.591940987282788e-09,3.788378552654118e-08,0.03788378552654118,0.9999989027079602,7.910444926281716e-07,3.947312018214584e-06,3.9473120182145838,0.9997969044900707
1676.66,1681.65,1679.1550000000002,3.380248307546528e-22,1.6867439054657207e-21,1.6867439054657208e-15,0.9999999999999996,1.6750721726400545e-11,8.358610141473887e-11,8.358610141473887e-05,0.9999999984559567,7.336952979963964e-09,3.661139537002025e-08,0.03661139537002025,0.9999989393193556,7.756836148802949e-07,3.870661238252679e-06,3.8706612382526786,0.999800775151309
1681.65,1686.64,1684.145,2.9749637219808123e-22,1.484506897268428e-21,1.484506897268428e-15,0.9999999999999996,1.588815748655495e-11,7.928190585790934e-11,7.928190585790934e-05,0.9999999985352386,7.090591788794155e-09,3.5382053026082896e-08,0.035382053026082896,0.9999989747014086,7.606277392063463e-07,3.795532418639675e-06,3.795532418639675,0.9998045706837277
1686.64,1691.63,1689.1350000000002,2.618294882433557e-22,1.3065291463343473e-21,1.3065291463343473e-15,0.9999999999999996,1.5070142562179546e-11,7.520001138527607e-11,7.520001138527606e-05,0.9999999986104385,6.852563104989856e-09,3.4194289893899443e-08,0.03419428989389944,0.9999990088956985,7.458706432523556e-07,3.7218945098292615e-06,3.7218945098292617,0.9998082925782376
1691.63,1696.6200000000001,1694.125,2.3044072335860127e-22,1.1498992095594224e-21,1.1498992095594223e-15,0.9999999999999996,1.4294368561590981e-11,7.132889912233913e-11,7.132889912233913e-05,0.9999999986817675,6.622582757026356e-09,3.3046687957561576e-08,0.03304668795756158,0.9999990419423864,7.314062358574465e-07,3.6497171169286647e-06,3.649717116928665,0.9998119422953545
1696.6200000000001,1701.6100000000001,1699.1150000000002,2.0281668063203684e-22,1.0120552363538657e-21,1.0120552363538658e-15,0.9999999999999996,1.3558647137337303e-11,6.765764921531326e-11,6.765764921531326e-05,0.9999999987494251,6.4003763575799575e-09,3.1937878024324045e-08,0.031937878024324046,0.9999990738802644,7.172285541753725e-07,3.578970485335115e-06,3.5789704853351147,0.9998155212658398
1701.6100000000001,1706.6000000000001,1704.105,1.7850560495209587e-22,8.9074296871096e-22,8.9074296871096e-16,0.9999999999999996,1.2860903718604628e-11,6.417590955583721e-11,6.417590955583721e-05,0.999999998813601,6.185678962925418e-09,3.0866538024997894e-08,0.030866538024997895,0.9999991047468024,7.033317608622959e-07,3.5096254867028626e-06,3.5096254867028627,0.9998190308913265
1706.6000000000001,1711.5900000000001,1709.0950000000003,1.5710997794715957e-22,7.839787899563277e-22,7.839787899563277e-16,0.9999999999999996,1.21991715723045e-11,6.087386614579957e-11,6.0873866145799565e-05,0.9999999988744749,5.978234744341944e-09,2.983139137426636e-08,0.02983139137426636,0.9999991345781938,6.897101413291718e-07,3.4416536052325734e-06,3.4416536052325735,0.9998224725449317
1711.5900000000001,1716.5800000000002,1714.085,1.3828000299343e-22,6.900172149372169e-22,6.90017214937217e-16,0.9999999999999996,1.1571586175522971e-11,5.774221501585973e-11,5.7742215015859735e-05,0.9999999989322171,5.777796671098662e-09,2.8831205388782377e-08,0.028831205388782376,0.9999991634093992,6.76358101057203e-07,3.3750269242754493e-06,3.375026924275449,0.999825847571856
1716.5800000000002,1721.5700000000002,1719.0750000000003,1.2170787324498378e-22,6.073222874924702e-22,6.073222874924702e-16,0.9999999999999996,1.0976379882925568e-11,5.4772135615798685e-11,5.4772135615798685e-05,0.9999999989869893,5.584126204604928e-09,2.7864789760978642e-08,0.027864789760978642,0.999999191274189,6.632701629747893e-07,3.3097181132442045e-06,3.3097181132442044,0.9998291572899692
1721.5700000000002,1726.5600000000002,1724.065,1.0712272852208408e-22,5.345424153252005e-22,5.345424153252005e-16,0.9999999999999996,1.0411876873585975e-11,5.195526559919411e-11,5.195526559919411e-05,0.9999999990389445,5.39699300332707e-09,2.6930995086602127e-08,0.026930995086602127,0.9999992182051841,6.50440964894536e-07,3.2457004148237405e-06,3.2457004148237405,0.9998324029903841
1726.5600000000002,1731.5500000000002,1729.0550000000003,9.428621822442663e-23,4.704882289398897e-22,4.704882289398897e-16,0.9999999999999996,9.876488362524485e-12,4.928367692899727e-11,4.9283676928997274e-05,0.9999999990882282,5.216174638086385e-09,2.602871144405111e-08,0.02602871144405111,0.9999992442338955,6.37865257008822e-07,3.1829476324740276e-06,3.182947632474028,0.9998355859380166
1731.5500000000002,1736.54,1734.045,8.298859740255334e-23,4.1411310103872304e-22,4.1411310103872305e-16,0.9999999999999996,9.368708063024143e-12,4.674985323448843e-11,4.674985323448843e-05,0.9999999991349781,5.0414563173685265e-09,2.5156867023667846e-08,0.025156867023667845,0.9999992693907626,6.255378994425511e-07,3.1214341182181938e-06,3.1214341182181937,0.9998387073721348
1736.54,1741.53,1739.0349999999999,7.304529188708968e-23,3.6449600651657815e-22,3.6449600651657817e-16,0.9999999999999996,8.887107886528027e-12,4.4346668353774934e-11,4.434666835377493e-05,0.9999999991793247,4.872630622286606e-09,2.4314426805210208e-08,0.024314426805210208,0.9999992937051894,6.134538598616796e-07,3.0611347607097866e-06,3.0611347607097867,0.9998417685068954
1741.53,1746.52,1744.025,6.429387608672244e-23,3.2082644167274557e-22,3.2082644167274556e-16,0.9999999999999996,8.430333867620243e-12,4.206736599942509e-11,4.206736599942509e-05,0.999999999221392,4.709497250854229e-09,2.3500391281762645e-08,0.023500391281762647,0.9999993172055807,6.016082111362038e-07,3.0020249735696623e-06,3.0020249735696622,0.999844770531869
1746.52,1751.51,1749.0149999999999,5.65914138487609e-23,2.823911551053174e-22,2.823911551053174e-16,0.9999999999999996,7.997102302253572e-12,3.99055404882454e-11,3.99055404882454e-05,0.9999999992612976,4.551862771236777e-09,2.2713795228471558e-08,0.02271379522847156,0.9999993399193758,5.899961290562838e-07,2.9440806839908615e-06,2.9440806839908613,0.9998477146125531
1751.51,1756.5,1754.005,4.981211874266532e-23,2.485624725259004e-22,2.485624725259004e-16,0.9999999999999996,7.58619608801182e-12,3.7855118479179045e-11,3.7855118479179046e-05,0.9999999992991527,4.399540383660985e-09,2.1953706514468355e-08,0.021953706514468357,0.9999993618730824,5.786128901002277e-07,2.887278321600142e-06,2.887278321600142,0.9998506018908747
1756.5,1761.49,1758.995,4.384529537542327e-23,2.187880239233625e-22,2.187880239233625e-16,0.9999999999999996,7.196461255789495e-12,3.591034166638965e-11,3.591034166638965e-05,0.9999999993350631,4.252349690675143e-09,2.1219224956469003e-08,0.021219224956469003,0.9999993830923073,5.674538692531123e-07,2.8315948075730356e-06,2.8315948075730355,0.9998534334856823
1761.49,1766.48,1763.9850000000001,3.8593527964471346e-23,1.9258170454271238e-22,1.9258170454271238e-16,0.9999999999999996,6.82680368282959e-12,3.4065750377319717e-11,3.4065750377319715e-05,0.9999999993691289,4.110116475462546e-09,2.050948121255814e-08,0.02050948121255814,0.9999994036017885,5.565145378748015e-07,2.7770075439952648e-06,2.7770075439952646,0.9998562104932264
1766.48,1771.47,1768.975,3.397108645520225e-23,1.6951572141145953e-22,1.6951572141145954e-16,0.9999999999999996,6.4761859775942e-12,3.231616802819512e-11,3.231616802819512e-05,0.999999999401445,3.97267248792242e-09,1.9823635714732915e-08,0.019823635714732914,0.9999994234254242,5.457904616162184e-07,2.723494403464935e-06,2.723494403464935,0.9998589339876298
1771.47,1776.46,1773.9650000000001,2.990252404270731e-23,1.4921359497310975e-22,1.4921359497310976e-16,0.9999999999999996,6.143624527443002e-12,3.065668639194064e-11,3.065668639194064e-05,0.9999999994321017,3.839855238241943e-09,1.916087763882733e-08,0.01916087763882733,0.9999994425863019,5.352772983826835e-07,2.6710337189295954e-06,2.6710337189295954,0.9998616050213488
1776.46,1781.45,1778.955,2.632144310026358e-23,1.3134400107031552e-22,1.3134400107031553e-16,0.9999999999999996,5.8281867005736305e-12,2.908265163586247e-11,2.908265163586247e-05,0.9999999994611843,3.711507797693946e-09,1.8520423910492823e-08,0.018520423910492825,0.9999994611067258,5.249707963432325e-07,2.619604273752735e-06,2.619604273752735,0.9998642246256225
1781.45,1786.44,1783.9450000000002,2.3169409281779976e-23,1.156153523160823e-22,1.156153523160823e-16,0.9999999999999996,5.528988194126333e-12,2.758965108869045e-11,2.7589651088690452e-05,0.9999999994887739,3.587478606403484e-09,1.790151824595342e-08,0.01790151824595342,0.999999479008244,5.148667919847948e-07,2.5691852920041305e-06,2.5691852920041303,0.9998667938109145
1786.44,1791.43,1788.935,2.0394995997615474e-23,1.017710300281014e-22,1.0177103002810141e-16,0.9999999999999996,5.245190520784627e-12,2.6173500698715333e-11,2.6173500698715333e-05,0.9999999995149474,3.467621287836569e-09,1.730343022630451e-08,0.01730343022630451,0.9999994963116743,5.049612082101885e-07,2.519756428968845e-06,2.519756428968845,0.9998693135673434
1791.43,1796.42,1793.9250000000002,1.7952943602790254e-23,8.958518857792353e-23,8.958518857792354e-17,0.9999999999999996,4.975998626605979e-12,2.483023314676388e-11,2.483023314676388e-05,0.9999999995397777,3.3517944697725195e-09,1.6725454404164902e-08,0.016725454404164904,0.9999995130371286,4.952500524788747e-07,2.471297761869589e-06,2.471297761869589,0.9998717848651053
1796.42,1801.41,1798.915,1.5803419518925545e-23,7.885906339943862e-23,7.885906339943862e-17,0.9999999999999996,4.720658633201637e-12,2.355608657967621e-11,2.355608657967621e-05,0.9999999995633337,3.239861611530648e-09,1.6166909441537962e-08,0.016166909441537963,0.9999995292040381,4.857294149894842e-07,2.423789780797531e-06,2.423789780797531,0.9998742086548861
1801.41,1806.4,1803.9050000000002,1.3911367167164057e-23,6.941772216414878e-23,6.941772216414877e-17,0.9999999999999996,4.478455697745344e-12,2.2347493931749305e-11,2.2347493931749307e-05,0.9999999995856812,3.1316908372295475e-09,1.562713727777547e-08,0.015627137277775472,0.9999995448311754,4.7639546690309633e-07,2.377213379846455e-06,2.377213379846455,0.9998765858682659
1806.4,1811.39,1808.895,1.224593304614522e-23,6.110720590026476e-23,6.110720590026476e-17,0.9999999999999996,4.24871198463591e-12,2.1201072803333228e-11,2.120107280333323e-05,0.9999999996068822,3.0271547748658885e-09,1.5105502326580812e-08,0.015105502326580813,0.9999995599366777,4.67244458606346e-07,2.331549848445671e-06,2.331549848445671,0.9998789174181143
1811.39,1816.38,1813.8850000000002,1.0779962570738048e-23,5.379201322798296e-23,5.379201322798296e-17,0.9999999999999996,4.030784742962213e-12,2.011361586738148e-11,2.0113615867381478e-05,0.9999999996269958,2.926130401006688e-09,1.4601390701023401e-08,0.014601390701023401,0.9999995745380683,4.582727180133875e-07,2.286780862886808e-06,2.286780862886808,0.9998812041989772
1816.38,1821.3700000000001,1818.875,9.489556414793952e-24,4.735288650982191e-23,4.735288650982191e-17,0.9999999999999996,3.824064484228943e-12,1.908208177630246e-11,1.908208177630246e-05,0.9999999996460779,2.8284988908969828e-09,1.411420946557597e-08,0.01411420946557597,0.9999995886522778,4.4947664890582766e-07,2.2428884780400842e-06,2.242888478040084,0.9998834470874552
1821.3700000000001,1826.3600000000001,1823.8650000000002,8.35368009316619e-24,4.1684863664899367e-23,4.168486366489937e-17,0.9999999999999996,3.6279732550914734e-12,1.8103586542906485e-11,1.8103586542906485e-05,0.9999999996641815,2.734145473791313e-09,1.3643385914218676e-08,0.013643385914218676,0.9999996022956636,4.40852729309712e-07,2.199855119255467e-06,2.199855119255467,0.9998856469425745
1826.3600000000001,1831.3500000000001,1828.855,7.353820390999378e-24,3.669556375108696e-23,3.669556375108696e-17,0.9999999999999996,3.441963000126004e-12,1.717539537062879e-11,1.717539537062879e-05,0.9999999996813569,2.642959293324973e-09,1.318836687369164e-08,0.01318836687369164,0.9999996154840305,4.323975099087233e-07,2.1576635744445334e-06,2.157663574444533,0.999887804606149
1831.3500000000001,1836.3400000000001,1833.8450000000003,6.473683016124053e-24,3.230367825045908e-23,3.230367825045908e-17,0.9999999999999996,3.265514009921437e-12,1.6294914909508e-11,1.6294914909508e-05,0.9999999996976519,2.554833272746921e-09,1.274861803100716e-08,0.01274861803100716,0.9999996282326485,4.241076124927103e-07,2.1162969863386284e-06,2.1162969863386283,0.9998899209031353
1836.3400000000001,1841.3300000000002,1838.835,5.698926525952172e-24,2.8437643364501393e-23,2.843764336450139e-17,0.9999999999999996,3.098133450028692e-12,1.54596859156432e-11,1.54596859156432e-05,0.9999999997131115,2.469663984843173e-09,1.2323623284367455e-08,0.012323623284367455,0.9999996405562718,4.15979728440756e-07,2.075738844919376e-06,2.075738844919376,0.9998919966419803
1841.3300000000002,1846.3200000000002,1843.8250000000003,5.0169281746271165e-24,2.5034471591389356e-23,2.5034471591389355e-17,0.9999999999999996,2.9393539665365286e-12,1.4667376293017303e-11,1.4667376293017303e-05,0.9999999997277789,2.3873515263851728e-09,1.1912884116662033e-08,0.011912884116662033,0.9999996524691559,4.08010617237947e-07,2.035972980017359e-06,2.035972980017359,0.9998940326149602
1846.3200000000002,1851.3100000000002,1848.815,4.416577849124046e-24,2.2038723467129028e-23,2.203872346712903e-17,0.9999999999999996,2.788732364266529e-12,1.3915774497690005e-11,1.3915774497690006e-05,0.9999999997416946,2.30779939694398e-09,1.151591899075048e-08,0.01151591899075048,0.9999996639850749,4.0019710502508253e-07,1.9969835540751657e-06,1.9969835540751657,0.9998960295985143
1851.3100000000002,1856.3000000000002,1853.8050000000003,3.888096723091229e-24,1.9401602648225268e-23,1.940160264822527e-17,0.9999999999999996,2.6458483537893075e-12,1.3202783285408668e-11,1.3202783285408668e-05,0.9999999997548974,2.2309143819163473e-09,1.1132262765762594e-08,0.011132262765762594,0.9999996751173377,3.9253608318053705e-07,1.9587550550708834e-06,1.9587550550708834,0.9998979883535694
1856.3000000000002,1861.2900000000002,1858.795,3.422877662043756e-24,1.7080159533598377e-23,1.7080159533598378e-17,0.9999999999999996,2.510303363664662e-12,1.2526413784686687e-11,1.2526413784686687e-05,0.9999999997674238,2.1566064396147033e-09,1.0761466133677389e-08,0.01076146613367739,0.9999996858788038,3.850245069335447e-07,1.9212722895983914e-06,1.9212722895983914,0.999899909625859
1861.2900000000002,1866.28,1863.785,3.013344769697545e-24,1.503659040079009e-23,1.503659040079009e-17,0.9999999999999996,2.3817194144962378e-12,1.1884779878335707e-11,1.1884779878335706e-05,0.9999999997793086,2.0847885922779354e-09,1.0403095075466443e-08,0.010403095075466443,0.9999996962818989,3.776593940081584e-07,1.8845203761006279e-06,1.884520376100628,0.999901794146235
1866.28,1871.27,1868.775,2.6528297786242827e-24,1.3237620595335196e-23,1.3237620595335196e-17,0.9999999999999996,2.2597380515711035e-12,1.1276092877339827e-11,1.1276092877339827e-05,0.9999999997905847,2.015376820865347e-09,1.00567303361181e-08,0.0100567303361181,0.9999997063386292,3.7043782329719243e-07,1.8484847382529936e-06,1.8484847382529936,0.9999036426309733
1871.27,1876.26,1873.7649999999999,2.335463264149208e-24,1.1653961688104568e-23,1.1653961688104568e-17,0.9999999999999996,2.144019333023543e-12,1.0698656471787499e-11,1.0698656471787498e-05,0.9999999998012834,1.9482899635007226e-09,9.721966917868624e-09,0.009721966917868623,0.9999997160605961,3.6335693356543296e-07,1.8131510984915139e-06,1.8131510984915138,0.9999054557820718
1876.26,1881.25,1878.755,2.0560789030370754e-24,1.0259833726155025e-23,1.0259833726155024e-17,0.9999999999999996,2.0342408706233152e-12,1.0150861944410361e-11,1.0150861944410362e-05,0.9999999998114343,1.8834496174384244e-09,9.398413591017755e-09,0.009398413591017755,0.9999997254590097,3.5641392218145244e-07,1.7785054716854509e-06,1.778505471685451,0.9999072342875435
1881.25,1886.24,1883.745,1.8101292119919024e-24,9.03254476783961e-24,9.03254476783961e-18,0.9999999999999996,1.9300969204406987e-12,9.631183632999104e-12,9.631183632999104e-06,0.9999999998210655,1.8207800444279118e-09,9.085692421695297e-09,0.009085692421695298,0.9999997345447021,3.4960604387736923e-07,1.7445341589480757e-06,1.7445341589480758,0.9999089788217024
1886.24,1891.23,1888.7350000000001,1.5936113888378144e-24,7.952120830300708e-24,7.952120830300709e-18,0.9999999999999996,1.8312975207845174e-12,9.138174628714759e-12,9.13817462871476e-06,0.9999999998302036,1.760208079357391e-09,8.783438315993397e-09,0.008783438315993397,0.9999997433281405,3.4293060953588916e-07,1.71122374158409e-06,1.71122374158409,0.999910690045444
1891.23,1896.22,1893.725,1.4030020445330497e-24,7.000980202219931e-24,7.000980202219931e-18,0.9999999999999996,1.7375676749461532e-12,8.67046269798132e-12,8.67046269798132e-06,0.9999999998388741,1.7016630420617872e-09,8.491298579888333e-09,0.008491298579888333,0.999999751819439,3.3638498500402735e-07,1.6785610751700995e-06,1.6785610751700994,0.9999123686065191
1896.22,1901.21,1898.7150000000001,1.235199759604138e-24,6.163646800424659e-24,6.163646800424659e-18,0.9999999999999996,1.6486465764116076e-12,8.226746416293937e-12,8.226746416293937e-06,0.9999999998471009,1.6450766521839603e-09,8.208932494397976e-09,0.008208932494397976,0.9999997600283715,3.299665899328702e-07,1.6465332837650253e-06,1.6465332837650253,0.9999140151398028
1901.21,1906.2,1903.705,1.0874745265618424e-24,5.426497887543604e-24,5.426497887543604e-18,0.9999999999999996,1.5642868743264125e-12,7.805791502888812e-12,7.805791502888812e-06,0.9999999998549066,1.5903829469824008e-09,7.936010905442194e-09,0.007936010905442194,0.9999997679643825,3.23672896642799e-07,1.61512775424757e-06,1.61512775424757,0.999915630267557
1906.2,1911.19,1908.6950000000002,9.574232524675977e-25,4.7775420298133214e-24,4.777542029813321e-18,0.9999999999999996,1.484253977113974e-12,7.406427345798744e-12,7.406427345798744e-06,0.999999999862313,1.5375182019820982e-09,7.672215827890684e-09,0.007672215827890684,0.9999997756365984,3.175014290135742e-07,1.5843321307777381e-06,1.584332130777738,0.9999172145996879
1911.19,1916.18,1913.685,8.429305949090491e-25,4.2062236685961625e-24,4.2062236685961624e-18,0.9999999999999996,1.4083253922581385e-12,7.027543707368124e-12,7.027543707368123e-06,0.9999999998693405,1.4864208543692544e-09,7.417240063302593e-09,0.007417240063302593,0.9999997830538384,3.1144976139872846e-07,1.5541343093796579e-06,1.5541343093796578,0.9999187687339972
1916.18,1921.17,1918.6750000000002,7.421344918359998e-25,3.7032511142616456e-24,3.703251114261646e-18,0.9999999999999996,1.3362901003647283e-12,6.6680876008200065e-12,6.668087600820006e-06,0.9999999998760086,1.437031429033704e-09,7.1707868308781965e-09,0.007170786830878196,0.9999997902246253,3.05515517563689e-07,1.5245224326428108e-06,1.5245224326428108,0.9999202932564298
1921.17,1926.16,1923.665,6.5339582243601755e-25,3.2604451539557336e-24,3.2604451539557336e-18,0.9999999999999996,1.2679479617156875e-12,6.327060328961292e-12,6.327060328961292e-06,0.9999999998823357,1.3892924671666613e-09,6.9325694111616526e-09,0.006932569411161653,0.9999997971571947,2.996963696471119e-07,1.4954848845390913e-06,1.4954848845390913,0.9999217887413143
1926.16,1931.15,1928.6550000000002,5.752717037455584e-25,2.8706058016903415e-24,2.8706058016903414e-18,0.9999999999999996,1.203109153622631e-12,6.00351467657694e-12,6.00351467657694e-06,0.9999999998883392,1.3431484573243423e-09,6.70231080204848e-09,0.00670231080204848,0.9999998038595055,2.9399003714487506e-07,1.4670102853529292e-06,1.4670102853529292,0.9999232557515997
1931.15,1936.14,1933.645,5.064919871070668e-25,2.5273950156642678e-24,2.5273950156642676e-18,0.9999999999999996,1.1415936369756354e-12,5.6965522485084315e-12,5.696552248508432e-06,0.9999999998940358,1.2985457688714845e-09,6.47974338666872e-09,0.00647974338666872,0.9999998103392489,2.883942859162305e-07,1.4390874867219927e-06,1.4390874867219927,0.9999246948390864
1936.14,1941.13,1938.6350000000002,4.459385708654339e-25,2.2252334686185194e-24,2.2252334686185194e-18,0.9999999999999996,1.0832306504665387e-12,5.405320945828038e-12,5.405320945828038e-06,0.9999999998994411,1.25543258772156e-09,6.264608612730596e-09,0.006264608612730596,0.9999998166038575,2.8290692721159805e-07,1.4117055667858768e-06,1.4117055667858769,0.9999261065446532
1941.13,1946.1200000000001,1943.625,3.9262719170681847e-25,1.9592096866170276e-24,1.9592096866170275e-18,0.9999999999999996,1.0278582310459637e-12,5.129012572919368e-12,5.1290125729193685e-06,0.9999999999045701,1.2137588542936743e-09,6.056656682925446e-09,0.006056656682925446,0.9999998226605142,2.7752581672151896e-07,1.3848538254403821e-06,1.3848538254403822,0.9999274913984786
1946.1200000000001,1951.1100000000001,1948.6150000000002,3.456913975306553e-25,1.7250000736779733e-24,1.7250000736779733e-18,0.9999999999999996,9.7532275924821e-13,4.8668605686485765e-12,4.8668605686485766e-06,0.999999999909437,1.1734762036087121e-09,5.855646256007484e-09,0.005855646256007483,0.9999998285161605,2.722488536462772e-07,1.3585217796949256e-06,1.3585217796949256,0.9999288499202583
1951.1100000000001,1956.1000000000001,1953.605,3.0436844037617977e-25,1.5187985174771397e-24,1.5187985174771397e-18,0.9999999999999996,9.254785280899495e-13,4.6181378551688565e-12,4.6181378551688565e-06,0.9999999999140551,1.1345379074502709e-09,5.661344158176862e-09,0.005661344158176862,0.9999998341775047,2.6707397978573185e-07,1.3326991591308043e-06,1.3326991591308044,0.9999301826194175
1956.1000000000001,1961.0900000000001,1958.5950000000003,2.679868592796998e-25,1.3372544278057044e-24,1.3372544278057043e-18,0.9999999999999996,8.78187334315897e-13,4.382154798236334e-12,4.382154798236334e-06,0.9999999999184372,1.0968988185183356e-09,5.473525104406504e-09,0.005473525104406504,0.9999998396510298,2.6199917864888867e-07,1.307375901457957e-06,1.307375901457957,0.9999314899953189
1961.0900000000001,1966.0800000000002,1963.585,2.3595555053258105e-25,1.1774181971575816e-24,1.1774181971575816e-18,0.9999999999999996,8.333180908290556e-13,4.158257273236995e-12,4.158257273236995e-06,0.9999999999225955,1.0605153165064025e-09,5.291971429366958e-09,0.005291971429366957,0.9999998449430012,2.570224745827765e-07,1.282542148168057e-06,1.282542148168057,0.999932772537467
1966.0800000000002,1971.0700000000002,1968.5750000000003,2.0775414709289686e-25,1.0366931939935571e-24,1.036693193993557e-18,0.9999999999999996,7.907464592035285e-13,3.945824831425614e-12,3.945824831425614e-06,0.9999999999265413,1.0253452560349608e-09,5.116472827614464e-09,0.0051164728276144635,0.999999850059474,2.5214193192018075e-07,1.2581882402817043e-06,1.2581882402817044,0.9999340307257073
1971.0700000000002,1976.0600000000002,1973.565,1.8292455027429247e-25,9.12793505868721e-25,9.12793505868721e-19,0.9999999999999996,7.503545012357634e-13,3.744268961166466e-12,3.744268961166466e-06,0.9999999999302855,9.913479163768769e-10,4.946826102720625e-09,0.004946826102720625,0.9999998550063001,2.4735565414581823e-07,1.2343047141876353e-06,1.2343047141876353,0.9999352650304215
1976.0600000000002,1981.0500000000002,1978.5550000000003,1.6106347564237768e-25,8.037067434554661e-25,8.0370674345546605e-19,0.9999999999999996,7.120303485442815e-13,3.5530314392359713e-12,3.5530314392359714e-06,0.9999999999338386,9.584839529122277e-10,4.782834925032025e-09,0.004782834925032025,0.999999859789135,2.426617830805257e-07,1.2108822975718256e-06,1.2108822975718256,0.9999364759127191
1981.0500000000002,1986.0400000000002,1983.545,1.4181589160045736e-25,7.076612990862836e-25,7.076612990862835e-19,0.9999999999999996,6.756678892798922e-13,3.3715827675066682e-12,3.3715827675066683e-06,0.9999999999372102,9.26715350252563e-10,4.624309597760298e-09,0.004624309597760298,0.9999998644134446,2.380584980830705e-07,1.187911905434524e-06,1.187911905434524,0.9999376638246245
1986.0400000000002,1991.03,1988.535,1.248692437125285e-25,6.230975261254899e-25,6.230975261254899e-19,0.9999999999999996,6.411664710570738e-13,3.1994206905746583e-12,3.199420690574658e-06,0.9999999999404097,8.960053769764937e-10,4.4710668311125076e-09,0.004471066831112508,0.9999998688845114,2.3354401526916843e-07,1.1653846361930994e-06,1.1653846361930995,0.9999388292092607
1991.03,1996.02,1993.525,1.0994837063101122e-25,5.48642369448747e-25,5.486423694487469e-19,0.9999999999999996,6.084306192638665e-13,3.0360687901266992e-12,3.0360687901266993e-06,0.9999999999434457,8.663185419207189e-10,4.322929524184395e-09,0.004322929524184395,0.999999873207441,2.2911658674734033e-07,1.1432917678692303e-06,1.1432917678692303,0.9999399725010286
1996.02,2001.01,1998.5149999999999,9.681102877875736e-26,4.830870336060001e-25,4.830870336060001e-19,0.9999999999999996,5.773697699513137e-13,2.8810751520570606e-12,2.8810751520570607e-06,0.9999999999463267,8.376205519724255e-10,4.179726554342411e-09,0.004179726554342411,0.9999998773871676,2.247744998712161e-07,1.1216247543573704e-06,1.1216247543573703,0.999941094125783
2001.01,2006.0,2003.505,8.524395286426247e-26,4.253673247926705e-25,4.2536732479267045e-19,0.9999999999999996,5.478980165453407e-13,2.734011102561255e-12,2.7340111025612553e-06,0.9999999999490607,8.098782713109619e-10,4.041292573841707e-09,0.004041292573841707,0.9999998814284601,2.2051607650792058e-07,1.1003752217745257e-06,1.1003752217745257,0.9999421945010049
2006.0,2010.99,2008.495,7.505938804782623e-26,3.7454634635865355e-25,3.7454634635865354e-19,0.9999999999999996,5.1993386966334e-13,2.5944700096200713e-12,2.594470009620071e-06,0.9999999999516552,7.830596820485617e-10,3.90746781342233e-09,0.00390746781342233,0.9999998853359279,2.1633967232218597e-07,1.07953496488771e-06,1.07953496488771,0.9999432740359697
2010.99,2015.98,2013.4850000000001,6.60920372674246e-26,3.2979926596444934e-25,3.2979926596444936e-19,0.9999999999999996,4.934000293551038e-13,2.4620661464819726e-12,2.4620661464819727e-06,0.9999999999541173,7.57133846221516e-10,3.7780978926453715e-09,0.0037780978926453715,0.9999998891140258,2.122436760758293e-07,1.0590959436183901e-06,1.0590959436183902,0.9999443331319133
2015.98,2020.97,2018.475,5.819637400216949e-26,2.903999062708263e-25,2.903999062708263e-19,0.9999999999999996,4.682231691233337e-13,2.3364336139254394e-12,2.3364336139254394e-06,0.9999999999564537,7.320708690850835e-10,3.6530336367345737e-09,0.0036530336367345735,0.9999998927670595,2.0822650894226094e-07,1.039050279621884e-06,1.0390502796218841,0.9999453721821929
2020.97,2025.96,2023.4650000000001,5.1244276708732443e-26,2.5570894077657536e-25,2.5570894077657535e-19,0.9999999999999996,4.4433373111237037e-13,2.217225318250732e-12,2.217225318250732e-06,0.999999999958671,7.078418636668786e-10,3.532130899697731e-09,0.003532130899697731,0.9999998962991904,2.0428662383567976e-07,1.0193902529400439e-06,1.0193902529400438,0.9999463915724459
2025.96,2030.95,2028.455,4.5122946409608746e-26,2.2516350258394805e-25,2.2516350258394805e-19,0.9999999999999996,4.2166573188579197e-13,2.1041120021101058e-12,2.104112002110106e-06,0.999999999960775,6.844189165352272e-10,3.41525039351079e-09,0.00341525039351079,0.9999998997144408,2.0042250475463554e-07,1.0001082987256332e-06,1.0001082987256331,0.9999473916807446
2030.95,2035.94,2033.4450000000002,3.973307352699834e-26,1.982680368997221e-25,1.9826803689972208e-19,0.9999999999999996,4.0015657824354313e-13,1.996781325435284e-12,1.996781325435284e-06,0.9999999999627718,6.617750547403669e-10,3.302257523154437e-09,0.003302257523154437,0.9999999030166984,1.9663266613962948e-07,9.81197004036753e-07,0.9811970040367529,0.9999483728777487
2035.94,2040.93,2038.435,3.498722411793901e-26,1.7458624834851597e-25,1.7458624834851598e-19,0.9999999999999996,3.797468925580147e-13,1.8949369938644967e-12,1.8949369938644968e-06,0.9999999999646667,6.398842138879742e-10,3.193022227300997e-09,0.003193022227300997,0.9999999062097206,1.929156522444502e-07,9.626491046998082e-07,0.9626491046998081,0.9999493355268534
2040.93,2045.92,2043.4250000000002,3.080841924130998e-26,1.5373401201413708e-25,1.5373401201413707e-19,0.9999999999999996,3.6038034713543595e-13,1.7982979322058287e-12,1.7982979322058287e-06,0.999999999966465,6.187212073057806e-10,3.087418824455851e-09,0.003087418824455851,0.9999999092971394,1.892700365209294e-07,9.444574822394393e-07,0.9444574822394394,0.9999502799843356
2045.92,2050.91,2048.415,2.7128884333945827e-26,1.3537313282638375e-25,1.3537313282638374e-19,0.9999999999999996,3.4200350713476313e-13,1.7065975006023933e-12,1.7065975006023932e-06,0.9999999999681717,5.982616962655475e-10,2.9853258643649517e-09,0.0029853258643649516,0.9999999122824653,1.8569442101682818e-07,9.266151608739321e-07,0.926615160873932,0.9999512065994964
2050.91,2055.9,2053.4049999999997,2.3888948242594864e-26,1.19205851730554e-25,1.19205851730554e-19,0.9999999999999996,3.2456568160046097e-13,1.619582751186377e-12,1.619582751186377e-06,0.9999999999697913,5.784821612238723e-10,2.8866259845072595e-09,0.0028866259845072594,0.9999999151690913,1.8218743578655575e-07,9.091153045749563e-07,0.9091153045749563,0.999952115714801
2055.9,2060.89,2058.395,2.1036073996138814e-26,1.0497000924072808e-25,1.0497000924072808e-19,0.9999999999999996,3.0801878218877067e-13,1.5370137231218984e-12,1.5370137231218984e-06,0.9999999999713283,5.593598740466688e-10,2.7912057714927553e-09,0.0027912057714927553,0.9999999179602971,1.7874773831443968e-07,8.91951214189015e-07,0.891951214189015,0.9999530076660152
2060.89,2065.88,2063.385,1.8524005548061195e-26,9.243478768482974e-26,9.243478768482974e-20,0.9999999999999996,2.923171891888308e-13,1.4586627740523347e-12,1.4586627740523347e-06,0.9999999999727869,5.408728711833353e-10,2.698955627204971e-09,0.002698955627204971,0.9999999206592527,1.7537401295027018e-07,8.751163246218897e-07,0.8751163246218897,0.9999538827823399
2065.88,2070.87,2068.375,1.6312016607674858e-26,8.139696287229398e-26,8.139696287229399e-20,0.9999999999999996,2.7741762446076436e-13,1.3843139460591537e-12,1.3843139460591536e-06,0.9999999999741712,5.229999277578136e-10,2.6097696395113755e-09,0.0026097696395113753,0.9999999232690223,1.720649703568445e-07,8.586042020806165e-07,0.8586042020806165,0.999954741386542
2070.87,2075.86,2073.365,1.4364249340888472e-26,7.167760421103687e-26,7.167760421103686e-20,0.9999999999999996,2.632790309325221e-13,1.3137623643533474e-12,1.3137623643533475e-06,0.9999999999754849,5.057205325449206e-10,2.5235454573992735e-09,0.0025235454573992737,0.9999999257925678,1.6881934696924536e-07,8.424085413765743e-07,0.8424085413765743,0.9999555837950833
2075.86,2080.85,2078.355,1.2649132184419498e-26,6.311916960025054e-26,6.311916960025054e-20,0.9999999999999996,2.498624583158508e-13,1.2468136669960408e-12,1.2468136669960407e-06,0.9999999999767317,4.890148638014083e-10,2.4401841703689204e-09,0.0024401841703689205,0.999999928232752,1.6563590446560005e-07,8.265231632833081e-07,0.8265231632833081,0.9999564103182466
2080.85,2085.84,2083.3450000000003,1.1138867305226721e-26,5.558294785308397e-26,5.558294785308397e-20,0.9999999999999996,2.3713095471942286e-13,1.183283464049976e-12,1.1832834640499761e-06,0.999999999977915,4.728637659222889e-10,2.3595901919523335e-09,0.0023595901919523333,0.9999999305923422,1.625134292490613e-07,8.109420119528542e-07,0.8109420119528542,0.9999572212602585
2085.84,2090.83,2088.335,9.808979370530786e-27,4.8946807058946485e-26,4.8946807058946484e-20,0.9999999999999996,2.2504946385386407e-13,1.1229968246307327e-12,1.1229968246307327e-06,0.999999999979038,4.5724872689396397e-10,2.2816711472007803e-09,0.00228167114720078,0.9999999328740133,1.5945073194076463e-07,7.956591523843807e-07,0.7956591523843807,0.9999580169194109
2090.83,2095.82,2093.325,8.637918291617026e-27,4.3103212275171e-26,4.3103212275171e-20,0.9999999999999996,2.1358472753931078e-13,1.0657877904212113e-12,1.0657877904212113e-06,0.9999999999801038,4.4215185651672014e-10,2.206337764018538e-09,0.002206337764018538,0.9999999350803511,1.5644664688352004e-07,7.80668767948802e-07,0.780668767948802,0.9999587975881788
2095.82,2100.81,2098.315,7.606709482924772e-27,3.795748031979295e-26,3.7957480319792954e-20,0.9999999999999996,2.0270519324112126e-13,1.0114989142731508e-12,1.0114989142731508e-06,0.9999999999811153,4.275558653700894e-10,2.133503768196653e-09,0.002133503768196653,0.9999999372138549,1.5350003165600462e-07,7.659651579634295e-07,0.7659651579634296,0.9999595635533368
2100.81,2105.8,2103.3050000000003,6.698645951053383e-27,3.3426243295757967e-26,3.342624329575797e-20,0.9999999999999996,1.923809263736271e-13,9.599808226044447e-13,9.599808226044448e-07,0.9999999999820753,4.134440444955082e-10,2.0630857820326834e-09,0.0020630857820326835,0.9999999392769408,1.5060976659722217e-07,7.515427353201743e-07,0.7515427353201742,0.9999603150960721
2105.8,2110.79,2108.295,5.899017208852101e-27,2.94360958721707e-26,2.94360958721707e-20,0.9999999999999996,1.8258352712529208e-13,9.110918003551676e-13,9.110918003551675e-07,0.9999999999829864,3.9980024577157175e-10,1.9950032264000557e-09,0.001995003226400056,0.999999941271944,1.4777475434100572e-07,7.373960241615863e-07,0.7373960241615862,0.9999610524920962
2110.79,2115.78,2113.285,5.194870608808749e-27,2.5922404337956887e-26,2.5922404337956886e-20,0.9999999999999996,1.7328605157147737e-13,8.646973973417131e-13,8.64697397341713e-07,0.9999999999838511,3.866088629580687e-10,1.929178226160854e-09,0.001929178226160854,0.9999999432011223,1.449939193603431e-07,7.235196576081463e-07,0.7235196576081463,0.9999617760117538
2115.78,2120.77,2118.275,4.574801217266596e-27,2.2828258074159318e-26,2.2828258074159317e-20,0.9999999999999996,1.6446293685311565e-13,8.206700548970112e-13,8.206700548970112e-07,0.9999999999846718,3.7385481338580703e-10,1.8655355187950953e-09,0.0018655355187950952,0.9999999450666578,1.4226620752131013e-07,7.099083755313065e-07,0.7099083755313065,0.9999624859201294
2120.77,2125.76,2123.2650000000003,4.028766815174266e-27,2.010354640772054e-26,2.010354640772054e-20,0.9999999999999996,1.5608993021111157e-13,7.788887517534837e-13,7.788887517534837e-07,0.9999999999854507,3.6152352027001566e-10,1.8040023661474636e-09,0.0018040023661474636,0.9999999468706602,1.3959058564640335e-07,6.965570223755857e-07,0.6965570223755857,0.9999631824771518
2125.76,2130.75,2128.255,3.547925019677373e-27,1.770414584818932e-26,1.770414584818932e-20,0.9999999999999996,1.4814402167716958e-13,7.392386681690439e-13,7.392386681690439e-07,0.9999999999861899,3.4960089562590096e-10,1.7445084691731695e-09,0.0017445084691731696,0.9999999486151686,1.3696604108706175e-07,6.834605450244082e-07,0.6834605450244082,0.9999638659376968
2130.75,2135.7400000000002,2133.245,3.1244898805434877e-27,1.5591204503912743e-26,1.5591204503912742e-20,0.9999999999999996,1.406033802321124e-13,7.016108673582741e-13,7.016108673582741e-07,0.9999999999868916,3.3807332376567104e-10,1.6869858855907783e-09,0.0016869858855907784,0.9999999503021545,1.3439158130518162e-07,6.70613990712888e-07,0.6706139907128881,0.9999645365516875
2135.7400000000002,2140.73,2138.235,2.7516056220371026e-27,1.373051205396454e-26,1.373051205396454e-20,0.9999999999999996,1.3344729325252539e-13,6.659019933300725e-13,6.659019933300725e-07,0.9999999999875575,3.2692764535707203e-10,1.631368950331718e-09,0.001631368950331718,0.9999999519335234,1.3186623346342766e-07,6.580125049824752e-07,0.6580125049824752,0.9999651945641924
2140.73,2145.7200000000003,2143.2250000000004,2.4232354795820254e-27,1.209194504311488e-26,1.209194504311488e-20,0.9999999999999996,1.2665610907586073e-13,6.32013984288575e-13,6.32013984288575e-07,0.9999999999881896,3.1615114202414963e-10,1.5775941987005814e-09,0.0015775941987005815,0.9999999535111176,1.293890440241468e-07,6.456513296805231e-07,0.6456513296805231,0.9999658402155222
2145.7200000000003,2150.71,2148.215,2.1340638259082618e-27,1.064897849128176e-26,1.0648978491281759e-20,0.9999999999999996,1.2021118252292544e-13,5.998538007893717e-13,5.998538007893717e-07,0.9999999999887894,3.057315214716346e-10,1.5256002921433898e-09,0.0015256002921433898,0.9999999550367179,1.2695907835669845e-07,6.335258009998976e-07,0.6335258009998975,0.9999664737413232
2150.71,2155.7000000000003,2153.205,1.8794099973703326e-27,9.378255886878405e-27,9.378255886878404e-21,0.9999999999999996,1.1409482322504464e-13,5.693331678929998e-13,5.693331678929998e-07,0.9999999999893587,2.9565690311499084e-10,1.4753279465438743e-09,0.0014753279465438743,0.9999999565120459,1.2457542035301832e-07,6.216313475615909e-07,0.6216313475615909,0.9999670953726707
2155.7000000000003,2160.69,2158.195,1.6551524212632505e-27,8.259210582103258e-27,8.259210582103258e-21,0.9999999999999996,1.082902466110829e-13,5.4036833058928e-13,5.4036833058928e-07,0.9999999999898991,2.8591580419879364e-10,1.4267198629519179e-09,0.001426719862951918,0.9999999579387657,1.2223717205123644e-07,6.099634885356432e-07,0.6099634885356432,0.9999677053361592
2160.69,2165.6800000000003,2163.1850000000004,1.4576618123447266e-27,7.273732443600531e-27,7.27373244360053e-21,0.9999999999999996,1.0278152741701968e-13,5.128798218109525e-13,5.128798218109525e-07,0.999999999990412,2.764971263866953e-10,1.3797206606696748e-09,0.0013797206606696749,0.9999999593184864,1.1994345326717614e-07,5.985178318032373e-07,0.5985178318032373,0.999968303853991
2165.6800000000003,2170.67,2168.175,1.2837423541234885e-27,6.405874347075927e-27,6.405874347075927e-21,0.9999999999999996,9.755355558787079e-14,4.86792242383454e-13,4.86792242383454e-07,0.9999999999908988,2.673901428068136e-10,1.3342768126059415e-09,0.0013342768126059414,0.9999999606527632,1.1769340123356021e-07,5.872900721554397e-07,0.5872900721554397,0.9999688911440632
2170.67,2175.6600000000003,2173.165,1.1305799101917077e-27,5.641593751856889e-27,5.641593751856889e-21,0.9999999999999996,9.259199444850888e-14,4.620340522980812e-13,4.620340522980812e-07,0.9999999999913609,2.5858448553695325e-10,1.290336582829458e-09,0.0012903365828294579,0.9999999619430998,1.154861702467591e-07,5.762759895313552e-07,0.5762759895313553,0.9999694674200527
2175.6600000000003,2180.65,2178.155,9.956964250747263e-28,4.9685251611226665e-27,4.968525161122666e-21,0.9999999999999996,8.788324102631103e-14,4.3853737272127283e-13,4.385373727212728e-07,0.9999999999917994,2.500701335145947e-10,1.247849966237773e-09,0.001247849966237773,0.9999999631909497,1.1332093132091776e-07,5.654714472913549e-07,0.5654714472913549,0.9999700328915
2180.65,2185.64,2183.145,8.769097746027687e-28,4.375779775267624e-27,4.3757797752676244e-21,0.9999999999999996,8.341438841462823e-14,4.162377981889767e-13,4.162377981889767e-07,0.9999999999922157,2.418374008571182e-10,1.206768630276967e-09,0.0012067686302769671,0.9999999643977184,1.1119687184930306e-07,5.54872390527998e-07,0.554872390527998,0.9999705877638905
2185.64,2190.63,2188.135,7.722984143117648e-28,3.8537690874158885e-27,3.853769087415889e-21,0.9999999999999996,7.917319007180472e-14,3.950742184583243e-13,3.950742184583243e-07,0.9999999999926108,2.3387692557821023e-10,1.1670458586353244e-09,0.0011670458586353245,0.9999999655647643,1.0911319527271001e-07,5.444748444108487e-07,0.5444748444108487,0.9999711322387349
2190.63,2195.62,2193.125,6.80170252294934e-28,3.394049558951572e-27,3.394049558951572e-21,0.9999999999999996,7.514802595594369e-14,3.749886495201426e-13,3.7498864952014257e-07,0.9999999999929858,2.2617965868692155e-10,1.1286364968476892e-09,0.0011286364968476892,0.9999999666934009,1.070691207547834e-07,5.342749125663458e-07,0.5342749125663457,0.9999716665136474
2195.62,2200.61,2198.115,5.990352415187535e-28,2.9891858551787215e-27,2.9891858551787217e-21,0.9999999999999996,7.132787040075064e-14,3.559260732997626e-13,3.559260732997626e-07,0.9999999999933418,2.187368536562725e-10,1.0914968997448514e-09,0.0010914968997448515,0.9999999677848977,1.0506388286409677e-07,5.242687754918677e-07,0.5242687754918677,0.9999721907824229
2200.61,2205.6,2203.105,5.275812470042248e-28,2.6326304225509665e-27,2.6326304225509666e-21,0.9999999999999996,6.770226164270634e-14,3.3783428559708987e-13,3.3783428559708986e-07,0.9999999999936796,2.1154005624878885e-10,1.05558488068141e-09,0.00105558488068141,0.9999999688404826,1.0309673126284907e-07,5.144526890015943e-07,0.5144526890015944,0.999972705235112
2205.6,2210.59,2208.0950000000003,4.646527964370227e-28,2.3186174542208533e-27,2.3186174542208535e-21,0.9999999999999996,6.426127291444374e-14,3.206637518430895e-13,3.206637518430895e-07,0.9999999999940002,2.0458109468676596e-10,1.0208596624870106e-09,0.0010208596624870106,0.9999999698613422,1.0116693040203518e-07,5.048229827061795e-07,0.5048229827061794,0.9999732100580947
2210.59,2215.58,2213.085,4.092323695739588e-28,2.0420695241739653e-27,2.0420695241739655e-21,0.9999999999999996,6.099548502361643e-14,3.0436747026783265e-13,3.0436747026783266e-07,0.9999999999943046,1.9785207015548027e-10,9.872818300758033e-10,0.0009872818300758032,0.999999970848624,9.927375922294851e-08,4.953760585224915e-07,0.49537605852249145,0.9999737054341532
2215.58,2220.57,2218.075,3.604239230186745e-28,1.798515375863271e-27,1.7985153758632707e-21,0.9999999999999996,5.78959603407103e-14,2.889008421001581e-13,2.8890084210015814e-07,0.9999999999945934,1.9134534762798609e-10,9.548132846636959e-10,0.0009548132846636958,0.9999999718034374,9.741651086488249e-08,4.861083892157867e-07,0.48610838921578664,0.9999741915425424
2220.57,2225.56,2223.065,3.1743838321638793e-28,1.5840175322497065e-27,1.5840175322497065e-21,0.9999999999999996,5.4954218123213567e-14,2.742215484348237e-13,2.7422154843482366e-07,0.9999999999948677,1.8505354700051589e-10,9.234171995325339e-10,0.0009234171995325339,0.9999999727268546,9.559449237889749e-08,4.770165169706777e-07,0.47701651697067765,0.9999746685590594
2225.56,2230.55,2228.0550000000003,2.7958087245581577e-28,1.3951085535545867e-27,1.3951085535545867e-21,0.9999999999999996,5.216221110730154e-14,2.60289433425447e-13,2.6028943342544704e-07,0.9999999999951279,1.7896953452788873e-10,8.930579772942071e-10,0.0008930579772942071,0.9999999736199126,9.380702444752191e-08,4.680970519931565e-07,0.46809705199315654,0.9999751366561114
2230.55,2235.54,2233.045,2.462394607849256e-28,1.228734909316725e-27,1.228734909316725e-21,0.9999999999999996,4.9512303301758454e-14,2.470663934757639e-13,2.470663934757639e-07,0.9999999999953749,1.7308641454868377e-10,8.637012085978943e-10,0.0008637012085978943,0.9999999744836138,9.205344111026047e-08,4.5934667114017965e-07,0.45934667114017963,0.9999755960027825
2235.54,2240.53,2238.035,2.168752615032477e-28,1.0822075549012571e-27,1.082207554901257e-21,0.9999999999999996,4.699724892222363e-14,2.34516272121907e-13,2.34516272121907e-07,0.9999999999956094,1.6739752149030401e-10,8.353136322366566e-10,0.0008353136322366565,0.9999999753189274,9.033308949478602e-08,4.507621165790036e-07,0.4507621165790036,0.9999760467648992
2240.53,2245.52,2243.025,1.9101370968897946e-28,9.531584113479658e-28,9.531584113479658e-22,0.9999999999999996,4.461017240705255e-14,2.2260476031118249e-13,2.226047603111825e-07,0.999999999995832,1.6189641214438492e-10,8.078630966004455e-10,0.0008078630966004454,0.9999999761267905,8.864532955369264e-08,4.423401944729069e-07,0.4423401944729069,0.9999764891050936
2245.52,2250.51,2248.0150000000003,1.682368824085007e-28,8.395020432184582e-28,8.395020432184582e-22,0.9999999999999996,4.234454945910827e-14,2.1129930180096028e-13,2.1129930180096028e-07,0.9999999999960433,1.565768582033379e-10,7.813185224346932e-10,0.0007813185224346932,0.999999976908109,8.69895338066922e-08,4.3407777369541463e-07,0.4340777736954146,0.9999769231828673
2250.51,2255.5,2253.005,1.4817673615073197e-28,7.394019133921202e-28,7.394019133921202e-22,0.9999999999999996,4.019418906067951e-14,2.00569003412782e-13,2.0056900341278198e-07,0.9999999999962439,1.5143283904912417e-10,7.556498668550965e-10,0.0007556498668550965,0.9999999776637589,8.536508708813654e-08,4.259717845697827e-07,0.42597178456978274,0.999977349154652
2255.5,2260.4900000000002,2257.995,1.3050915190367014e-28,6.512406679993448e-28,6.512406679993448e-22,0.9999999999999996,3.815321641144411e-14,1.9038454989311512e-13,1.903845498931151e-07,0.9999999999964343,1.4645853478567222e-10,7.308280885805391e-10,0.000730828088580539,0.999999978394587,8.377138629975169e-08,4.180192176357807e-07,0.4180192176357807,0.9999777671738697
2260.4900000000002,2265.48,2262.985,1.1494869138683724e-28,5.735939700202928e-28,5.735939700202928e-22,0.9999999999999996,3.621605674198137e-14,1.8071812314247914e-13,1.8071812314247913e-07,0.999999999996615,1.4164831950664643e-10,7.068251143381348e-10,0.0007068251143381348,0.9999999791014121,8.220784016847544e-08,4.102171224406745e-07,0.41021712244067454,0.9999781773909922
2265.48,2270.4700000000003,2267.9750000000004,1.0124397948404944e-28,5.052074576254307e-28,5.0520745762543065e-22,0.9999999999999996,3.437741995779008e-14,1.7154332558938062e-13,1.7154332558938062e-07,0.9999999999967866,1.3699675479054925e-10,6.836138064048732e-10,0.0006836138064048732,0.999999979785026,8.067386900928662e-08,4.025626063563593e-07,0.4025626063563593,0.9999785799535985
2270.4700000000003,2275.46,2272.965,8.917363807319841e-29,4.449764539852406e-28,4.449764539852406e-22,0.9999999999999996,3.2632286071088574e-14,1.6283510749472486e-13,1.6283510749472487e-07,0.9999999999969494,1.3249858341542383e-10,6.611679312429359e-10,0.0006611679312429359,0.9999999804461939,7.916890449292102e-08,3.9505283341965865e-07,0.39505283341965863,0.999978975006432
2275.46,2280.4500000000003,2277.955,7.85427053883451e-29,3.919280998878606e-28,3.919280998878606e-22,0.9999999999999996,3.097589137988149e-14,1.5456969798561596e-13,1.5456969798561595e-07,0.999999999997104,1.2814872328568576e-10,6.394621291956023e-10,0.0006394621291956023,0.999999981085656,7.769238941836977e-08,3.876850231976835e-07,0.3876850231976835,0.9999793626914552
2280.4500000000003,2285.44,2282.945,6.917948291958945e-29,3.4520561976873626e-28,3.4520561976873624e-22,0.9999999999999996,2.940371535586412e-14,1.4672453962575555e-13,1.4672453962575555e-07,0.9999999999972508,1.2394226156387413e-10,6.184718852037049e-10,0.0006184718852037048,0.999999981704128,7.624377749005945e-08,3.8045644967538e-07,0.38045644967538,0.9999797431479048
2285.44,2290.4300000000003,2287.9350000000004,6.093275878557671e-29,3.040544663400422e-28,3.040544663400422e-22,0.9999999999999996,2.7911468204720003e-14,1.3927822634155942e-13,1.3927822634155943e-07,0.9999999999973901,1.1987444900034897e-10,5.981735005117697e-10,0.0005981735005117697,0.9999999823023015,7.482253309961337e-08,3.7336444016708843e-07,0.3733644401670884,0.999980116512345
2290.4300000000003,2295.42,2292.925,5.366936261471918e-29,2.6781011944743703e-28,2.67810119447437e-22,0.9999999999999996,2.6495079064242393e-14,1.3221044453056376e-13,1.3221044453056377e-07,0.9999999999975223,1.1594069445421157e-10,5.785440653264904e-10,0.0005785440653264904,0.9999999828808456,7.342813111209698e-08,3.664063742493479e-07,0.3664063742493479,0.9999804829187192
2295.42,2300.4100000000003,2297.915,4.7272012343186026e-29,2.3588734159250945e-28,2.3588734159250947e-22,0.9999999999999996,2.5150684807496402e-14,1.25501917189413e-13,1.25501917189413e-07,0.9999999999976478,1.1213655959894768e-10,5.595614323987754e-10,0.0005595614323987754,0.999999983440407,7.206005665665273e-08,3.5957968271671413e-07,0.35957968271671414,0.9999808424984019
2300.4100000000003,2305.4,2302.905,4.163741806768645e-29,2.077707161577463e-28,2.077707161577463e-22,0.9999999999999996,2.3874619419925126e-14,1.1913435090542116e-13,1.1913435090542115e-07,0.9999999999977669,1.0845775380652319e-10,5.412041914945271e-10,0.000541204191494527,0.9999999839816112,7.071780492143128e-08,3.5288184655792667e-07,0.35288184655792665,0.9999811953802484
2305.4,2310.39,2307.895,3.66746122557584e-29,1.830063151562264e-28,1.830063151562264e-22,0.9999999999999996,2.2663403920908522e-14,1.1309038556532859e-13,1.1309038556532859e-07,0.99999999999788,1.0490012920387037e-10,5.234516447272902e-10,0.0005234516447272902,0.9999999845050628,6.940088095272863e-08,3.463103959541007e-07,0.3463103959541007,0.9999815416906443
2310.39,2315.38,2312.885,3.2303479283285996e-29,1.6119436162360475e-28,1.6119436162360475e-22,0.9999999999999996,2.1513736801799235e-14,1.0735354664098327e-13,1.0735354664098327e-07,0.9999999999979874,1.0145967589590945e-10,5.062837827206121e-10,0.0005062837827206121,0.9999999850113466,6.810879945823842e-08,3.3986290929662585e-07,0.3398629092966258,0.9999818815535536
2315.38,2320.37,2317.875,2.845346049779732e-29,1.4198276788400242e-28,1.4198276788400243e-22,0.9999999999999996,2.042248495390635e-14,1.0190819991998822e-13,1.0190819991998822e-07,0.9999999999980893,9.813251734946153e-11,4.896812615737916e-10,0.0004896812615737915,0.9999999855010279,6.684108461433509e-08,3.335370122255175e-07,0.3335370122255175,0.9999822150905658
2320.37,2325.36,2322.865,2.506241384907303e-29,1.2506144510688035e-28,1.2506144510688035e-22,0.9999999999999996,1.9386675061257812e-14,9.673950855568107e-14,9.673950855568107e-08,0.999999999998186,9.491490593258526e-11,4.736253806036229e-10,0.00047362538060362287,0.9999999859746532,6.559726987730026e-08,3.2733037668774384e-07,0.32733037668774384,0.9999825424209425
2325.36,2330.35,2327.855,2.2075609631922777e-29,1.1015729206328984e-28,1.1015729206328984e-22,0.9999999999999996,1.8403485434275416e-14,9.18333923170303e-14,9.18333923170303e-08,0.9999999999982778,9.180321860407505e-11,4.5809806083431447e-10,0.00045809806083431446,0.9999999864327513,6.437689779841065e-08,3.212407200140551e-07,0.32124072001405507,0.9999828636616626
2330.35,2335.34,2332.8450000000003,1.9444846090177782e-29,9.702978198999173e-29,9.702978198999173e-23,0.9999999999999996,1.7470238261719857e-14,8.717648892598621e-14,8.717648892598621e-08,0.999999999998365,8.879395274802212e-11,4.430818242126514e-10,0.00044308182421265137,0.9999999868758331,6.317951984280632e-08,3.152658040156185e-07,0.3152658040156185,0.9999831789274666
2335.34,2340.33,2337.835,1.7127670571821836e-29,8.546707615338722e-29,8.546707615338722e-23,0.9999999999999996,1.658439225943164e-14,8.275611737456026e-14,8.275611737456026e-08,0.9999999999984477,8.588372214852477e-11,4.2855977352111987e-10,0.0004285597735211199,0.9999999873043929,6.200469621205825e-08,3.094034340981571e-07,0.3094034340981571,0.9999834883309007
2340.33,2345.32,2342.825,1.5086693634168654e-29,7.528260123450515e-29,7.528260123450515e-23,0.9999999999999996,1.574353569549769e-14,7.856024312053718e-14,7.856024312053719e-08,0.9999999999985263,8.306925309979663e-11,4.1451557296800484e-10,0.0004145155729680048,0.9999999877189084,6.085199567035777e-08,3.036514583950997e-07,0.30365145839509966,0.9999837919823591
2345.32,2350.31,2347.815,1.3288985002823668e-29,6.63120351640872e-29,6.63120351640872e-23,0.9999999999999996,1.494537977252424e-14,7.45774450648927e-14,7.457744506489271e-08,0.9999999999986009,8.034738064708897e-11,4.009334294289564e-10,0.0004009334294289564,0.9999999881198418,5.972099537425335e-08,2.9800776691751117e-07,0.2980077669175112,0.999984089990126
2350.31,2355.3,2352.8050000000003,1.1705541613228597e-29,5.841065265001346e-29,5.841065265001346e-23,0.9999999999999996,1.4187752348687876e-14,7.079688421995586e-14,7.079688421995586e-08,0.9999999999986717,7.771504495399433e-11,3.877980743204501e-10,0.0003877980743204501,0.9999999885076399,5.861128070585787e-08,2.9247029072224463e-07,0.2924702907222446,0.9999843824604168
2355.3,2360.29,2357.795,1.0310819130368702e-29,5.145098746053757e-29,5.145098746053757e-23,0.9999999999999996,1.3468591980181344e-14,6.720827398110197e-14,6.720827398110197e-08,0.9999999999987389,7.516928779185181e-11,3.7509474608132414e-10,0.00037509474608132413,0.9999999888827347,5.7522445109454805e-08,2.870370010961669e-07,0.2870370010961669,0.9999846694974178
2360.29,2365.28,2362.785,9.082319369636172e-30,4.5320773654486647e-29,4.5320773654486646e-23,0.9999999999999996,1.2785942268564188e-14,6.380185192013832e-14,6.380185192013832e-08,0.9999999999988027,7.270724914712279e-11,3.628091732441599e-10,0.0003628091732441599,0.9999999892455439,5.645408993143119e-08,2.8170590875785497e-07,0.28170590875785495,0.9999849512033265
2365.28,2370.27,2367.775,8.00022694653538e-30,3.9921132463209803e-29,3.99211324632098e-23,0.9999999999999996,1.2137946497378004e-14,6.05683530219136e-14,6.05683530219136e-08,0.9999999999988634,7.032616394274411e-11,3.5092755807427776e-10,0.00035092755807427777,0.9999999895964714,5.5405824263468966e-08,2.7647506307469807e-07,0.27647506307469805,0.9999852276783896
2370.27,2375.26,2372.7650000000003,7.047089279557938e-30,3.5164975504995775e-29,3.5164975504995776e-23,0.9999999999999996,1.1522842543188336e-14,5.749898429051252e-14,5.749898429051252e-08,0.9999999999989209,6.802335886960448e-11,3.3943656075934244e-10,0.0003394365607593424,0.999999989935908,5.437726478892499e-08,2.7134255129674855e-07,0.27134255129674856,0.9999854990209409
2375.26,2380.25,2377.755,6.207534772049388e-30,3.097559851252509e-29,3.097559851252509e-23,0.9999999999999996,1.0938958046979614e-14,5.4585400654425886e-14,5.4585400654425884e-08,0.9999999999989755,6.579624932441637e-11,3.283232841288233e-10,0.00032832328412882333,0.9999999902642313,5.3368035632333474e-08,2.663064978053324e-07,0.2663064978053324,0.9999857653274388
2380.25,2385.2400000000002,2382.745,5.4680246166111775e-30,2.7285442836891067e-29,2.7285442836891067e-23,0.9999999999999996,1.0384705832552341e-14,5.181968210443864e-14,5.181968210443864e-08,0.9999999999990273,6.36423364503888e-11,3.1757525888745514e-10,0.00031757525888745516,0.9999999905818066,5.23777682119656e-08,2.6136506337772074e-07,0.26136506337772075,0.9999860266925021
2385.2400000000002,2390.23,2387.735,4.816634209529239e-30,2.403500470554985e-29,2.403500470554985e-23,0.9999999999999996,9.85857955925933e-15,4.91943120007019e-14,4.91943120007019e-08,0.9999999999990765,6.155920427722516e-11,3.071804293433401e-10,0.0003071804293433401,0.999999990888987,5.140610109538231e-08,2.565164444659465e-07,0.2565164444659465,0.9999862832089466
2390.23,2395.2200000000003,2392.7250000000004,4.2428606417147856e-30,2.1171874602157783e-29,2.1171874602157784e-23,0.9999999999999996,9.35914959706699e-15,4.6702156489366495e-14,4.6702156489366496e-08,0.9999999999991233,5.954451695709087e-11,2.971271396158975e-10,0.0002971271396158975,0.999999991186114,5.045267985791832e-08,2.517588724910244e-07,0.25175887249102435,0.9999865349678191
2395.2200000000003,2400.21,2397.715,3.7374531544375936e-30,1.8649891240642775e-29,1.8649891240642775e-23,0.9999999999999996,8.885059112546189e-15,4.4336444971603544e-14,4.4336444971603545e-08,0.9999999999991676,5.759601609330589e-11,2.874041203055838e-10,0.0002874041203055838,0.9999999914735181,4.951715694403473e-08,2.470906131507225e-07,0.2470906131507225,0.9999867820584323
2400.21,2405.2000000000003,2402.705,3.2922638195644676e-30,1.642839645962747e-29,1.6428396459627472e-23,0.9999999999999996,8.43502035498198e-15,4.2090751571362075e-14,4.209075157136208e-08,0.9999999999992096,5.5711518158632185e-11,2.780004756115878e-10,0.0002780004756115878,0.9999999917515187,4.859919153148155e-08,2.425099657421044e-07,0.2425099657421044,0.999987024568398
2405.2000000000003,2410.19,2407.695,2.9001160310967824e-30,1.4471578995172312e-29,1.4471578995172313e-23,0.9999999999999996,8.007811132348212e-15,3.995897755041583e-14,3.995897755041583e-08,0.9999999999992496,5.3888912000131935e-11,2.6890567088064657e-10,0.00026890567088064656,0.9999999920204243,4.769844939821155e-08,2.3801526249706522e-07,0.23801526249706523,0.9999872625836606
2410.19,2415.1800000000003,2412.6850000000004,2.5546886828294004e-30,1.2747896527319313e-29,1.2747896527319312e-23,0.9999999999999996,7.602271467418164e-15,3.793533462241844e-14,3.793533462241844e-08,0.9999999999992876,5.21261564276721e-11,2.601095205740961e-10,0.0002601095205740961,0.9999999922805338,4.681460279198804e-08,2.3360486793203138e-07,0.2336048679320314,0.9999874961885284
2415.1800000000003,2420.17,2417.675,2.2504141605955124e-30,1.1229566661371116e-29,1.1229566661371116e-23,0.9999999999999996,7.217300424783062e-15,3.601432911966591e-14,3.6014329119665906e-08,0.9999999999993235,5.042127788325314e-11,2.5160217663742213e-10,0.0002516021766374221,0.999999992532136,4.594733030262964e-08,2.2927717821011188e-07,0.22927717821011187,0.9999877254657067
2420.17,2425.1600000000003,2422.665,1.982388500921348e-30,9.892118619597996e-30,9.892118619597996e-24,0.9999999999999996,6.851853100023606e-15,3.419074696911941e-14,3.419074696911941e-08,0.9999999999993577,4.877236818843492e-11,2.433741172603018e-10,0.00024337411726030181,0.9999999927755101,4.509631673683776e-08,2.250306205168311e-07,0.2250306205168311,0.9999879504963272
2425.1600000000003,2430.15,2427.655,1.7462922646101506e-30,8.71399840040427e-30,8.713998400404271e-24,0.9999999999999996,6.504937762730192e-15,3.245963943602224e-14,3.2459639436022235e-08,0.9999999999993902,4.717758236722691e-11,2.3541613601245196e-10,0.00023541613601245196,0.9999999930109262,4.426125299555429e-08,2.2086365244780622e-07,0.22086365244780623,0.9999881713599796
2430.15,2435.1400000000003,2432.6450000000004,1.5383208469883204e-30,7.676221026472082e-30,7.676221026472082e-24,0.9999999999999996,6.175613145492589e-15,3.081630959600948e-14,3.081630959600948e-08,0.999999999999421,4.563513654189592e-11,2.2771933134407143e-10,0.00022771933134407144,0.9999999932386455,4.344183595379507e-08,2.1677476140944767e-07,0.21677476140944768,0.999988388134741
2435.1400000000003,2440.13,2437.635,1.3551230990847789e-30,6.762064264432751e-30,6.762064264432752e-24,0.9999999999999996,5.862985871385067e-15,2.925629949821021e-14,2.9256299498210208e-08,0.9999999999994503,4.414330589923425e-11,2.2027509643716927e-10,0.00022027509643716926,0.9999999934589207,4.263776834290822e-08,2.127624640311027e-07,0.21276246403110272,0.999988600897205
2440.13,2445.12,2442.625,1.1937472683439167e-30,5.956798869035884e-30,5.956798869035884e-24,0.9999999999999996,5.566208012856166e-15,2.7775377984151054e-14,2.7775377984151054e-08,0.9999999999994781,4.2700422724912897e-11,2.1307510939730603e-10,0.00021307510939730604,0.9999999936719958,4.184875863520799e-08,2.0882530558967873e-07,0.20882530558967874,0.9999888097225106
2445.12,2450.11,2447.615,1.0515933857685443e-30,5.247450994985285e-30,5.247450994985285e-24,0.9999999999999996,5.284474775296914e-15,2.6369529128732853e-14,2.6369529128732854e-08,0.9999999999995045,4.1304874503626775e-11,2.0611132377310737e-10,0.00020611132377310737,0.9999999938781071,4.1074520930934077e-08,2.0496185944537077e-07,0.20496185944537076,0.9999890146843701
2450.11,2455.1,2452.605,9.263713305654013e-31,4.62259293952115e-30,4.62259293952115e-24,0.9999999999999996,5.017022298905325e-15,2.5034941271536477e-14,2.503494127153648e-08,0.9999999999995295,3.99551020828146e-11,1.9937595939323615e-10,0.00019937595939323614,0.9999999940774831,4.031477484748783e-08,2.011707264889555e-07,0.20117072648895548,0.9999892158550966
2455.1,2460.09,2457.5950000000003,8.160638951088342e-31,4.072158836593275e-30,4.072158836593275e-24,0.9999999999999996,4.7631255727935045e-15,2.3767996608240713e-14,2.376799660824071e-08,0.9999999999995532,3.8649597897812716e-11,1.928614935100946e-10,0.0001928614935100946,0.9999999942703446,3.956924541089993e-08,1.974505346004e-07,0.1974505346004,0.9999894133056312
2460.09,2465.08,2462.585,7.188942538317527e-31,3.587282326620289e-30,3.587282326620289e-24,0.9999999999999996,4.522096455593212e-15,2.256526131340914e-14,2.256526131340914e-08,0.9999999999995758,3.738690425637428e-11,1.865606522392995e-10,0.0001865606522392995,0.9999999944569052,3.883766294948115e-08,1.9379993811790247e-07,0.19379993811790247,0.9999896071055693
2465.08,2470.07,2467.575,6.332973108044533e-31,3.160153580914372e-30,3.160153580914372e-24,0.9999999999999996,4.293281797111379e-15,2.1423476167586798e-14,2.1423476167586798e-08,0.9999999999995972,3.616561168055536e-11,1.804664022859798e-10,0.0001804664022859798,0.9999999946373717,3.811976298961216e-08,1.902176173181737e-07,0.1902176173181737,0.9999897973231866
2470.07,2475.06,2472.565,5.578944634224869e-31,2.783893372478088e-30,2.7838933724780882e-24,0.9999999999999996,4.076061655865722e-15,2.0339547662769064e-14,2.0339547662769062e-08,0.9999999999996175,3.4984357304038544e-11,1.745719429471447e-10,0.0001745719429471447,0.9999999948119436,3.741528615362905e-08,1.867022779066008e-07,0.1867022779066008,0.9999899840254645
2475.06,2480.05,2477.5550000000003,4.914713748075367e-31,2.4524421602897244e-30,2.4524421602897245e-24,0.9999999999999996,3.869847607596105e-15,1.931053956190548e-14,1.931053956190548e-08,0.9999999999996368,3.3841823323027395e-11,1.688706983819147e-10,0.0001688706983819147,0.9999999949808143,3.672397805975991e-08,1.8325265051821066e-07,0.18325265051821066,0.999990167278115
2480.05,2485.04,2482.545,4.329583961236306e-31,2.160462396656822e-30,2.160462396656822e-24,0.9999999999999996,3.674081140098273e-15,1.833366488908958e-14,1.833366488908958e-08,0.9999999999996552,3.273673549891059e-11,1.633563101395567e-10,0.00016335631013955672,0.9999999951441706,3.6045589224070246e-08,1.7986749022810267e-07,0.17986749022810267,0.9999903471456052
2485.04,2490.03,2487.535,3.814133228101733e-31,1.903252480822855e-30,1.903252480822855e-24,0.9999999999999996,3.488232129965803e-15,1.7406278328530183e-14,1.7406278328530182e-08,0.9999999999996726,3.166786171095443e-11,1.580226299376701e-10,0.0001580226299376701,0.9999999953021932,3.5379874964376904e-08,1.7654557607224913e-07,0.17654557607224913,0.9999905236911812
2490.03,2495.02,2492.525,3.3600620642587027e-31,1.6766709700650194e-30,1.6766709700650194e-24,0.9999999999999996,3.311797397051818e-15,1.652586901128785e-14,1.6525869011287852e-08,0.9999999999996891,3.063401055734274e-11,1.5286371268113358e-10,0.00015286371268113358,0.9999999954550569,3.472659530608895e-08,1.732857105773763e-07,0.1732857105773763,0.9999906969768918
2495.02,2500.01,2497.5150000000003,2.960059769928047e-31,1.4770698251941654e-30,1.4770698251941654e-24,0.9999999999999996,3.1442993326769486e-15,1.5690053670058715e-14,1.5690053670058715e-08,0.9999999999997048,2.963403000293844e-11,1.4787380971466983e-10,0.00014787380971466982,0.9999999956029307,3.4085514889936234e-08,1.7008671930078986e-07,0.17008671930078986,0.9999908670636111
2500.01,2505.0,2502.505,2.6076865996473147e-31,1.3012356132239532e-30,1.3012356132239532e-24,0.9999999999999996,2.9852845978132766e-15,1.48965701430876e-14,1.48965701430876e-08,0.9999999999997197,2.8666806072196357e-11,1.4304736230025356e-10,0.00014304736230025356,0.9999999957459781,3.345640288154685e-08,1.6694745037891146e-07,0.16694745037891146,0.9999910340110615
2505.0,2509.9900000000002,2507.495,2.297269976906322e-31,1.146337718476309e-30,1.1463377184763091e-24,0.9999999999999996,2.8343228876677384e-15,1.4143271209462684e-14,1.4143271209462685e-08,0.9999999999997338,2.7731261585711255e-11,1.3837899531270572e-10,0.00013837899531270572,0.9999999958843571,3.2839032882834877e-08,1.638667740853538e-07,0.1638667740853538,0.9999911978778355
2509.9900000000002,2514.98,2512.485,2.0238130791983936e-31,1.0098827265199542e-30,1.0098827265199542e-24,0.9999999999999996,2.6910057592712e-15,1.34281187387627e-14,1.34281187387627e-08,0.9999999999997472,2.6826354938935112e-11,1.3386351114528035e-10,0.00013386351114528036,0.9999999960182205,3.2233182845162215e-08,1.6084358239735242e-07,0.1608435823973524,0.9999913587214179
2514.98,2519.9700000000003,2517.4750000000004,1.782914318653331e-31,8.896742450080544e-31,8.896742450080544e-25,0.9999999999999996,2.554945518853511e-15,1.2749178139079624e-14,1.2749178139079625e-08,0.99999999999976,2.5951078921648216e-11,1.2949588381903074e-10,0.00012949588381903074,0.9999999961477164,3.163863498423722e-08,1.5787678857135123e-07,0.15787678857135123,0.9999915165982064
2519.9700000000003,2524.96,2522.465,1.5706964192974658e-31,7.837775132294012e-31,7.837775132294011e-25,0.9999999999999996,2.425774165949448e-15,1.2104613088087217e-14,1.2104613088087217e-08,0.9999999999997721,2.5104459576814717e-11,1.2527125328829996e-10,0.00012527125328829996,0.9999999962729876,3.105517569671511e-08,1.5496532672660162e-07,0.15496532672660163,0.9999916715635331
2524.96,2529.9500000000003,2527.455,1.3837439468867465e-31,6.904882294965192e-31,6.904882294965192e-25,0.9999999999999996,2.3031423913373604e-15,1.1492680532773973e-14,1.1492680532773973e-08,0.9999999999997836,2.4285555097501863e-11,1.2118491993654003e-10,0.00012118491993654003,0.9999999963941726,3.048259547846438e-08,1.5210815143754444e-07,0.15210815143754444,0.9999918236716845
2529.9500000000003,2534.94,2532.445,1.2190482836813727e-31,6.083050935569784e-31,6.083050935569784e-25,0.9999999999999996,2.1867186260603324e-15,1.0911725944040581e-14,1.0911725944040582e-08,0.9999999999997945,2.3493454760585256e-11,1.172323392553153e-10,0.00011723233925531529,0.9999999965114049,2.992068884446599e-08,1.4930423733387875e-07,0.14930423733387874,0.9999919729759218
2534.94,2539.9300000000003,2537.4350000000004,1.0739591606816727e-31,5.3590562118018e-31,5.3590562118018e-25,0.9999999999999996,2.076188138920695e-15,1.0360178813214759e-14,1.0360178813214758e-08,0.9999999999998048,2.272727789600652e-11,1.1340911670107792e-10,0.00011340911670107792,0.9999999966248141,2.9369254250312e-08,1.4655257870906383e-07,0.14655257870906382,0.9999921195285005
2539.9300000000003,2544.92,2542.425,9.461419656647351e-32,4.721248408666822e-31,4.721248408666822e-25,0.9999999999999996,1.971252179972029e-15,9.836548378059996e-15,9.836548378059996e-09,0.9999999999998147,2.1986172890390088e-11,1.0971100272304174e-10,0.00010971100272304174,0.9999999967345251,2.8828094015269376e-08,1.438521891361879e-07,0.14385218913618789,0.9999922633806897
2544.92,2549.9100000000003,2547.415,8.335401385608974e-32,4.159365291419075e-31,4.159365291419075e-25,0.9999999999999996,1.8716271676598955e-15,9.339419566623322e-15,9.339419566623322e-09,0.999999999999824,2.1269316223867438e-11,1.0613388795710355e-10,0.00010613388795710355,0.999999996840659,2.8297014246878836e-08,1.4120210109193208e-07,0.14120210109193207,0.9999924045827908
2549.9100000000003,2554.9,2552.405,7.343420477929227e-32,3.664366818486524e-31,3.664366818486524e-25,0.9999999999999996,1.7770439173824194e-15,8.867449147737884e-15,8.867449147737884e-09,0.9999999999998329,2.0575911538996186e-11,1.0267379857958648e-10,0.00010267379857958649,0.9999999969433327,2.777582476705619e-08,1.3860136558760432e-07,0.13860136558760433,0.9999925431841564
2554.9,2559.8900000000003,2557.3950000000004,6.469518134950717e-32,3.2282895493405606e-31,3.228289549340561e-25,0.9999999999999996,1.6872469093560782e-15,8.419362077687229e-15,8.419362077687229e-09,0.9999999999998413,1.9905188740697296e-11,9.932689181608422e-11,9.932689181608421e-05,0.9999999970426596,2.726433903966606e-08,1.3604905180794008e-07,0.13604905180794008,0.9999926792332082
2559.8900000000003,2564.88,2562.385,5.699636072026182e-32,2.8441183999409405e-31,2.8441183999409403e-25,0.9999999999999996,1.6019935937800291e-15,7.993948032961996e-15,7.993948032961996e-09,0.9999999999998493,1.9256403126171514e-11,9.608945159959165e-11,9.608945159959165e-05,0.9999999971387491,2.6762374099537193e-08,1.3354424675668475e-07,0.13354424675668475,0.999992812777455
2564.88,2569.87,2567.375,5.0213901368228e-32,2.505673678274468e-31,2.505673678274468e-25,0.9999999999999996,1.5210537313952785e-15,7.590058119662107e-15,7.590058119662107e-09,0.9999999999998569,1.8628834543790648e-11,9.295788437351126e-11,9.295788437351126e-05,0.999999997231707,2.626975048289087e-08,1.310860549096197e-07,0.1310860549096197,0.9999929438635099
2569.87,2574.86,2572.365,4.423870899667216e-32,2.207511578934045e-31,2.2075115789340453e-25,0.9999999999999996,1.444208767632126e-15,7.20660175048465e-15,7.206601750484651e-09,0.9999999999998641,1.8021786579993306e-11,8.992871503417085e-11,8.992871503417085e-05,0.9999999973216357,2.578629215915297e-08,1.2867359787417943e-07,0.12867359787417942,0.9999930725371078
2574.86,2579.85,2577.355,3.897468001592781e-32,1.9448365327947124e-31,1.9448365327947124e-25,0.9999999999999996,1.3712512386317952e-15,6.842543680772359e-15,6.842543680772359e-09,0.999999999999871,1.7434585773247217e-11,8.699858300849981e-11,8.69985830084998e-05,0.9999999974086343,2.531182646412143e-08,1.2630601405596041e-07,0.12630601405596042,0.9999931988431219
2579.85,2584.84,2582.3450000000003,3.4337154289086684e-32,1.7134239990255068e-31,1.7134239990255068e-25,0.9999999999999996,1.3019842075157876e-15,6.496901195504088e-15,6.496901195504087e-09,0.9999999999998775,1.686658085417223e-11,8.416423846232341e-11,8.41642384623234e-05,0.9999999974927986,2.4846184034462338e-08,1.2398245833197294e-07,0.12398245833197294,0.9999933228255802
2584.84,2589.83,2587.335,3.0251552205827065e-32,1.5095524550707046e-31,1.5095524550707046e-25,0.9999999999999996,1.2362207293597361e-15,6.168741439504813e-15,6.168741439504813e-09,0.9999999999998838,1.631714201094782e-11,8.142253863462605e-11,8.142253863462606e-05,0.9999999975742211,2.438919874350633e-08,1.2170210173009127e-07,0.12170210173009127,0.9999934445276819
2589.83,2594.82,2592.325,2.665217411966696e-32,1.3299434885714443e-31,1.3299434885714444e-25,0.9999999999999996,1.17378334340735e-15,5.857178883602955e-15,5.857178883602955e-09,0.9999999999998896,1.57856601791594e-11,7.877044429400915e-11,7.877044429400916e-05,0.9999999976529915,2.3940707638319524e-08,1.1946413111522008e-07,0.11946413111522008,0.999993563991813
2594.82,2599.81,2597.315,2.3481142801909514e-32,1.1717090258152335e-31,1.1717090258152334e-25,0.9999999999999996,1.114503591134935e-15,5.561372919763082e-15,5.561372919763083e-09,0.9999999999998952,1.5271546355265982e-11,7.620501631277391e-11,7.620501631277392e-05,0.9999999977291966,2.3500550878023608e-08,1.1726774888133267e-07,0.11726774888133268,0.9999936812595619
2599.81,2604.8,2602.3050000000003,2.0687471871408653e-32,1.0323048463833407e-31,1.0323048463833408e-25,0.9999999999999996,1.0582215588480445e-15,5.280525578651993e-15,5.2805255786519925e-09,0.9999999999999005,1.4774230932898815e-11,7.372341235516858e-11,7.372341235516858e-05,0.9999999978029199,2.3068571673338755e-08,1.1511217264996584e-07,0.11511217264996584,0.9999937963717346
2604.8,2609.79,2607.295,1.822624519025216e-32,9.094896349935431e-32,9.094896349935431e-26,0.9999999999999996,1.004785443559081e-15,5.013879363359595e-15,5.0138793633595946e-09,0.9999999999999055,1.4293163061227253e-11,7.132288367552087e-11,7.132288367552087e-05,0.9999999978742428,2.2644616227324686e-08,1.1299663497434524e-07,0.11299663497434524,0.9999939093683695
2609.79,2614.78,2612.285,1.605789400431566e-32,8.012889108153894e-32,8.012889108153894e-26,0.9999999999999996,9.540511409587405e-16,4.760715193384341e-15,4.760715193384341e-09,0.9999999999999103,1.3827810024654609e-11,6.900077202302977e-11,6.900077202302977e-05,0.9999999979432436,2.2228533677296204e-08,1.109203830497133e-07,0.1109203830497133,0.9999940202887526
2614.78,2619.77,2617.275,1.4147560183239994e-32,7.059632531436448e-32,7.059632531436447e-26,0.9999999999999996,9.05881854354741e-16,4.52035045322996e-15,4.52035045322996e-09,0.9999999999999148,1.3377656643130387e-11,6.675450664921771e-11,6.675450664921772e-05,0.9999999980099981,2.1820176037888733e-08,1.0888267842906002e-07,0.10888267842906002,0.999994129171431
2619.77,2624.76,2622.2650000000003,1.2464535302179727e-32,6.219803115787979e-32,6.219803115787979e-26,0.9999999999999996,8.601477235089345e-16,4.2921371403097866e-15,4.292137140309786e-09,0.9999999999999192,1.2942204692390744e-11,6.458160141503287e-11,6.458160141503287e-05,0.9999999980745796,2.141939814525079e-08,1.068827967448065e-07,0.10688279674480651,0.9999942360542278
2624.76,2629.75,2627.255,1.0981766530025762e-32,5.479901498482616e-32,5.479901498482616e-26,0.9999999999999996,8.167254723583756e-16,4.075460107068116e-15,4.0754601070681156e-09,0.9999999999999233,1.2520972343460308e-11,6.24796519938642e-11,6.24796519938642e-05,0.9999999981370593,2.1026057602340677e-08,1.0492002743567539e-07,0.10492002743567538,0.9999943409742552
2629.75,2634.7400000000002,2632.245,9.675421365476317e-33,4.828035261372911e-32,4.828035261372911e-26,0.9999999999999996,7.754980746578677e-16,3.869735392542943e-15,3.869735392542943e-09,0.9999999999999272,1.2113493620772521e-11,6.044633316765774e-11,6.044633316765774e-05,0.9999999981975056,2.0640014725304555e-08,1.0299367347927461e-07,0.10299367347927461,0.9999944439679287
2634.7400000000002,2639.73,2637.235,8.524504210662121e-33,4.253727601120212e-32,4.253727601120212e-26,0.9999999999999996,7.363544366305591e-16,3.6744086387863295e-15,3.6744086387863297e-09,0.9999999999999308,1.1719317878286678e-11,5.847939621264796e-11,5.8479396212647964e-05,0.9999999982559851,2.0261132490914552e-08,1.0110305112965919e-07,0.10110305112965919,0.9999945450709798
2639.73,2644.7200000000003,2642.2250000000004,7.510518607335927e-33,3.747748785060805e-32,3.7477487850608053e-26,0.9999999999999996,6.991890957598998e-16,3.4889535878420656e-15,3.488953587842066e-09,0.9999999999999343,1.133800929300067e-11,5.6576666372076025e-11,5.6576666372076024e-05,0.9999999983125617,1.9889276485045515e-08,9.924748966038183e-08,0.09924748966038183,0.9999946443184695
2644.7200000000003,2649.71,2647.215,6.617169696387631e-33,3.3019676784972833e-32,3.3019676784972835e-26,0.9999999999999996,6.639019349004298e-16,3.312870655153e-15,3.312870655153e-09,0.9999999999999376,1.0969146375278378e-11,5.4736040412636714e-11,5.473604041263672e-05,0.9999999983672977,1.9524314852168727e-08,9.742633111231769e-08,0.09742633111231769,0.9999947417448006
2649.71,2654.7000000000003,2652.205,5.83010210951185e-33,2.909220952646551e-32,2.9092209526465506e-26,0.9999999999999996,6.303979109269049e-16,3.1456855755254043e-15,3.1456855755254044e-09,0.9999999999999407,1.0612321495430758e-11,5.295548426220199e-11,5.295548426220199e-05,0.9999999984202532,1.9166118245842428e-08,9.563893004675824e-08,0.09563893004675825,0.9999948373837306
2654.7000000000003,2659.69,2657.195,5.1366690726863176e-33,2.5631978672703606e-32,2.5631978672703606e-26,0.9999999999999996,5.985867971811644e-16,2.98694811793388e-15,2.98694811793388e-09,0.9999999999999437,1.0267140426008503e-11,5.123303072578019e-11,5.123303072578019e-05,0.9999999984714862,1.881455978017955e-08,9.388465330309185e-08,0.09388465330309186,0.9999949312683839
2659.69,2664.6800000000003,2662.1850000000004,4.525729003921572e-33,2.2583387729569715e-32,2.2583387729569714e-26,0.9999999999999996,5.683829390138475e-16,2.8362308656792335e-15,2.8362308656792334e-09,0.9999999999999466,9.933221899281429e-12,4.956677727741668e-11,4.956677727741668e-05,0.999999998521053,1.8469514982272094e-08,9.216287976154211e-08,0.09216287976154211,0.9999950234312637
2664.6800000000003,2669.67,2667.175,3.987466330632958e-33,1.989745698985759e-32,1.989745698985759e-26,0.9999999999999996,5.397050217540025e-16,2.6931280585523546e-15,2.6931280585523548e-09,0.9999999999999493,9.610197179398542e-12,4.795488392519663e-11,4.795488392519663e-05,0.9999999985690079,1.8130861745553094e-08,9.047300011030598e-08,0.09047300011030598,0.9999951139042638
2669.67,2674.6600000000003,2672.165,3.5132336420946156e-33,1.7531035874052962e-32,1.7531035874052962e-26,0.9999999999999996,5.124758504736329e-16,2.5572544938635495e-15,2.5572544938635497e-09,0.9999999999999518,9.297709648738828e-12,4.639557114720895e-11,4.6395571147208953e-05,0.9999999986154035,1.7798480284077644e-08,8.881441661755165e-08,0.08881441661755164,0.9999952027186804
2674.6600000000003,2679.65,2677.155,3.095412636062703e-33,1.5446109053952214e-32,1.5446109053952214e-26,0.9999999999999996,4.866221409465884e-16,2.42824448332337e-15,2.42824448332337e-09,0.9999999999999543,8.995414407979967e-12,4.488711789581807e-11,4.488711789581807e-05,0.9999999986602905,1.7472253087704068e-08,8.718654290763948e-08,0.08718654290763948,0.9999952899052232
2679.65,2684.6400000000003,2682.1450000000004,2.7272916213351318e-33,1.3609185190462952e-32,1.3609185190462953e-26,0.9999999999999996,4.620743212317612e-16,2.3057508629465977e-15,2.3057508629465976e-09,0.9999999999999566,8.702977889427449e-12,4.342785966824503e-11,4.342785966824503e-05,0.9999999987037184,1.7152064878157237e-08,8.558880374200867e-08,0.08558880374200867,0.999995375494027
2684.6400000000003,2689.63,2687.135,2.4029576046316856e-33,1.1990758447111586e-32,1.1990758447111587e-26,0.9999999999999996,4.387663433396894e-16,2.189444053264954e-15,2.189444053264954e-09,0.9999999999999588,8.420077483161993e-12,4.201618664097651e-11,4.201618664097651e-05,0.9999999987457345,1.683780256595641e-08,8.402063480411881e-08,0.08402063480411881,0.9999954595146617
2689.63,2694.62,2692.125,2.1172012250285567e-33,1.0564834112892036e-32,1.0564834112892036e-26,0.9999999999999996,4.1663550446922305e-16,2.079011167301332e-15,2.0790111673013322e-09,0.9999999999999609,8.146401175578332e-12,4.06505418661341e-11,4.0650541866134095e-05,0.9999999987863851,1.6529355208189812e-08,8.248148248886355e-08,0.08248148248886356,0.9999955419961443
2694.62,2699.61,2697.115,1.8654330060500276e-33,9.308510700190079e-33,9.30851070019008e-27,0.9999999999999996,3.956222773271486e-16,1.974155163862565e-15,1.974155163862565e-09,0.9999999999999629,7.881647199902558e-12,3.9329419527515626e-11,3.932941952751563e-05,0.9999999988257146,1.622661396711949e-08,8.09708036959301e-08,0.0809708036959301,0.999995622966948
2699.61,2704.6,2702.105,1.643609577742481e-33,8.201611792934622e-33,8.201611792934622e-27,0.9999999999999996,3.7567014906842994e-16,1.8745940438513834e-15,1.8745940438513836e-09,0.9999999999999648,7.625523698288969e-12,3.805136325446029e-11,3.805136325446029e-05,0.9999999988637659,1.592947206959919e-08,7.948806562729648e-08,0.07948806562729648,0.9999957024550136
2704.6,2709.59,2707.0950000000003,1.4481686815695105e-33,7.2263617210322e-33,7.2263617210322e-27,0.9999999999999996,3.5672546841836446e-16,1.780060087407723e-15,1.780060087407723e-09,0.9999999999999666,7.377748395110599e-12,3.681496449160363e-11,3.681496449160363e-05,0.9999999989005809,1.5637824767289594e-08,7.803274558877877e-08,0.07803274558877876,0.9999957804877592
2709.59,2714.58,2712.085,1.2759719123585205e-33,6.367099842668739e-33,6.367099842668739e-27,0.9999999999999996,3.3873730056028654e-16,1.6902991297957559e-15,1.6902991297957558e-09,0.9999999999999682,7.138048281071039e-12,3.561886092254293e-11,3.561886092254293e-05,0.9999999989361997,1.5351569297654146e-08,7.660433079529084e-08,0.07660433079529083,0.9999958570920899
2714.58,2719.57,2717.075,1.124254276076283e-33,5.6100288376209175e-33,5.6100288376209175e-27,0.9999999999999996,3.2165728939367774e-16,1.605069874074528e-15,1.605069874074528e-09,0.9999999999999698,6.9061593077770064e-12,3.4461734945808894e-11,3.44617349458089e-05,0.9999999989706615,1.5070604845720184e-08,7.520231818014729e-08,0.07520231818014729,0.9999959322944081
2719.57,2724.56,2722.065,9.905797519223981e-34,4.94299296209255e-33,4.94299296209255e-27,0.9999999999999996,3.054395267877238e-16,1.524143238670675e-15,1.524143238670675e-09,0.9999999999999714,6.681826092423785e-12,3.334231220119323e-11,3.334231220119323e-05,0.9999999990040038,1.4794832506590408e-08,7.382621420788291e-08,0.0738262142078829,0.9999960061206223
2724.56,2729.55,2727.0550000000003,8.728021438714562e-34,4.355282697918773e-33,4.355282697918773e-27,0.9999999999999996,2.900404284744184e-16,1.4473017380874164e-15,1.4473017380874164e-09,0.9999999999999728,6.464801632256863e-12,3.225936014496328e-11,3.225936014496328e-05,0.9999999990362631,1.4524155248689004e-08,7.247553469096157e-08,0.07247553469096156,0.999996078596157
2729.55,2734.54,2732.045,7.6903059192534215e-34,3.837462653707289e-33,3.837462653707289e-27,0.9999999999999996,2.754186162434835e-16,1.3743388950549226e-15,1.3743388950549227e-09,0.9999999999999741,6.254847028484402e-12,3.12116866721358e-11,3.12116866721358e-05,0.9999999990674748,1.4258477877727894e-08,7.114980460985908e-08,0.07114980460985908,0.9999961497459616
2734.54,2739.53,2737.035,6.775991883276613e-34,3.3812199497551904e-33,3.381219949755191e-27,0.9999999999999996,2.615348061185693e-16,1.3050586825317227e-15,1.3050586825317227e-09,0.9999999999999755,6.0517312193262894e-12,3.0198138784439616e-11,3.0198138784439617e-05,0.999999999097673,1.3997707001378993e-08,6.984855793688448e-08,0.06984855793688448,0.9999962195945196
2739.53,2744.52,2742.025,5.970402100506009e-34,2.979230648152368e-33,2.979230648152368e-27,0.9999999999999996,2.4835170221056326e-16,1.2392749940306564e-15,1.2392749940306564e-09,0.9999999999999767,5.855230721895998e-12,2.921760130225975e-11,2.9217601302259752e-05,0.9999999991268906,1.3741750994638033e-08,6.857133746324079e-08,0.06857133746324079,0.9999962881658571
2744.52,2749.51,2747.0150000000003,5.260605370549677e-34,2.625042079904413e-33,2.625042079904413e-27,0.9999999999999996,2.358338959592894e-16,1.17681114083691e-15,1.1768111408369098e-09,0.9999999999999779,5.665129382621437e-12,2.8268995619282312e-11,2.826899561928231e-05,0.9999999991551596,1.3490519965866226e-08,6.731769462967566e-08,0.06731769462967566,0.9999963554835517
2749.51,2754.5,2752.005,4.635208770841165e-34,2.31296917664964e-33,2.3129691766496402e-27,0.9999999999999996,2.2394777048961863e-16,1.1174993747431481e-15,1.1174993747431481e-09,0.999999999999979,5.4812181359208315e-12,2.7351278498243753e-11,2.7351278498243753e-05,0.9999999991825108,1.3243925723496304e-08,6.608718936024367e-08,0.06608718936024367,0.9999964215707411
2754.5,2759.4900000000002,2756.995,4.08417462907609e-34,2.0380031399090655e-33,2.0380031399090654e-27,0.9999999999999996,2.1266140982194742e-16,1.061180435011568e-15,1.061180435011568e-09,0.9999999999999801,5.303294770859436e-12,2.646344090658984e-11,2.6463440906589837e-05,0.9999999992089742,1.3001881743389383e-08,6.487938989951609e-08,0.0648793898995161,0.999996486450131
2759.4900000000002,2764.48,2761.985,3.5986592770758555e-34,1.7957309792607734e-33,1.7957309792607733e-27,0.9999999999999996,2.0194451269027637e-16,1.007703118324435e-15,1.007703118324435e-09,0.9999999999999811,5.131163705521673e-12,2.560450689055203e-11,2.5604506890552028e-05,0.9999999992345787,1.2764303136829952e-08,6.369387265277867e-08,0.06369387265277868,0.9999965501440036
2764.48,2769.4700000000003,2766.9750000000004,3.1708709934125185e-34,1.5822646257129218e-33,1.5822646257129219e-27,0.9999999999999996,1.9176831073365286e-16,9.56923870560973e-16,9.569238705609731e-10,0.9999999999999821,4.964635768842607e-12,2.4773532486525783e-11,2.4773532486525784e-05,0.9999999992593522,1.2531106619146353e-08,6.253022202954327e-08,0.06253022202954327,0.9999966126742256
2769.4700000000003,2774.46,2771.965,2.7939448508007597e-34,1.3941784805495182e-33,1.3941784805495182e-27,0.9999999999999996,1.8210549083869082e-16,9.087063992850275e-16,9.087063992850275e-10,0.999999999999983,4.803527989650617e-12,2.396960466835553e-11,2.396960466835553e-05,0.9999999992833218,1.2302210478943743e-08,6.138803028992659e-08,0.06138803028992659,0.9999966740622559
2774.46,2779.4500000000003,2776.955,2.4618324561811537e-34,1.228454395634454e-33,1.228454395634454e-27,0.9999999999999996,1.729301214221865e-16,8.629213058967515e-16,8.629213058967515e-10,0.9999999999999839,4.647663392681961e-12,2.3191840329484086e-11,2.3191840329484087e-05,0.9999999993065137,1.207753454793769e-08,6.026689739421193e-08,0.06026689739421193,0.9999967343291533
2779.4500000000003,2784.44,2781.945,2.169204810954989e-34,1.0824332006664921e-33,1.0824332006664921e-27,0.9999999999999996,1.6421758245361392e-16,8.194457364434976e-16,8.194457364434976e-10,0.9999999999999847,4.4968708013357275e-12,2.24393852986643e-11,2.24393852986643e-05,0.9999999993289531,1.1857000171376657e-08,5.916643085516693e-08,0.05916643085516693,0.9999967934955841
2784.44,2789.4300000000003,2786.9350000000004,1.9113667298444065e-34,9.53771998192404e-34,9.53771998192404e-28,0.9999999999999996,1.5594449902744978e-16,7.781630501470113e-16,7.781630501470113e-10,0.9999999999999855,4.350984646945336e-12,2.1711413388258255e-11,2.1711413388258255e-05,0.9999999993506645,1.164053017904123e-08,5.8086245593418495e-08,0.058086245593418497,0.9999968515818297
2789.4300000000003,2794.42,2791.925,1.6841814427397397e-34,8.404065399270933e-34,8.404065399270933e-28,0.9999999999999996,1.4808867830495556e-16,7.389625047416959e-16,7.389625047416959e-10,0.9999999999999862,4.209844784350204e-12,2.10071254739066e-11,2.10071254739066e-05,0.9999999993716716,1.1428048856808613e-08,5.7025963795472485e-08,0.057025963795472485,0.9999969086077936
2794.42,2799.4100000000003,2796.915,1.4840041676507644e-34,7.405180796577665e-34,7.405180796577665e-28,0.9999999999999996,1.4062904965424535e-16,7.017389577747176e-16,7.017389577747176e-10,0.9999999999999869,4.073296313558508e-12,2.032574860465792e-11,2.032574860465792e-05,0.9999999993919974,1.1219481918771535e-08,5.5985214774672613e-08,0.055985214774672616,0.9999969645930084
2799.4100000000003,2804.4,2801.905,1.307623587135789e-34,6.525041699807302e-34,6.525041699807302e-28,0.9999999999999996,1.3354560782615848e-16,6.663925830525017e-16,6.663925830525017e-10,0.9999999999999876,3.941189407299106e-12,1.9666535142421678e-11,1.966653514242168e-05,0.9999999994116638,1.1014756479900168e-08,5.496363483469943e-08,0.05496363483469943,0.9999970195566432
2804.4,2809.3900000000003,2806.8950000000004,1.152210287663613e-34,5.749529335441701e-34,5.749529335441701e-28,0.9999999999999996,1.268193590117341e-16,6.328286014685831e-16,6.328286014685831e-10,0.9999999999999882,3.813379144266912e-12,1.9028761929892792e-11,1.9028761929892793e-05,0.9999999994306926,1.0813801029236422e-08,5.3960867135892305e-08,0.05396086713589231,0.9999970735175103
2809.3900000000003,2814.38,2811.885,1.0152713333159668e-34,5.066203953246453e-34,5.066203953246453e-28,0.9999999999999996,1.2043226963491976e-16,6.009570254782233e-16,6.009570254782233e-10,0.9999999999999888,3.689725347873118e-12,1.8411729485886054e-11,1.8411729485886055e-05,0.9999999994491043,1.061654540361008e-08,5.297656156401198e-08,0.05297656156401198,0.9999971264940719
2814.38,2819.3700000000003,2816.875,8.946102438608269e-35,4.464105116865738e-34,4.464105116865737e-28,0.9999999999999996,1.1436721774161227e-16,5.706924165306723e-16,5.706924165306723e-10,0.9999999999999893,3.5700924303175354e-12,1.7814761227285347e-11,1.7814761227285348e-05,0.9999999994669191,1.0422920761866158e-08,5.201037460171459e-08,0.05201037460171459,0.9999971785044465
2819.3700000000003,2824.36,2821.8650000000002,7.88291734109631e-35,3.933575753206887e-34,3.933575753206887e-28,0.9999999999999996,1.0860794685317858e-16,5.419536547973374e-16,5.419536547973374e-10,0.9999999999999899,3.454349241806717e-12,1.7237202716614764e-11,1.7237202716614763e-05,0.9999999994841563,1.0232859559593654e-08,5.1061969202370105e-08,0.051061969202370106,0.9999972295664157
2824.36,2829.35,2826.855,6.946106480103294e-35,3.4661071335713923e-34,3.4661071335713924e-28,0.9999999999999996,1.031390221593205e-16,5.146637205749868e-16,5.146637205749868e-10,0.9999999999999905,3.3423689247471855e-12,1.6678420934487726e-11,1.6678420934487724e-05,0.9999999995008347,1.0046295524345743e-08,5.013101466648306e-08,0.050131014666483065,0.9999972796974304
2829.35,2834.34,2831.8450000000003,6.120645883558803e-35,3.0542022958959876e-34,3.0542022958959876e-28,0.9999999999999996,9.794578893149825e-17,4.887494867681994e-16,4.887494867681993e-10,0.9999999999999909,3.2340287727487393e-12,1.6137803576016975e-11,1.6137803576016975e-05,0.9999999995169725,9.863163631341196e-09,4.9217186520394904e-08,0.049217186520394904,0.9999973289146169
2834.34,2839.33,2836.835,5.393298023892651e-35,2.6912557139223153e-34,2.6912557139223154e-28,0.9999999999999996,9.301433304419638e-17,4.641415218905197e-16,4.6414152189051965e-10,0.9999999999999913,3.1292100942787183e-12,1.561475837045012e-11,1.561475837045012e-05,0.9999999995325872,9.683400079638138e-09,4.8320166397392196e-08,0.04832016639739219,0.9999973772347833
2839.33,2844.32,2841.825,4.7523993591568074e-35,2.371447280219359e-34,2.371447280219359e-28,0.9999999999999996,8.833144349701293e-17,4.407739030501154e-16,4.407739030501154e-10,0.9999999999999918,3.027798080812744e-12,1.510871242325631e-11,1.5108712423256309e-05,0.9999999995476959,9.506942268770316e-09,4.7439641921166126e-08,0.04743964192116613,0.9999974246744252
2844.32,2849.31,2846.815,4.1876731463436554e-35,2.089648900025393e-34,2.089648900025393e-28,0.9999999999999996,8.388457683602314e-17,4.185840384117372e-16,4.185840384117372e-10,0.9999999999999922,2.929681679333326e-12,1.4619111579872658e-11,1.4619111579872657e-05,0.999999999562315,9.333728775836904e-09,4.657530659142411e-08,0.04657530659142411,0.9999974712497318
2849.31,2854.3,2851.8050000000003,3.6900645201574854e-35,1.8413421955586724e-34,1.8413421955586724e-28,0.9999999999999996,7.966182337801768e-17,3.9751249865632707e-16,3.9751249865632706e-10,0.9999999999999927,2.8347534690320217e-12,1.4145419810470459e-11,1.4145419810470459e-05,0.9999999995764605,9.16369933303694e-09,4.57268596718565e-08,0.0457268596718565,0.9999975169765914
2854.3,2859.29,2856.795,3.2515951882964856e-35,1.6225459989598752e-34,1.6225459989598752e-28,0.9999999999999996,7.565187514611382e-17,3.7750285697909143e-16,3.7750285697909144e-10,0.999999999999993,2.7429095420761164e-12,1.3687118614959223e-11,1.3687118614959222e-05,0.9999999995901476,8.996794805639309e-09,4.489400608013819e-08,0.04489400608013819,0.9999975618705975
2859.29,2864.28,2861.785,2.865235409511068e-35,1.4297524693460907e-34,1.4297524693460907e-28,0.9999999999999996,7.184399542990186e-17,3.5850153719522726e-16,3.5850153719522724e-10,0.9999999999999933,2.6540493883051214e-12,1.3243706447643183e-11,1.3243706447643184e-05,0.9999999996033914,8.83295717038001e-09,4.4076456280198344e-08,0.044076456280198344,0.9999976059470538
2864.28,2869.27,2866.775,2.524791198400183e-35,1.2598708080016363e-34,1.2598708080016362e-28,0.9999999999999996,6.822798988769218e-17,3.404576695395691e-16,3.404576695395691e-10,0.9999999999999937,2.568075783727088e-12,1.2814698160797609e-11,1.2814698160797608e-05,0.9999999996162061,8.672129494278057e-09,4.3273926176445616e-08,0.04327392617644561,0.99999764922098
2869.27,2874.26,2871.7650000000003,2.2248049455508603e-35,1.110177667829932e-34,1.110177667829932e-28,0.9999999999999996,6.479417911262271e-17,3.233229537720026e-16,3.233229537720026e-10,0.999999999999994,2.4848946826888985e-12,1.2399624466618191e-11,1.239962446661819e-05,0.9999999996286058,8.514255913861759e-09,4.2486137010172185e-08,0.04248613701017218,0.999997691707117
2874.26,2879.25,2876.755,1.9604678571552068e-35,9.782734607204054e-35,9.782734607204054e-29,0.9999999999999996,6.153337258835713e-17,3.0705152921588863e-16,3.0705152921588865e-10,0.9999999999999943,2.404415113598912e-12,1.1998031416858046e-11,1.1998031416858045e-05,0.9999999996406038,8.359281614797372e-09,4.171281525783706e-08,0.041712815257837065,0.9999977334199324
2879.25,2884.2400000000002,2881.745,1.7275428081181694e-35,8.620438612510073e-35,8.620438612510073e-29,0.9999999999999996,5.843684396388798e-17,2.9159985137981482e-16,2.915998513798148e-10,0.9999999999999947,2.3265490780844457e-12,1.1609479899641934e-11,1.1609479899641934e-05,0.9999999996522133,8.207152811912009e-09,4.095369253144286e-08,0.04095369253144286,0.9999977743736249
2884.2400000000002,2889.23,2886.735,1.5222963699514042e-35,7.596258886057175e-35,7.596258886057175e-29,0.9999999999999996,5.549630758053148e-17,2.7692657482683997e-16,2.7692657482683996e-10,0.9999999999999949,2.2512114534704957e-12,1.1233545152817283e-11,1.1233545152817283e-05,0.9999999996634469,8.057816729603166e-09,4.0208505480718035e-08,0.04020850548071803,0.9999978145821304
2889.23,2894.2200000000003,2891.7250000000004,1.3414389221234867e-35,6.693780221396516e-35,6.693780221396516e-29,0.9999999999999996,5.2703896187605015e-17,2.6299244197616147e-16,2.6299244197616147e-10,0.9999999999999951,2.178319898469789e-12,1.0869816293364762e-11,1.0869816293364761e-05,0.9999999996743167,7.911221582627363e-09,3.947699569731241e-08,0.03947699569731241,0.9999978540591261
2894.2200000000003,2899.21,2896.715,1.1820718853744514e-35,5.898538708018254e-35,5.898538708018254e-29,0.9999999999999996,5.005213978649908e-17,2.4976017753461946e-16,2.4976017753461946e-10,0.9999999999999953,2.10779476197791e-12,1.051789586226931e-11,1.051789586226931e-05,0.9999999996848347,7.767316557260002e-09,3.875890962072572e-08,0.03875890962072572,0.9999978928180357
2899.21,2904.2000000000003,2901.705,1.0416412298904363e-35,5.197789737153523e-35,5.197789737153523e-29,0.9999999999999996,4.753394554592645e-17,2.371943882741842e-16,2.371943882741842e-10,0.9999999999999956,2.039558994870919e-12,1.0177399384406368e-11,1.0177399384406368e-05,0.9999999996950121,7.626051792819592e-09,3.805399844617157e-08,0.03805399844617157,0.9999979308720341
2904.2000000000003,2909.19,2906.695,9.178965120100187e-36,4.580303594929793e-35,4.580303594929793e-29,0.9999999999999996,4.5142578734030266e-17,2.252614678828012e-16,2.2526146788280117e-10,0.9999999999999958,1.9735380647060945e-12,9.84795494288298e-12,9.84795494288298e-06,0.99999999970486,7.487378363548886e-09,3.736201803410731e-08,0.03736201803410731,0.9999979682340522
2909.19,2914.1800000000003,2911.6850000000004,8.088547819192595e-36,4.036185361777296e-35,4.0361853617772957e-29,0.9999999999999996,4.287164461579513e-17,2.1392950663282786e-16,2.1392950663282785e-10,0.999999999999996,1.9096598732299535e-12,9.52920276741792e-12,9.529202767417919e-06,0.9999999997143891,7.3512482608460746e-09,3.668272882162365e-08,0.03668272882162365,0.999998004916781
2914.1800000000003,2919.17,2916.675,7.127687830127142e-36,3.5567162272332885e-35,3.5567162272332886e-29,0.9999999999999996,4.0715071266818735e-17,2.031682056214166e-16,2.0316820562141662e-10,0.9999999999999962,1.8478546766006203e-12,9.220794836236692e-12,9.220794836236693e-06,0.99999999972361,7.217614375838907e-09,3.601589573543457e-08,0.03601589573543457,0.9999980409326767
2919.17,2924.1600000000003,2921.665,6.28098932512062e-36,3.134213673235338e-35,3.134213673235338e-29,0.9999999999999996,3.8667093256994075e-17,1.9294879535240959e-16,1.929487953524096e-10,0.9999999999999964,1.7880550082349208e-12,8.922394491092678e-12,8.922394491092677e-06,0.9999999997325324,7.086430482295298e-09,3.536128810665521e-08,0.03536128810665521,0.9999980762939649
2924.1600000000003,2929.15,2926.655,5.5348863364834706e-36,2.761908281905131e-35,2.761908281905131e-29,0.9999999999999996,3.6722236160005336e-17,1.832439584384186e-16,1.832439584384186e-10,0.9999999999999967,1.7301956041935013e-12,8.633676064925194e-12,8.633676064925193e-06,0.999999999741166,6.957651219863583e-09,3.471867958711776e-08,0.03471867958711776,0.9999981110126445
2929.15,2934.1400000000003,2931.6450000000004,4.877425232047515e-36,2.433835190791825e-35,2.433835190791825e-29,0.9999999999999996,3.487530184677906e-17,1.7402775621543576e-16,1.7402775621543577e-10,0.9999999999999969,1.6742133310200917e-12,8.354324521790654e-12,8.354324521790654e-06,0.9999999997495204,6.831232077636027e-09,3.408784806740539e-08,0.03408784806740539,0.9999981451004926
2934.1400000000003,2939.13,2936.635,4.29807305343839e-36,2.1447384536656627e-35,2.1447384536656626e-29,0.9999999999999996,3.312135452316054e-17,1.6527555907056387e-16,1.6527555907056386e-10,0.999999999999997,1.6200471159538253e-12,8.084035108609235e-12,8.084035108609236e-06,0.9999999997576045,6.707129378029276e-09,3.3468575596364624e-08,0.033468575596364625,0.9999981785690681
2939.13,2944.1200000000003,2941.625,3.787548641635817e-36,1.8899867721763622e-35,1.8899867721763622e-29,0.9999999999999996,3.145570747409856e-17,1.5696398029575925e-16,1.5696398029575925e-10,0.9999999999999971,1.5676378794362766e-12,7.822513018387391e-12,7.822513018387392e-06,0.999999999765427,6.585300260975371e-09,3.2860648302268656e-08,0.032860648302268654,0.9999982114297165
2944.1200000000003,2949.11,2946.6150000000002,3.337673840072685e-36,1.6654992461961968e-35,1.6654992461961967e-29,0.9999999999999996,2.987391047853953e-17,1.4907081328790572e-16,1.4907081328790572e-10,0.9999999999999972,1.5169284698374923e-12,7.569473064488756e-12,7.569473064488756e-06,0.9999999997729965,6.4657026684174064e-09,3.2263856315401444e-08,0.03226385631540144,0.9999982436935728
2949.11,2954.1,2951.605,2.9412423878124396e-36,1.4676799515183432e-35,1.4676799515183432e-29,0.9999999999999996,2.83717378610444e-17,1.4157497192660535e-16,1.4157497192660536e-10,0.9999999999999973,1.467863600327655e-12,7.324639365634678e-12,7.324639365634678e-06,0.9999999997803211,6.348295329103886e-09,3.1677993692227004e-08,0.031677993692227006,0.9999982753715665
2954.1,2959.09,2956.5950000000003,2.5919043992965977e-36,1.2933602952490635e-35,1.2933602952490634e-29,0.9999999999999996,2.6945177147870005e-17,1.344564339678777e-16,1.344564339678777e-10,0.9999999999999974,1.4203897878236108e-12,7.087745041240154e-12,7.0877450412401535e-06,0.9999999997874088,6.2330377436756044e-09,3.110285834094274e-08,0.031102858340942736,0.9999983064744248
2959.09,2964.08,2961.585,2.2840645773263566e-36,1.139748224085802e-35,1.139748224085802e-29,0.9999999999999996,2.5590418296893086e-17,1.2769618730149092e-16,1.2769618730149093e-10,0.9999999999999976,1.3744552939418289e-12,6.858531916769426e-12,6.858531916769426e-06,0.9999999997942673,6.119890170039718e-09,3.0538251948496856e-08,0.030538251948496856,0.9999983370126767
2964.08,2969.07,2966.575,2.01279252635455e-36,1.0043834706509681e-35,1.0043834706509681e-29,0.9999999999999996,2.430384347230596e-17,1.212761789268125e-16,1.212761789268125e-10,0.9999999999999977,1.3300100678914561e-12,6.636750238778681e-12,6.636750238778681e-06,0.9999999998009041,6.008813609025125e-09,2.9983979909036794e-08,0.029983979909036795,0.9999983669966566
2969.07,2974.06,2971.565,1.7737437273615294e-36,8.850981199533645e-36,8.850981199533645e-30,0.9999999999999996,2.3082017336490826e-17,1.1517926650908417e-16,1.1517926650908417e-10,0.9999999999999978,1.2870056912435892e-12,6.422158399305229e-12,6.422158399305229e-06,0.9999999998073263,5.89976979031373e-09,2.9439851253664225e-08,0.029439851253664225,0.9999983964365078
2974.06,2979.05,2976.5550000000003,1.5630899066831885e-36,7.79981863434948e-36,7.79981863434948e-30,0.9999999999999996,2.1921677832878798e-17,1.0938917238607039e-16,1.0938917238607039e-10,0.9999999999999979,1.2453953245147999e-12,6.214522669329146e-12,6.2145226693291455e-06,0.9999999998135408,5.792721158642183e-09,2.890567858162586e-08,0.028905678581625863,0.9999984253421864
2979.05,2984.04,2981.545,1.3774576819051856e-36,6.873513832706575e-36,6.873513832706575e-30,0.9999999999999996,2.081972743492679e-17,1.0389043990028015e-16,1.0389043990028014e-10,0.999999999999998,1.205133655505072e-12,6.013616940970046e-12,6.013616940970046e-06,0.9999999998195545,5.687630860268827e-09,2.8381277992740203e-08,0.028381277992740202,0.9999984537234644
2984.04,2989.03,2986.535,1.2138745007530009e-36,6.057233758757762e-36,6.0572337587577616e-30,0.9999999999999996,1.977322483760761e-17,9.866839193966664e-17,9.866839193966664e-11,0.9999999999999981,1.1661768493322998e-12,5.819222478168452e-12,5.819222478168452e-06,0.9999999998253737,5.584462729700561e-09,2.786646902120712e-08,0.02786646902120712,0.9999984815899334
2989.03,2994.02,2991.525,1.069721005926132e-36,5.3379078195711656e-36,5.3379078195711654e-30,0.9999999999999996,1.8779377069007374e-17,9.37090915743427e-17,9.37090915743427e-11,0.9999999999999982,1.1284825001074544e-12,5.631127675535951e-12,5.631127675535951e-06,0.9999999998310048,5.483181276674703e-09,2.736107457060557e-08,0.027361074570605572,0.999998508951008
2994.02,2999.01,2996.5150000000003,9.426890619251942e-37,4.704018419006942e-36,4.704018419006942e-30,0.9999999999999996,1.783553200075775e-17,8.89993046837854e-17,8.899930468378539e-11,0.9999999999999983,1.092009584196244e-12,5.449127825139516e-12,5.449127825139516e-06,0.9999999998364539,5.38375167339073e-09,2.6864920850221017e-08,0.02686492085022102,0.9999985358159288
2999.01,3004.0,3001.505,8.307447707604292e-37,4.1454164060943604e-36,4.14541640609436e-30,0.9999999999999996,1.6939171237110912e-17,8.452646447317975e-17,8.452646447317976e-11,0.9999999999999984,1.05671841501504e-12,5.2730248909248194e-12,5.27302489092482e-06,0.9999999998417269,5.286139741987122e-09,2.6377837312514587e-08,0.02637783731251459,0.9999985621937661
3004.0,3008.9900000000002,3006.495,7.320958834652081e-37,3.6531584584915614e-36,3.653158458491561e-30,0.9999999999999996,1.6087903363487805e-17,8.027863778380795e-17,8.027863778380795e-11,0.9999999999999986,1.0225705993104586e-12,5.1026272905594306e-12,5.10262729055943e-06,0.9999999998468295,5.190311942258327e-09,2.589965659187028e-08,0.025899656591870282,0.9999985880934228
3008.9900000000002,3013.98,3011.485,6.451630848557732e-37,3.2193637934301676e-36,3.2193637934301675e-30,0.9999999999999996,1.527945753630449e-17,7.624449310615606e-17,7.624449310615606e-11,0.9999999999999987,9.895289948737468e-13,4.93774968441978e-12,4.937749684419781e-06,0.9999999998517672,5.096235359607491e-09,2.543021444444027e-08,0.025430214444440272,0.9999986135236373
3013.98,3018.9700000000003,3016.4750000000004,5.685546911094277e-37,2.8370879086361788e-36,2.837087908636179e-30,0.9999999999999996,1.451167739680056e-17,7.241327021003823e-17,7.241327021003823e-11,0.9999999999999988,9.57557669642676e-13,4.7782127715171795e-12,4.77821277151718e-06,0.9999999998565454,5.003877693230052e-09,2.4969349689219144e-08,0.024969349689219145,0.999998638492987
3018.9700000000003,3023.96,3021.465,5.010443544760105e-37,2.5002113288351827e-36,2.5002113288351827e-30,0.9999999999999996,1.3782515292471648e-17,6.877475130943051e-17,6.877475130943052e-11,0.9999999999999989,9.266218621452211e-13,4.623843092104451e-12,4.623843092104451e-06,0.9999999998611693,4.9132072445237796e-09,2.451690415017259e-08,0.02451690415017259,0.9999986630098912
3023.96,3028.9500000000003,3026.455,4.415514176703352e-37,2.2033415741750773e-36,2.2033415741750772e-30,0.9999999999999996,1.309002679053756e-17,6.531923368478552e-17,6.531923368478552e-11,0.999999999999999,8.966879432408493e-13,4.4744728367720504e-12,4.4744728367720504e-06,0.9999999998656437,4.824192905720945e-09,2.4072722599548658e-08,0.02407272259954866,0.9999986870826137
3028.9500000000003,3033.94,3031.445,3.8912360299045495e-37,1.9417267789222853e-36,1.9417267789222852e-30,0.9999999999999996,1.2432365468668925e-17,6.203750368865522e-17,6.203750368865522e-11,0.9999999999999991,8.677233791166872e-13,4.3299396617920794e-12,4.32993966179208e-06,0.9999999998699737,4.736804148738179e-09,2.363665270220248e-08,0.02363665270220248,0.9999987107192665
3033.94,3038.9300000000003,3036.4350000000004,3.4292175865039207e-37,1.7111795756655376e-36,1.7111795756655376e-30,0.9999999999999996,1.1807777968941456e-17,5.892081206502066e-17,5.892081206502067e-11,0.9999999999999992,8.396966954972406e-13,4.190086510531429e-12,4.190086510531429e-06,0.9999999998741638,4.651011014239819e-09,2.3208544961057796e-08,0.023208544961057797,0.9999987339278115
3038.9300000000003,3043.92,3041.425,3.0220641780748554e-37,1.5080100248592867e-36,1.5080100248592868e-30,0.9999999999999996,1.1214599301699552e-17,5.596085051547832e-17,5.5960850515478316e-11,0.9999999999999993,8.125774430276911e-13,4.054761440708001e-12,4.054761440708001e-06,0.9999999998782185,4.566784100910624e-09,2.278825266354302e-08,0.022788252663543018,0.9999987567160641
3043.92,3048.9100000000003,3046.415,2.6632595483321393e-37,1.3289665146178004e-36,1.3289665146178005e-30,0.9999999999999996,1.0651248386684916e-17,5.3149729449560246e-17,5.3149729449560246e-11,0.9999999999999993,7.863361637921701e-13,3.923817457323114e-12,3.923817457323114e-06,0.9999999998821424,4.484094554933659e-09,2.237563182912002e-08,0.02237563182912002,0.9999987790916959
3048.9100000000003,3053.9,3051.405,2.3470614898855785e-37,1.1711836834528525e-36,1.1711836834528525e-30,0.9999999999999996,1.0116223819427898e-17,5.0479956858943005e-17,5.047995685894301e-11,0.9999999999999993,7.609443589296221e-13,3.7971123510586485e-12,3.7971123510586486e-06,0.9999999998859395,4.40291405966953e-09,2.1970541157749995e-08,0.021970541157749993,0.999998801062237
3053.9,3058.8900000000003,3056.3950000000004,2.068409882321362e-37,1.0321365312784084e-36,1.0321365312784084e-30,0.9999999999999996,9.608099851505517e-18,4.7944418259014805e-17,4.79444182590148e-11,0.9999999999999993,7.363744573111805e-13,3.674508541982965e-12,3.674508541982965e-06,0.999999999889614,4.323214825532917e-09,2.157284197941028e-08,0.02157284197941028,0.999998822635079
3058.8900000000003,3063.88,3061.385,1.8228456577311866e-37,9.095999832078223e-37,9.095999832078223e-31,0.9999999999999996,9.12552257384855e-18,4.553635764350227e-17,4.553635764350227e-11,0.9999999999999993,7.125997852440738e-13,3.5558729283677725e-12,3.5558729283677726e-06,0.9999999998931698,4.2449695800626604e-09,2.118239820451175e-08,0.02118239820451175,0.9999988438174772
3063.88,3068.8700000000003,3066.375,1.6064393950090297e-37,8.016132581095439e-37,8.016132581095438e-31,0.9999999999999996,8.667206292827385e-18,4.3249359401210703e-17,4.3249359401210706e-11,0.9999999999999993,6.895945371683215e-13,3.441076740470087e-12,3.441076740470087e-06,0.9999999998966108,4.168151558181531e-09,2.0799076275326826e-08,0.020799076275326827,0.9999988646165534
3068.8700000000003,3073.86,3071.3650000000002,1.4157283986041772e-37,7.064484709034535e-37,7.064484709034535e-31,0.9999999999999996,8.231930089367603e-18,4.107733114594254e-17,4.1077331145942544e-11,0.9999999999999993,6.673337473135642e-13,3.32999539909454e-12,3.32999539909454e-06,0.9999999998999408,4.09273449264209e-09,2.0422745118283133e-08,0.020422745118283132,0.9999988850392986
3073.86,3078.85,3076.355,1.2476612534356513e-37,6.225829654643627e-37,6.225829654643627e-31,0.9999999999999996,7.818534551838632e-18,3.901448741367307e-17,3.901448741367307e-11,0.9999999999999993,6.457932622844471e-13,3.2225083787992503e-12,3.2225083787992503e-06,0.9999999999031634,4.018692604655083e-09,2.0053276097227987e-08,0.020053276097227988,0.9999989050925747
3078.85,3083.84,3081.3450000000003,1.0995489675196065e-37,5.486749347923097e-37,5.486749347923097e-31,0.9999999999999996,7.425918673928066e-18,3.7055334182902805e-17,3.7055334182902804e-11,0.9999999999999993,6.249497145439881e-13,3.1184990755746486e-12,3.1184990755746488e-06,0.9999999999062819,3.946000594696593e-09,1.9690542967536934e-08,0.019690542967536934,0.9999989247831177
3083.84,3088.83,3086.335,9.69021919460835e-38,4.835419378109356e-37,4.8354193781093555e-31,0.9999999999999996,7.053036909160169e-18,3.5194654176707706e-17,3.519465417670771e-11,0.9999999999999993,6.047804967654676e-13,3.0178546788595512e-12,3.0178546788595513e-06,0.9999999999092997,3.8746336334907445e-09,1.933442183111797e-08,0.01933442183111797,0.9999989441175395
3088.83,3093.82,3091.325,8.539919210040644e-38,4.261419685810483e-37,4.261419685810483e-31,0.9999999999999996,6.69889637413739e-18,3.342749290694716e-17,3.342749290694716e-11,0.9999999999999993,5.852637370242255e-13,2.9204660477510233e-12,2.9204660477510235e-06,0.9999999999122201,3.804567353164398e-09,1.8984791092291245e-08,0.018984791092291245,0.9999989631023306
3093.82,3098.81,3096.315,7.526187868261177e-38,3.7555677462621627e-37,3.755567746262163e-31,0.9999999999999996,6.362554192987151e-18,3.1749145423004496e-17,3.17491454230045e-11,0.9999999999999993,5.663782748017837e-13,2.826227591260777e-12,2.826227591260777e-06,0.9999999999150463,3.735777838570549e-09,1.8641531414466226e-08,0.018641531414466225,0.999998981743862
3098.81,3103.8,3101.3050000000003,6.632808759887508e-38,3.3097715711840235e-37,3.3097715711840237e-31,0.9999999999999996,6.043114975874897e-18,3.0155143729617164e-17,3.0155143729617163e-11,0.9999999999999993,5.48103637775613e-13,2.7350371525004385e-12,2.7350371525004387e-06,0.9999999999177813,3.6682416187771523e-09,1.8304525677698857e-08,0.018304525677698857,0.9999990000483877
3103.8,3108.79,3106.295,5.845491331235692e-38,2.916900174286483e-37,2.916900174286483e-31,0.9999999999999996,5.739728424806658e-18,2.864124483978397e-17,2.864124483978397e-11,0.9999999999999993,5.304200193686865e-13,2.6467958966496298e-12,2.64679589664963e-06,0.9999999999204281,3.6019356587182003e-09,1.7973658937003033e-08,0.017973658937003034,0.9999990180220466
3108.79,3113.78,3111.285,5.151642135065833e-38,2.5706694253979724e-37,2.5706694253979725e-31,0.9999999999999996,5.451587060286967e-18,2.7203419430833255e-17,2.7203419430833254e-11,0.9999999999999993,5.133082570338799e-13,2.5614082025991823e-12,2.5614082025991823e-06,0.9999999999229895,3.536837351003818e-09,1.764881838150989e-08,0.01764881838150989,0.999999035670865
3113.78,3118.77,3116.275,4.540163255989948e-38,2.265541464738885e-37,2.265541464738885e-31,0.9999999999999996,5.17792406272438e-18,2.5837841072993527e-17,2.5837841072993528e-11,0.9999999999999993,4.967498112490806e-13,2.478781558132804e-12,2.478781558132804e-06,0.9999999999254683,3.4729245078864006e-09,1.7329893294352382e-08,0.017329893294352382,0.9999990530007583
3118.77,3123.76,3121.2650000000003,4.001274681759015e-38,1.996636066197843e-37,1.996636066197843e-31,0.9999999999999996,4.918011222785096e-18,2.454087600169879e-17,2.454087600169879e-11,0.9999999999999993,4.807267451996505e-13,2.3988264585463697e-12,2.3988264585463696e-06,0.9999999999278671,3.410175353379779e-09,1.7016775013365902e-08,0.017016775013365903,0.9999990700175333
3123.76,3128.75,3126.255,3.526357775340764e-38,1.7596525298949644e-37,1.7596525298949645e-31,0.9999999999999996,4.671156995188826e-18,2.3309073405991223e-17,2.3309073405991224e-11,0.9999999999999993,4.652217051256623e-13,2.3214563085769533e-12,2.321456308576953e-06,0.9999999999301886,3.3485685155283263e-09,1.6709356892485617e-08,0.016709356892485618,0.9999990867268902
3128.75,3133.7400000000002,3131.245,3.10781734079031e-38,1.5508008530544382e-37,1.5508008530544382e-31,0.9999999999999996,4.436704650720263e-18,2.213915620709516e-17,2.213915620709516e-11,0.9999999999999993,4.5021790131208387e-13,2.246587327547405e-12,2.246587327547405e-06,0.9999999999324352,3.2880830188231936e-09,1.6407534263928512e-08,0.016407534263928512,0.9999991031344244
3133.7400000000002,3138.73,3136.235,2.7389600738228306e-38,1.3667410768375326e-37,1.3667410768375326e-31,0.9999999999999996,4.214030521493337e-18,2.1028012302250832e-17,2.1028012302250833e-11,0.9999999999999993,4.356990897008163e-13,2.174138457606978e-12,2.174138457606978e-06,0.9999999999346093,3.2286982767628973e-09,1.6111204401046152e-08,0.01611120440104615,0.9999991192456288
3138.73,3143.7200000000003,3141.2250000000004,2.4138874504968205e-38,1.2045298377979704e-37,1.2045298377979705e-31,0.9999999999999996,4.002542334756863e-18,1.9972686250437696e-17,1.9972686250437696e-11,0.9999999999999993,4.2164955410413715e-13,2.104031274979744e-12,2.1040312749797438e-06,0.9999999999367133,3.1703940845553405e-09,1.58202664819319e-08,0.0158202664819319,0.9999991350658952
3143.7200000000003,3148.71,3146.215,2.127401338721486e-38,1.061573268021975e-37,1.061573268021975e-31,0.9999999999999996,3.8016776307681054e-18,1.8970371377532016e-17,1.8970371377532015e-11,0.9999999999999993,4.0805408899983607e-13,2.0361899041090928e-12,2.0361899041090926e-06,0.9999999999387494,3.113150611958572e-09,1.5534621553672593e-08,0.015534621553672594,0.9999991506005168
3148.71,3153.7000000000003,3151.205,1.8749208211145302e-38,9.355854897361949e-38,9.355854897361949e-32,0.9999999999999996,3.610902260487793e-18,1.8018402279834942e-17,1.801840227983494e-11,0.9999999999999993,3.948979828889303e-13,1.970540934615856e-12,1.9705409346158557e-06,0.99999999994072,3.056948396257667e-09,1.5254172497326482e-08,0.015254172497326482,0.9999991658546893
3153.7000000000003,3158.69,3156.195,1.6524088973298208e-38,8.245520397675445e-38,8.245520397675445e-32,0.9999999999999996,3.4297089590643234e-18,1.7114247705730226e-17,1.7114247705730225e-11,0.9999999999999993,3.8216700219751694e-13,1.907013340965526e-12,1.9070133409655259e-06,0.999999999942627,3.0017683353750344e-09,1.4978823993520765e-08,0.014978823993520764,0.9999991808335132
3158.69,3163.6800000000003,3161.1850000000004,1.456307892223596e-38,7.266976382196089e-38,7.266976382196089e-32,0.9999999999999996,3.2576159912791398e-18,1.625550379648368e-17,1.6255503796483678e-11,0.9999999999999993,3.698473757048952e-13,1.8455384047675145e-12,1.8455384047675145e-06,0.9999999999444725,2.9475916811115974e-09,1.4708482488747568e-08,0.014708482488747567,0.9999991955419958
3163.6800000000003,3168.67,3166.175,1.2834825356719728e-38,6.404577853002864e-38,6.404577853002864e-32,0.9999999999999996,3.0941658653185296e-18,1.543988766793879e-17,1.543988766793879e-11,0.9999999999999993,3.579257794806921e-13,1.7860496396085753e-12,1.7860496396085753e-06,0.9999999999462585,2.8944000325163506e-09,1.4443056162255958e-08,0.014443056162255958,0.999999209985052
3168.67,3173.6600000000003,3171.165,1.1311698027259941e-38,5.644537315602978e-38,5.644537315602979e-32,0.9999999999999996,2.9389241114214526e-18,1.4665231315993745e-17,1.4665231315993744e-11,0.9999999999999993,3.4638932231429613e-13,1.7284827183484196e-12,1.7284827183484196e-06,0.999999999947987,2.8421753293817394e-09,1.4182454893615552e-08,0.014182454893615552,0.9999992241675069
3173.6600000000003,3178.65,3176.155,9.969347110624863e-39,4.974704208201589e-38,4.974704208201589e-32,0.9999999999999996,2.7914781221270312e-18,1.3929475829413275e-17,1.3929475829413274e-11,0.9999999999999993,3.352255316204595e-13,1.6727754027860197e-12,1.6727754027860197e-06,0.9999999999496598,2.7908998458625177e-09,1.3926590230853355e-08,0.013926590230853355,0.9999992380940971
3178.65,3183.6400000000003,3181.1450000000004,8.786313680951787e-39,4.38437052679515e-38,4.38437052679515e-32,0.9999999999999996,2.6514360510112353e-18,1.3230665894546692e-17,1.3230665894546691e-11,0.9999999999999993,3.244223398054461e-13,1.6188674756292527e-12,1.6188674756292527e-06,0.9999999999512786,2.7405561842157167e-09,1.3675375359237074e-08,0.013675375359237074,0.9999992517694725
3183.6400000000003,3188.63,3186.135,7.743686441802182e-39,3.86409953445912e-38,3.8640995344591197e-32,0.9999999999999996,2.5184257669592836e-18,1.2566944577126275e-17,1.2566944577126275e-11,0.9999999999999993,3.1396807107861745e-13,1.5667006746822326e-12,1.5667006746822326e-06,0.9999999999528454,2.6911272686592813e-09,1.3428725070609226e-08,0.013428725070609226,0.9999992651981975
3188.63,3193.6200000000003,3191.125,6.824799224306261e-39,3.4055748129289853e-38,3.405574812928985e-32,0.9999999999999996,2.392093861170046e-18,1.1936548367239096e-17,1.1936548367239096e-11,0.9999999999999993,3.0385142869486527e-13,1.5162186291874496e-12,1.5162186291874496e-06,0.9999999999543616,2.6425963393471628e-09,1.3186555733342967e-08,0.013186555733342967,0.9999992783847532
3193.6200000000003,3198.61,3196.1150000000002,6.014964409319323e-39,3.001467240250211e-38,3.001467240250211e-32,0.9999999999999996,2.2721047042300985e-18,1.1337802474107696e-17,1.1337802474107695e-11,0.9999999999999993,2.9406148261375396e-13,1.4673667982425682e-12,1.4673667982425682e-06,0.999999999955829,2.594946946458686e-09,1.2948785262828275e-08,0.012948785262828276,0.9999992913335385
3198.61,3203.6000000000004,3201.1050000000005,5.30123800673357e-39,2.645317765360177e-38,2.645317765360177e-32,0.9999999999999996,2.158139550729855e-18,1.0769116358142486e-17,1.0769116358142487e-11,0.9999999999999993,2.84587657561731e-13,1.420092411233105e-12,1.420092411233105e-06,0.9999999999572491,2.5481629443998765e-09,1.2715333092555987e-08,0.012715333092555988,0.9999993040488716
3203.6000000000004,3208.59,3206.0950000000003,4.6722126319589916e-39,2.3314341033474347e-38,2.3314341033474346e-32,0.9999999999999996,2.0498956890217206e-18,1.0228979488217939e-17,1.0228979488217939e-11,0.9999999999999993,2.754197214841745e-13,1.3743444102059708e-12,1.3743444102059707e-06,0.9999999999586234,2.502228486114635e-09,1.2486120145711483e-08,0.012486120145711483,0.9999993165349917
3208.59,3213.58,3211.085,4.117835066241045e-39,2.0547996980541917e-38,2.0547996980541916e-32,0.9999999999999996,1.9470856338419418e-18,9.715957312870864e-18,9.715957312870865e-12,0.9999999999999993,2.6654777437451574e-13,1.3300733941287754e-12,1.3300733941287753e-06,0.9999999999599535,2.4571280175036914e-09,1.2261068807342884e-08,0.012261068807342883,0.9999993287960606
3213.58,3218.57,3216.075,3.629245481066018e-39,1.8109934950520287e-38,1.8109934950520287e-32,0.9999999999999996,1.849436359632468e-18,9.228687434566453e-18,9.228687434566453e-12,0.9999999999999993,2.5796223746808385e-13,1.2872315649657994e-12,1.2872315649657993e-06,0.9999999999612407,2.4128462719492128e-09,1.2040102897027143e-08,0.012040102897027142,0.9999993408361635
3218.57,3223.56,3221.065,3.1986357537280787e-39,1.5961192411102415e-38,1.5961192411102414e-32,0.9999999999999996,1.7566885725090005e-18,8.765875976819529e-18,8.765875976819528e-12,0.9999999999999993,2.496538427887151e-13,1.2457726755156338e-12,1.2457726755156337e-06,0.9999999999624865,2.369368264943056e-09,1.1823147642065334e-08,0.011823147642065334,0.9999993526593112
3223.56,3228.55,3226.0550000000003,2.819124606752925e-39,1.4067431787697762e-38,1.4067431787697763e-32,0.9999999999999996,1.6685960189246302e-18,8.3262941344343e-18,8.3262941344343e-12,0.9999999999999993,2.4161362303658023e-13,1.2056519789525924e-12,1.2056519789525923e-06,0.9999999999636922,2.3266792888166698e-09,1.1610129651195733e-08,0.011610129651195733,0.9999993642694408
3228.55,3233.54,3231.045,2.484647573183203e-39,1.2398391390183642e-38,1.2398391390183643e-32,0.9999999999999996,1.5849248291775245e-18,7.908774897595501e-18,7.908774897595501e-12,0.9999999999999993,2.3383290180604475e-13,1.1668261800121123e-12,1.1668261800121122e-06,0.999999999964859,2.284764907570717e-09,1.1400976888777379e-08,0.01140097688877738,0.9999993756704177
3233.54,3238.53,3236.035,2.1898600270495042e-39,1.0927401534977544e-38,1.0927401534977544e-32,0.9999999999999996,1.5054528940043906e-18,7.512209941082264e-18,7.512209941082264e-12,0.9999999999999993,2.2630328412276326e-13,1.1292533877726422e-12,1.1292533877726422e-06,0.9999999999659882,2.243610951802442e-09,1.1195618649494717e-08,0.011195618649494716,0.9999993868660364
3238.53,3243.52,3241.025,1.930051727474686e-39,9.630958120098262e-39,9.630958120098262e-33,0.9999999999999996,1.4299692725902938e-18,7.135546670225253e-18,7.135546670225253e-12,0.9999999999999993,2.1901664728954612e-13,1.0928930699747873e-12,1.0928930699747872e-06,0.9999999999670811,2.203203513728969e-09,1.0993985533507073e-08,0.010993985533507073,0.9999993978600219
3243.52,3248.51,3246.0150000000003,1.701071509142486e-39,8.488346830621408e-39,8.488346830621408e-33,0.9999999999999996,1.3582736304099448e-18,6.7777854157459456e-18,6.777785415745945e-12,0.9999999999999993,2.1196513203090156e-13,1.0577060088342488e-12,1.0577060088342487e-06,0.9999999999681388,2.1635289423046994e-09,1.0796009422100962e-08,0.010796009422100962,0.9999994086560313
3248.51,3253.5,3251.005,1.4992609142512295e-39,7.481311962113308e-39,7.481311962113308e-33,0.9999999999999996,1.2901757053953336e-18,6.4379767699224335e-18,6.4379767699224336e-12,0.9999999999999993,2.0514113392646078e-13,1.0236542582929946e-12,1.0236542582929945e-06,0.9999999999691624,2.1245738384309293e-09,1.0601623453769873e-08,0.010601623453769873,0.9999994192576548
3253.5,3258.4900000000002,3255.995,1.3213957041752938e-39,6.593764563835029e-39,6.593764563835029e-33,0.9999999999999996,1.2254948010007177e-18,6.115219056993871e-18,6.115219056993871e-12,0.9999999999999993,1.985372951238384e-13,9.907011026680006e-13,9.907011026680005e-07,0.9999999999701531,2.0863250502559564e-09,1.0410762000777715e-08,0.010410762000777715,0.9999994296684168
3258.4900000000002,3263.48,3260.985,1.1646343151589765e-39,5.8115252326430386e-39,5.811525232643038e-33,0.9999999999999996,1.1640593048084538e-18,5.8086559309939305e-18,5.80865593099393e-12,0.9999999999999993,1.9214649632178562e-13,9.588110166456683e-13,9.588110166456682e-07,0.9999999999711119,2.048769668564004e-09,1.0223360646133931e-08,0.010223360646133932,0.9999994398917774
3263.48,3268.4700000000003,3265.9750000000004,1.026472433490758e-39,5.122097443119125e-39,5.122097443119125e-33,0.9999999999999996,1.1057062313870883e-18,5.517474094621832e-18,5.517474094621832e-12,0.9999999999999993,1.859618490147865e-13,9.279496265838286e-13,9.279496265838286e-07,0.9999999999720398,2.011895022251172e-09,1.0039356161033823e-08,0.010039356161033823,0.9999994499311335
3268.4700000000003,3273.46,3270.965,9.047029635301296e-40,4.514467788015149e-39,4.514467788015149e-33,0.9999999999999996,1.0502807881787037e-18,5.240901133011502e-18,5.240901133011502e-12,0.9999999999999993,1.799766879905423e-13,8.980836730727668e-13,8.980836730727668e-07,0.9999999999729379,1.9756886738867607e-09,9.858686482694505e-09,0.009858686482694504,0.9999994597898201
3273.46,3278.4500000000003,3275.955,7.97380748252078e-40,3.978929933778058e-39,3.978929933778058e-33,0.9999999999999996,9.976359632540264e-19,4.9782034566378276e-18,4.9782034566378275e-12,0.9999999999999993,1.7418456407207074e-13,8.691809747196742e-13,8.691809747196742e-07,0.9999999999738071,1.940138415358396e-09,9.681290692638854e-09,0.009681290692638855,0.9999994694711107
3278.4500000000003,3283.44,3280.945,7.027914780176097e-40,3.506929475307719e-39,3.506929475307719e-33,0.9999999999999996,9.47632133832477e-19,4.728684347823853e-18,4.7286843478238535e-12,0.9999999999999993,1.6857923709642647e-13,8.412103931111313e-13,8.412103931111314e-07,0.9999999999746483,1.9052322635992822e-09,9.507108995360002e-09,0.009507108995360001,0.9999994789782197
3283.44,3288.4300000000003,3285.9350000000004,6.194242902896856e-40,3.0909272085456774e-39,3.0909272085456776e-33,0.9999999999999996,9.001366945201499e-19,4.491682105655761e-18,4.491682105655761e-12,0.9999999999999993,1.6315466912229008e-13,8.141417989202661e-13,8.141417989202661e-07,0.9999999999754624,1.870958456396052e-09,9.336082697416741e-09,0.009336082697416741,0.9999994883143024
3288.4300000000003,3293.42,3290.925,5.459476220667316e-40,2.7242786341128715e-39,2.7242786341128715e-33,0.9999999999999996,8.550237042713784e-19,4.266568284313992e-18,4.266568284313991e-12,0.9999999999999993,1.579050178589512e-13,7.87946039116132e-13,7.87946039116132e-07,0.9999999999762503,1.8373054482756578e-09,9.16815418689513e-09,0.00916815418689513,0.9999994974824566
3293.42,3298.4100000000003,3295.915,4.81187928844311e-40,2.4011277649332257e-39,2.4011277649332255e-33,0.9999999999999996,8.121735511298087e-19,4.052746020137938e-18,4.0527460201379376e-12,0.9999999999999993,1.528246303094398e-13,7.625949052441408e-13,7.625949052441408e-07,0.9999999999770129,1.8042619064697813e-09,9.003266913284635e-09,0.009003266913284635,0.9999995064857236
3298.4100000000003,3303.4,3300.905,4.241109297740887e-40,2.1163135395726102e-39,2.1163135395726103e-33,0.9999999999999996,7.714726338527661e-19,3.849648442925134e-18,3.849648442925134e-12,0.9999999999999993,1.479080366208095e-13,7.380611027378071e-13,7.380611027378071e-07,0.999999999977751,1.7718167069552948e-09,8.841365367706535e-09,0.008841365367706536,0.999999515327089
3303.4,3308.3900000000003,3305.8950000000004,3.738050791010856e-40,1.8652873447145053e-39,1.8652873447145054e-33,0.9999999999999996,7.328130595675455e-19,3.6567371672422255e-18,3.656737167242226e-12,0.9999999999999993,1.431499441347975e-13,7.143182212326734e-13,7.143182212326734e-07,0.9999999999784653,1.739958930569354e-09,8.682395063541488e-09,0.008682395063541489,0.999999524009484
3308.3900000000003,3313.38,3310.885,3.294669995729028e-40,1.644040327868713e-39,1.644040327868713e-33,0.9999999999999996,6.960923566515724e-19,3.4735008596911944e-18,3.4735008596911945e-12,0.9999999999999993,1.385452316323098e-13,6.913407058451957e-13,6.913407058451957e-07,0.9999999999791567,1.7086778591976132e-09,8.526302517395718e-09,0.008526302517395718,0.9999995325357866
3313.38,3318.3700000000003,3315.875,2.9038864489798158e-40,1.4490393380409967e-39,1.4490393380409966e-33,0.9999999999999996,6.612132020689911e-19,3.2994538783244217e-18,3.2994538783244218e-12,0.9999999999999993,1.3408894376539814e-13,6.691038293893684e-13,6.691038293893684e-07,0.9999999999798258,1.6779629720342183e-09,8.373035230451147e-09,0.008373035230451147,0.9999995409088218
3318.3700000000003,3323.36,3320.8650000000002,2.559459859863008e-40,1.277170470071585e-39,1.277170470071585e-33,0.9999999999999996,6.280831624349855e-19,3.1341349805504406e-18,3.1341349805504406e-12,0.9999999999999993,1.2977628567060415e-13,6.475836654962864e-13,6.475836654962864e-07,0.9999999999804734,1.6478039419122447e-09,8.222541670141741e-09,0.00822254167014174,0.9999995491313635
3323.36,3328.3500000000004,3325.8550000000005,2.2558904007794206e-40,1.1256893099889843e-39,1.1256893099889844e-33,0.9999999999999996,5.966144481160248e-19,2.9771060960991047e-18,2.977106096099105e-12,0.9999999999999993,1.256026177577416e-13,6.267570626111603e-13,6.267570626111604e-07,0.9999999999811001,1.6181906317031641e-09,8.074771252199172e-09,0.008074771252199173,0.9999995572061348
3328.3500000000004,3333.34,3330.8450000000003,1.9883308334281997e-40,9.921770858806282e-40,9.921770858806282e-34,0.9999999999999996,5.66723679708888e-19,2.8279511617472276e-18,2.8279511617472274e-12,0.9999999999999993,1.2156345066838265e-13,6.066016188352028e-13,6.066016188352028e-07,0.9999999999817067,1.589113090784042e-09,7.929674323012022e-09,0.007929674323012021,0.9999995651358091
3333.34,3338.33,3335.835,1.7525090646230199e-40,8.745020232468487e-40,8.745020232468487e-34,0.9999999999999996,5.383316662747668e-19,2.686275014710969e-18,2.686275014710969e-12,0.9999999999999993,1.1765444039850882e-13,5.870956575885333e-13,5.870956575885333e-07,0.9999999999822938,1.5605615515712117e-09,7.787202142340006e-09,0.007787202142340006,0.9999995729230112
3338.33,3343.32,3340.825,1.5446598938318963e-40,7.707852870221528e-40,7.707852870221528e-34,0.9999999999999996,5.113631947360517e-19,2.551702341733019e-18,2.551702341733019e-12,0.9999999999999993,1.1387138357996e-13,5.682182040640273e-13,5.682182040640272e-07,0.999999999982862,1.5325264261191195e-09,7.647306866334769e-09,0.007647306866334769,0.9999995805703181
3343.32,3348.31,3345.815,1.3614648613378476e-40,6.793709658075563e-40,6.793709658075563e-34,0.9999999999999996,4.857468298732428e-19,2.4238766810673755e-18,2.4238766810673755e-12,0.9999999999999993,1.1021021291549893e-13,5.499489624483157e-13,5.499489624483157e-07,0.9999999999834119,1.5049983027831087e-09,7.509941530887384e-09,0.007509941530887384,0.9999995880802597
3348.31,3353.3,3350.8050000000003,1.1999992354550219e-40,5.987996184920843e-40,5.987996184920843e-34,0.9999999999999996,4.614147243880177e-19,2.3024594746963173e-18,2.3024594746963172e-12,0.9999999999999993,1.0666699276247245e-13,5.322682938847627e-13,5.322682938847627e-07,0.9999999999839442,1.477967942944926e-09,7.37506003529553e-09,0.0073750600352955305,0.9999995954553197
3353.3,3358.29,3355.795,1.0576852913916116e-40,5.277849604043911e-40,5.277849604043911e-34,0.9999999999999996,4.3830243852514475e-19,2.1871291682403766e-18,2.1871291682403767e-12,0.9999999999999993,1.0323791486021588e-13,5.151571951524547e-13,5.151571951524547e-07,0.9999999999844593,1.4514262777997711e-09,7.242617126220541e-09,0.007242617126220542,0.9999996026979369
3358.29,3363.28,3360.785,9.32251134953074e-41,4.65193316341606e-40,4.65193316341606e-34,0.9999999999999996,4.1634876877177217e-19,2.0775803561712416e-18,2.0775803561712415e-12,0.9999999999999993,9.991929419650903e-14,4.985972780406037e-13,4.985972780406037e-07,0.9999999999849579,1.4253644052036591e-09,7.112568381966596e-09,0.007112568381966596,0.9999996098105053
3363.28,3368.27,3365.775,8.216944129361647e-41,4.100255120551282e-40,4.100255120551282e-34,0.9999999999999996,3.954955851767737e-19,1.9735229700320146e-18,1.9735229700320146e-12,0.9999999999999993,9.670756500854571e-14,4.82570749392622e-13,4.82570749392622e-07,0.9999999999854405,1.3997735865800446e-09,6.984870197034117e-09,0.006984870197034117,0.9999996167953755
3368.27,3373.26,3370.7650000000003,7.242503301948048e-41,3.614009147672247e-40,3.614009147672247e-34,0.9999999999999996,3.7568767685588507e-19,1.8746815075109553e-18,1.8746815075109554e-12,0.9999999999999993,9.359927691402458e-14,4.670603918010048e-13,4.670603918010048e-07,0.9999999999859076,1.3746452438844938e-09,6.859479766983949e-09,0.0068594797669839485,0.9999996236548553
3373.26,3378.25,3375.755,6.383634622130726e-41,3.185433676443093e-40,3.185433676443093e-34,0.9999999999999996,3.568726052703437e-19,1.780794300298937e-18,1.7807943002989371e-12,0.9999999999999993,9.05910911681125e-14,4.520495449288616e-13,4.520495449288616e-07,0.9999999999863597,1.349970956626325e-09,6.736355073565068e-09,0.0067363550735650675,0.9999996303912103
3378.25,3383.2400000000002,3380.745,5.62662912700088e-41,2.8076879343735724e-40,2.8076879343735725e-34,0.9999999999999996,3.3900056488747867e-19,1.6916128187885988e-18,1.6916128187885987e-12,0.9999999999999993,8.767977704217587e-14,4.375220874404783e-13,4.375220874404783e-07,0.9999999999867972,1.3257424589461601e-09,6.615454870141652e-09,0.006615454870141652,0.9999996370066652
3383.2400000000002,3388.23,3385.735,4.959404191965022e-41,2.4747426917904377e-40,2.4747426917904376e-34,0.9999999999999996,3.2202425085144357e-19,1.6069010117486331e-18,1.6069010117486332e-12,0.9999999999999993,8.486220832030374e-14,4.2346241951829713e-13,4.234624195182971e-07,0.9999999999872207,1.3019516367482923e-09,6.496738667373694e-09,0.006496738667373694,0.9999996435034039
3388.23,3393.2200000000003,3390.7250000000004,4.3713105680901196e-41,2.1812839734770732e-40,2.1812839734770734e-34,0.9999999999999996,3.0589873331109445e-19,1.5264346792224337e-18,1.5264346792224338e-12,0.9999999999999993,8.213535990978344e-14,4.0985544594983875e-13,4.0985544594983875e-07,0.9999999999876306,1.2785905248868506e-09,6.380166719185687e-09,0.006380166719185687,0.9999996498835706
3393.2200000000003,3398.21,3395.715,3.852962317206194e-41,1.9226281962858067e-40,1.9226281962858068e-34,0.9999999999999996,2.9058133806968136e-19,1.4500008769676465e-18,1.4500008769676466e-12,0.9999999999999993,7.949630456180595e-14,3.9668655976339435e-13,3.9668655976339437e-07,0.9999999999880272,1.255651304404708e-09,6.265700008979218e-09,0.006265700008979218,0.9999996561492706
3398.21,3403.2000000000003,3400.705,3.3960869272565426e-41,1.694647376701095e-40,1.6946473767010952e-34,0.9999999999999996,2.760315332380813e-19,1.377397350858091e-18,1.377397350858091e-12,0.9999999999999993,7.69422096988084e-14,3.839416263970721e-13,3.839416263970721e-07,0.9999999999884112,1.2331262998241705e-09,6.153300236122902e-09,0.006153300236122902,0.9999996623025708
3403.2000000000003,3408.19,3405.695,2.993393212944146e-41,1.4937032132590633e-40,1.4937032132590633e-34,0.9999999999999996,2.62210821589253e-19,1.3084319997303152e-18,1.3084319997303151e-12,0.9999999999999993,7.447033434497617e-14,3.7160696838141484e-13,3.7160696838141485e-07,0.9999999999887828,1.2110079764884372e-09,6.0429298026770376e-09,0.0060429298026770375,0.9999996683455006
3408.19,3413.1800000000003,3410.6850000000004,2.638454890989593e-41,1.3165889906038692e-40,1.3165889906038692e-34,0.9999999999999996,2.4908263832682975e-19,1.2429223652509394e-18,1.2429223652509394e-12,0.9999999999999993,7.207802615653927e-14,3.59669350521148e-13,3.59669350521148e-07,0.9999999999891425,1.1892889379528719e-09,5.934551800385112e-09,0.005934551800385112,0.9999996742800524
3413.1800000000003,3418.17,3415.675,2.3256079698376056e-41,1.1604783769489143e-40,1.1604783769489144e-34,0.9999999999999996,2.3661225399528933e-19,1.180695147436442e-18,1.1806951474364421e-12,0.9999999999999993,6.976271854860768e-14,3.4811596555753705e-13,3.4811596555753704e-07,0.9999999999894906,1.1679619234251537e-09,5.828129997891262e-09,0.005828129997891262,0.9999996801081824
3418.17,3423.1600000000003,3420.665,2.0498603144320154e-41,1.0228802969016242e-40,1.0228802969016243e-34,0.9999999999999996,2.2476668227283776e-19,1.1215857445415136e-18,1.1215857445415137e-12,0.9999999999999993,6.752192791539898e-14,3.3693442029785686e-13,3.3693442029785684e-07,0.9999999999898276,1.1470198052533523e-09,5.723628828214499e-09,0.005723628828214499,0.9999996858318112
3423.1600000000003,3428.15,3425.655,1.8068119412531973e-41,9.01599158685306e-41,9.015991586853061e-35,0.9999999999999996,2.13514592401194e-19,1.0654378160819114e-18,1.0654378160819115e-12,0.9999999999999993,6.53532509408157e-14,3.261127221946561e-13,3.261127221946561e-07,0.9999999999901537,1.1264555864610406e-09,5.6210133764403465e-09,0.005621013376440346,0.9999996914528245
3428.15,3433.1400000000003,3430.6450000000004,1.592584770288448e-41,7.946998003739733e-41,7.946998003739732e-35,0.9999999999999996,2.0282622601889058e-19,1.012102867834312e-18,1.012102867834312e-12,0.9999999999999993,6.32543619964228e-14,3.156392663621648e-13,3.156392663621648e-07,0.9999999999904693,1.1062623983285693e-09,5.520249367659822e-09,0.005520249367659822,0.9999996969730739
3433.1400000000003,3438.13,3435.635,1.403760711729677e-41,7.004765951530783e-41,7.004765951530783e-35,0.9999999999999996,1.9267331817638086e-19,9.614398577000985e-19,9.614398577000984e-13,0.9999999999999993,6.122301062397999e-14,3.055028230136468e-13,3.055028230136468e-07,0.9999999999907748,1.0864334980195762e-09,5.421303155117448e-09,0.005421303155117448,0.9999997023943771
3438.13,3443.1200000000003,3440.625,1.2373270983764036e-41,6.174262220898547e-41,6.174262220898546e-35,0.9999999999999996,1.8302902232251546e-19,9.133148213893954e-19,9.133148213893954e-13,0.9999999999999993,5.925701909977095e-14,2.9569252530787105e-13,2.9569252530787104e-07,0.9999999999910705,1.066962266251906e-09,5.3241417085972635e-09,0.0053241417085972634,0.9999997077185188
3443.1200000000003,3448.11,3445.6150000000002,1.0906285920984439e-41,5.442236674570997e-41,5.442236674570997e-35,0.9999999999999996,1.738678390624945e-19,8.676005169218095e-19,8.676005169218095e-13,0.9999999999999993,5.735428007806596e-14,2.861978575895366e-13,2.861978575895366e-07,0.9999999999913567,1.0478422050121202e-09,5.228732603010251e-09,0.005228732603010251,0.9999997129472513
3448.11,3453.1000000000004,3450.6050000000005,9.61324796156196e-42,4.797010732819645e-41,4.797010732819645e-35,0.9999999999999996,1.6516554849747015e-19,8.241760870024152e-19,8.241760870024151e-13,0.9999999999999993,5.5512754311138294e-14,2.770086440125932e-13,2.7700864401259323e-07,0.9999999999916337,1.0290669353127294e-09,5.1350440072107635e-09,0.005135044007210763,0.9999997180822954
3453.1000000000004,3458.09,3455.5950000000003,8.473528963424077e-42,4.2282909527484297e-41,4.2282909527484297e-35,0.9999999999999996,1.5689914596557253e-19,7.829267383681727e-19,7.829267383681727e-13,0.9999999999999993,5.3730468443339544e-14,2.681150375322526e-13,2.681150375322526e-07,0.9999999999919018,1.0106301949913502e-09,5.043044673006617e-09,0.005043044673006617,0.99999972312534
3458.09,3463.08,3460.585,7.468947342547574e-42,3.727004723931076e-41,3.727004723931076e-35,0.9999999999999996,1.4904678101318409e-19,7.437434372557561e-19,7.437434372557561e-13,0.9999999999999993,5.2005512876821936e-14,2.5950750925533013e-13,2.5950750925533013e-07,0.9999999999921613,9.925258365510162e-10,4.952703924389355e-09,0.004952703924389354,0.9999997280780439
3463.08,3468.07,3465.575,6.583477868178024e-42,3.28515545622099e-41,3.2851554562209897e-35,0.9999999999999996,1.4158769943392254e-19,7.0652262017530695e-19,7.065226201753069e-13,0.9999999999999993,5.033603970657477e-14,2.5117683813582e-13,2.5117683813582e-07,0.9999999999924124,9.74747825040839e-10,4.863991646954017e-09,0.004863991646954017,0.9999997329420356
3468.07,3473.06,3470.565,5.802995885779461e-42,2.8956949470038247e-41,2.8956949470038245e-35,0.9999999999999996,1.3450218822096913e-19,6.711659192226066e-19,6.711659192226066e-13,0.9999999999999993,4.872026072251654e-14,2.431141010053469e-13,2.431141010053469e-07,0.9999999999926555,9.572902359762564e-10,4.77687827752131e-09,0.004776878277521311,0.9999997377189138
3473.06,3478.05,3475.5550000000003,5.115051882938171e-42,2.5524108895862684e-41,2.5524108895862685e-35,0.9999999999999996,1.2777152328617755e-19,6.375799011980562e-19,6.375799011980562e-13,0.9999999999999993,4.715644547645801e-14,2.353106629275366e-13,2.3531066292753663e-07,0.9999999999928908,9.401472532981526e-10,4.691334793958004e-09,0.004691334793958004,0.9999997424102486
3478.05,3483.04,3480.545,4.5086727981595804e-42,2.2498277262815323e-41,2.2498277262815323e-35,0.9999999999999996,1.2137791980674403e-19,6.056758198356262e-19,6.056758198356262e-13,0.9999999999999993,4.564291941182581e-14,2.2775816786500084e-13,2.2775816786500084e-07,0.9999999999931185,9.23313167370061e-10,4.6073327051764025e-09,0.004607332705176402,0.9999997470175813
3483.04,3488.03,3485.535,3.97418689968339e-42,1.9831192629421056e-41,1.9831192629421055e-35,0.9999999999999996,1.1530448506726664e-19,5.753693804856878e-19,5.753693804856878e-13,0.9999999999999993,4.417806205410115e-14,2.2044852964997518e-13,2.2044852964997518e-07,0.999999999993339,9.067823730127636e-10,4.524844041333905e-09,0.004524844041333905,0.9999997515424254
3488.03,3493.02,3490.525,3.503069437934407e-42,1.7480316495291927e-41,1.7480316495291928e-35,0.9999999999999996,1.095351736716561e-19,5.4658051662154e-19,5.465805166215401e-13,0.9999999999999993,4.276030525999891e-14,2.1337392324738525e-13,2.1337392324738524e-07,0.9999999999935524,8.90549367575592e-10,4.44384134420201e-09,0.004443841344202009,0.9999997559862667
3493.02,3498.01,3495.5150000000003,3.087806607035826e-42,1.5408154969109504e-41,1.5408154969109504e-35,0.9999999999999996,1.0405474500569086e-19,5.19233177578422e-19,5.19233177578422e-13,0.9999999999999993,4.1388131523473875e-14,2.0652677630214443e-13,2.0652677630214442e-07,0.9999999999937589,8.746087490437073e-10,4.364297657728306e-09,0.004364297657728306,0.9999997603505644
3498.01,3503.0,3500.505,2.7217756432457078e-42,1.358166045979549e-41,1.358166045979549e-35,0.9999999999999996,9.884872283700801e-20,4.932551269566484e-19,4.932551269566484e-13,0.9999999999999993,4.0060072336703866e-14,1.9989976096014354e-13,1.9989976096014354e-07,0.9999999999939588,8.589552141806833e-10,4.286186518761422e-09,0.004286186518761422,0.9999997646367509
3503.0,3507.9900000000002,3505.495,2.3991391459081536e-42,1.1971704338082254e-41,1.1971704338082254e-35,0.9999999999999996,9.390335694502565e-20,4.685777511557001e-19,4.685777511557002e-13,0.9999999999999993,3.8774706604261326e-14,1.9348578595527318e-13,1.9348578595527317e-07,0.9999999999941523,8.435835567057478e-10,4.209481947961881e-09,0.004209481947961881,0.9999997688462329
3507.9900000000002,3512.98,3510.485,2.114751933656357e-42,1.0552612148944761e-41,1.0552612148944761e-35,0.9999999999999996,8.920558667869783e-20,4.451358775266827e-19,4.451358775266827e-13,0.9999999999999993,3.753065910874271e-14,1.8727798895261792e-13,1.8727798895261793e-07,0.9999999999943396,8.284886655050088e-10,4.134158440869813e-09,0.004134158440869813,0.9999997729803913
3512.98,3517.9700000000003,3515.4750000000004,1.864078948795645e-42,9.301753954490708e-42,9.301753954490708e-36,0.9999999999999996,8.474300634515826e-20,4.2286760166235972e-19,4.228676016623597e-13,0.9999999999999993,3.632659902618094e-14,1.8126972914065146e-13,1.8126972914065147e-07,0.9999999999945209,8.13665522876026e-10,4.060190959151562e-09,0.004060190959151562,0.9999997770405823
3517.9700000000003,3522.96,3520.465,1.643122899230534e-42,8.199183267160007e-42,8.199183267160007e-36,0.9999999999999996,8.050383233717002e-20,4.017141233624608e-19,4.017141233624608e-13,0.9999999999999993,3.516123848962047e-14,1.7545458006319847e-13,1.7545458006319847e-07,0.9999999999946964,7.991092028051134e-10,3.987554921997342e-09,0.003987554921997342,0.9999997810281372
3522.96,3527.9500000000003,3525.455,1.448360482799759e-42,7.22731880917114e-42,7.22731880917114e-36,0.9999999999999996,7.647687191194143e-20,3.816195908406058e-19,3.816195908406058e-13,0.9999999999999993,3.403333119928922e-14,1.6982632268446125e-13,1.6982632268446126e-07,0.9999999999948662,7.84814869276724e-10,3.916226197691038e-09,0.003916226197691038,0.9999997849443635
3527.9500000000003,3532.94,3530.445,1.276686175930566e-42,6.370664017893246e-42,6.370664017893245e-36,0.9999999999999996,7.265149353828776e-20,3.625309527560401e-19,3.625309527560401e-13,0.9999999999999993,3.2941671077850637e-14,1.6437893867846749e-13,1.643789386784675e-07,0.9999999999950306,7.707777746143504e-10,3.84618109532544e-09,0.0038461810953254404,0.9999997887905445
3532.94,3537.9300000000003,3535.4350000000004,1.1253626893104018e-42,5.6155598196591706e-42,5.6155598196591706e-36,0.9999999999999996,6.901759873326213e-20,3.4439781767899436e-19,3.4439781767899435e-13,0.9999999999999993,3.1885090969271215e-14,1.591066039366709e-13,1.591066039366709e-07,0.9999999999951897,7.569932578523188e-10,3.77739635668325e-09,0.00377739635668325,0.9999997925679409
3537.9300000000003,3542.92,3540.425,9.919772997275577e-43,4.9499667256402966e-42,4.949966725640297e-36,0.9999999999999996,6.556559531337913e-20,3.2717232061374753e-19,3.271723206137475e-13,0.9999999999999993,3.086246137988276e-14,1.5400368228560822e-13,1.5400368228560823e-07,0.9999999999953437,7.434567431379105e-10,3.709849148258011e-09,0.003709849148258011,0.99999979627779
3542.92,3547.9100000000003,3545.415,8.74403361056051e-43,4.363272771669901e-42,4.363272771669901e-36,0.9999999999999996,6.228637198930921e-20,3.108089962266677e-19,3.108089962266677e-13,0.9999999999999993,2.9872689260268587e-14,1.4906471940874732e-13,1.4906471940874732e-07,0.9999999999954928,7.301637381632148e-10,3.643517053434615e-09,0.003643517053434615,0.999999799921307
3547.9100000000003,3552.9,3550.405,7.707663800505907e-43,3.8461242364522795e-42,3.8461242364522794e-36,0.9999999999999996,5.917127423650147e-20,2.9526465844012945e-19,2.9526465844012946e-13,0.9999999999999993,2.8914716826646494e-14,1.442844369649597e-13,1.442844369649597e-07,0.9999999999956372,7.171098326261953e-10,3.578378064804558e-09,0.003578378064804558,0.9999998034996851
3552.9,3557.8900000000003,3555.3950000000004,6.794141154969964e-43,3.390276436330173e-42,3.390276436330173e-36,0.9999999999999996,5.621208137759982e-20,2.804982860742364e-19,2.804982860742364e-13,0.9999999999999993,2.7987520420463766e-14,1.3965772689812082e-13,1.3965772689812082e-07,0.9999999999957768,7.042906967203819e-10,3.5144105766348723e-09,0.003514410576634872,0.9999998070140956
3557.8900000000003,3562.88,3560.385,5.988902234961391e-43,2.988462215245604e-42,2.988462215245604e-36,0.9999999999999996,5.340098481573283e-20,2.6647091423049516e-19,2.6647091423049516e-13,0.9999999999999993,2.7090109404961724e-14,1.351796459307531e-13,1.3517964593075308e-07,0.999999999995912,6.917020796526556e-10,3.4515933774666004e-09,0.0034515933774666003,0.999999810465689
3562.88,3567.8700000000003,3565.375,5.279110282713321e-43,2.634276031074072e-42,2.6342760310740722e-36,0.9999999999999996,5.073056736082721e-20,2.531455311305398e-19,2.531455311305398e-13,0.9999999999999993,2.6221525097508317e-14,1.308454102365727e-13,1.3084541023657269e-07,0.9999999999960429,6.79339808188618e-10,3.3899056428613645e-09,0.0033899056428613643,0.9999998138555947
3567.8700000000003,3572.86,3570.3650000000002,4.6534504778428735e-43,2.322071788443492e-42,2.3220717884434923e-36,0.9999999999999996,4.8193783594018107e-20,2.4048698013413983e-19,2.404869801341398e-13,0.9999999999999993,2.5380839736537164e-14,1.266503902853149e-13,1.266503902853149e-07,0.9999999999961696,6.67199785225004e-10,3.3293269282726243e-09,0.003329326928272624,0.9999998171849216
3572.86,3577.8500000000004,3575.3550000000005,4.101949474200872e-43,2.046872787626332e-42,2.0468727876263322e-36,0.9999999999999996,4.5783941217968544e-20,2.2846186667767384e-19,2.2846186667767385e-13,0.9999999999999993,2.456715548196653e-14,1.225901058550188e-13,1.225901058550188e-07,0.9999999999962922,6.552779883886434e-10,3.2698371620594855e-09,0.0032698371620594855,0.9999998204547588
3577.8500000000004,3582.84,3580.3450000000003,3.615816337603066e-43,1.804292352463851e-42,1.804292352463851e-36,0.9999999999999996,4.34946833435576e-20,2.170384698843429e-19,2.170384698843429e-13,0.9999999999999993,2.377960344801176e-14,1.186602212055735e-13,1.1866022120557349e-07,0.9999999999964109,6.435704686614563e-10,3.2114166386205266e-09,0.0032114166386205266,0.9999998236661755
3582.84,3587.83,3585.335,3.1873023462338505e-43,1.590463870770622e-42,1.590463870770622e-36,0.9999999999999996,4.1319971665877966e-20,2.0618665861272202e-19,2.06186658612722e-13,0.9999999999999993,2.3017342767337556e-14,1.1485654040900938e-13,1.1485654040900937e-07,0.9999999999965258,6.32073349031012e-10,3.1540460116646117e-09,0.0031540460116646117,0.9999998268202215
3587.83,3592.82,3590.325,2.809577416591231e-43,1.4019791308790906e-42,1.4019791308790906e-36,0.9999999999999996,3.9254070484852333e-20,1.9587781171942242e-19,1.9587781171942243e-13,0.9999999999999993,2.227955968553292e-14,1.1117500283081454e-13,1.1117500283081454e-07,0.9999999999966369,6.207828231661588e-10,3.097706287599279e-09,0.003097706287599279,0.9999998299179278
3592.82,3597.81,3595.315,2.4766211831991744e-43,1.235833970416334e-42,1.235833970416334e-36,0.9999999999999996,3.729153152803137e-20,1.8608474232486839e-19,1.860847423248684e-13,0.9999999999999993,2.1565466684922608e-14,1.0761167875775911e-13,1.0761167875775911e-07,0.9999999999967445,6.096951541172479e-10,3.042378819044934e-09,0.003042378819044934,0.9999998329603066
3597.81,3602.8,3600.3050000000003,2.183126994193756e-43,1.0893803701027359e-42,1.0893803701027359e-36,0.9999999999999996,3.542717953526058e-20,1.7678162588095867e-19,1.7678162588095867e-13,0.9999999999999993,2.0874301636763057e-14,1.0416276516745259e-13,1.0416276516745259e-07,0.9999999999968486,5.98806673040515e-10,2.9880452984723115e-09,0.0029880452984723115,0.9999998359483518
3602.8,3607.79,3605.295,1.924417291022931e-43,9.602842282204006e-43,9.602842282204006e-37,0.9999999999999996,3.3656098566941045e-20,1.6794393184902848e-19,1.6794393184902847e-13,0.9999999999999993,2.020532698089998e-14,1.0082458163468648e-13,1.0082458163468648e-07,0.9999999999969494,5.881137779461316e-10,2.934687751951068e-09,0.002934687751951068,0.9999998388830396
3607.79,3612.78,3610.285,1.696369022181856e-43,8.464881420687862e-43,8.464881420687863e-37,0.9999999999999996,3.197361899952789e-20,1.5954835880765174e-19,1.5954835880765174e-13,0.9999999999999993,1.9557828931996104e-14,9.759356637066518e-14,9.759356637066519e-08,0.999999999997047,5.776129324694975e-10,2.8822885330229293e-09,0.0028822885330229294,0.9999998417653281
3612.78,3617.77,3615.275,1.4953479010352206e-43,7.461786026165424e-43,7.461786026165424e-37,0.9999999999999996,3.037530517373946e-20,1.5157277281695328e-19,1.5157277281695327e-13,0.9999999999999993,1.8931116711466916e-14,9.446627239021578e-14,9.446627239021578e-08,0.9999999999971415,5.67300664665354e-10,2.8308303166799928e-09,0.002830830316679993,0.9999998445961584
3617.77,3622.76,3620.2650000000003,1.3181504589118766e-43,6.5775707899705755e-43,6.577570789970575e-37,0.9999999999999996,2.8856943662690366e-20,1.4399614887683176e-19,1.4399614887683175e-13,0.9999999999999993,1.8324521804288274e-14,9.143936380340282e-14,9.143936380340282e-08,0.999999999997233,5.571735658242631e-10,2.7802960934632044e-09,0.0027802960934632044,0.9999998473764545
3622.76,3627.75,3625.255,1.1619529690512823e-43,5.798145315565645e-43,5.798145315565645e-37,0.9999999999999996,2.7414532128804184e-20,1.367985153227269e-19,1.3679851532272691e-13,0.9999999999999993,1.7737397239869438e-14,8.850961222694462e-14,8.850961222694462e-08,0.9999999999973215,5.4722828931104e-10,2.7306691636619704e-09,0.0027306691636619705,0.9999998501071237
3627.75,3632.7400000000002,3630.245,1.0242664266183928e-43,5.111089468826022e-43,5.111089468826022e-37,0.9999999999999996,2.6044268739929664e-20,1.2996090101225518e-19,1.2996090101225518e-13,0.9999999999999993,1.7169116896209576e-14,8.567389331208985e-14,8.567389331208984e-08,0.9999999999974072,5.374615494247411e-10,2.681933131629585e-09,0.002681933131629585,0.9999998527890568
3632.7400000000002,3637.73,3635.235,9.028968666371487e-44,4.505455364519175e-43,4.505455364519175e-37,0.9999999999999996,2.474254211657795e-20,1.2346528516171857e-19,1.2346528516171857e-13,0.9999999999999993,1.661907482658248e-14,8.292918338464296e-14,8.292918338464296e-08,0.9999999999974901,5.278701202797858e-10,2.6340719001960157e-09,0.002634071900196016,0.9999998554231286
3637.73,3642.7200000000003,3640.2250000000004,7.959103868633674e-44,3.971592830448392e-43,3.971592830448392e-37,0.9999999999999996,2.350592178359784e-20,1.1729454970015878e-19,1.1729454970015877e-13,0.9999999999999993,1.6086684608017958e-14,8.027255619401341e-14,8.027255619401341e-08,0.9999999999975704,5.184508347078251e-10,2.58706966519217e-09,0.00258706966519217,0.9999998580101983
3642.7200000000003,3647.71,3645.215,7.016023176865997e-44,3.5009955652559795e-43,3.5009955652559797e-37,0.9999999999999996,2.2331149100958262e-20,1.1143243401377685e-19,1.1143243401377685e-13,0.9999999999999993,1.557137871087227e-14,7.770117976724924e-14,7.770117976724924e-08,0.9999999999976481,5.0920058317997e-10,2.540910910067939e-09,0.002540910910067939,0.9999998605511092
3647.71,3652.7000000000003,3650.205,6.184700473153543e-44,3.0861655361037643e-43,3.0861655361037643e-37,0.9999999999999996,2.121512864957541e-20,1.0586349196138631e-19,1.0586349196138631e-13,0.9999999999999993,1.5072607888803388e-14,7.521231336513247e-14,7.521231336513247e-08,0.9999999999977233,5.001163127489845e-10,2.4955804006175506e-09,0.0024955804006175507,0.9999998630466896
3652.7000000000003,3657.69,3655.195,5.451890688171099e-44,2.7204934533972596e-43,2.7204934533972597e-37,0.9999999999999996,2.0154920049331858e-20,1.0057305104616158e-19,1.0057305104616158e-13,0.9999999999999993,1.4589840588489265e-14,7.280330453655825e-14,7.280330453655825e-08,0.9999999999977961,4.91195026011083e-10,2.451063179795197e-09,0.002451063179795197,0.9999998654977528
3657.69,3662.6800000000003,3660.1850000000004,4.805918669847316e-44,2.3981534162539247e-43,2.3981534162539247e-37,0.9999999999999996,1.9147730187587497e-20,9.554717363606614e-20,9.554717363606614e-14,0.9999999999999993,1.4122562378448203e-14,7.047158626845987e-14,7.047158626845987e-08,0.9999999999978666,4.824337800869697e-10,2.407344562634093e-09,0.002407344562634093,0.9999998679050973
3662.6800000000003,3667.67,3665.175,4.236493083049364e-44,2.11401004844154e-43,2.11401004844154e-37,0.9999999999999996,1.8190905837564964e-20,9.07726201294452e-20,9.07726201294452e-14,0.9999999999999993,1.3670275396341346e-14,6.821467422774033e-14,6.821467422774033e-08,0.9999999999979348,4.738296856217363e-10,2.3644101312523606e-09,0.0023644101312523605,0.9999998702695074
3667.67,3672.6600000000003,3670.165,3.734542372353915e-44,1.863536643804692e-43,1.8635366438046919e-37,0.9999999999999996,1.7281926647037645e-20,8.623681396872194e-20,8.623681396872194e-14,0.9999999999999993,1.323249781415827e-14,6.603016409265289e-14,6.603016409265289e-08,0.9999999999980008,4.6537990580328067e-10,2.3222457299584806e-09,0.0023222457299584805,0.9999998725917532
3672.6600000000003,3677.65,3675.155,3.2920701719188423e-44,1.6427430157874304e-43,1.6427430157874304e-37,0.9999999999999996,1.6418398478726634e-20,8.192780840884233e-20,8.192780840884232e-14,0.9999999999999993,1.2808763320705047e-14,6.391572897031539e-14,6.39157289703154e-08,0.9999999999980648,4.5708165539890854e-10,2.280837460440454e-09,0.002280837460440454,0.9999998748725906
3677.65,3682.6400000000003,3680.1450000000004,2.902027856681228e-44,1.4481119004840013e-43,1.4481119004840012e-37,0.9999999999999996,1.5598047084746912e-20,7.783425495289078e-20,7.783425495289077e-14,0.9999999999999993,1.2398620620834284e-14,6.186911689796601e-14,6.186911689796601e-08,0.9999999999981266,4.4893219980975983e-10,2.2401716770508076e-09,0.0022401716770508078,0.9999998771127623
3682.6400000000003,3687.63,3685.135,2.558202202524943e-44,1.2765428990598908e-43,1.2765428990598907e-37,0.9999999999999996,1.4818712098333895e-20,7.394537337068289e-20,7.39453733706829e-14,0.9999999999999993,1.2001632950873348e-14,5.98881484248554e-14,5.988814842485539e-08,0.9999999999981865,4.409288541427301e-10,2.200234982172127e-09,0.0022002349821721267,0.9999998793129973
3687.63,3692.6200000000003,3690.125,2.255116364056487e-44,1.1253030656642401e-43,1.1253030656642402e-37,0.9999999999999996,1.4078341326921646e-20,7.025092322134234e-20,7.025092322134234e-14,0.9999999999999993,1.1617377609725924e-14,5.79707142725351e-14,5.79707142725351e-08,0.9999999999982444,4.3306898229957047e-10,2.1610142216749592e-09,0.0021610142216749594,0.9999998814740115
3692.6200000000003,3697.61,3695.1150000000002,1.9879425910406725e-44,9.919833529292522e-44,9.919833529292522e-38,0.9999999999999996,1.3374985331444503e-20,6.674117680390516e-20,6.674117680390516e-14,0.9999999999999993,1.1245445505138828e-14,5.61147730706403e-14,5.61147730706403e-08,0.9999999999983005,4.253499960828346e-10,2.1224964804532516e-09,0.0021224964804532516,0.999999883596508
3697.61,3702.6000000000004,3700.1050000000005,1.752425291770845e-44,8.744602205936931e-44,8.744602205936931e-38,0.9999999999999996,1.2706792277496686e-20,6.340689346471146e-20,6.340689346471146e-14,0.9999999999999993,1.0885440714642197e-14,5.431834916606714e-14,5.431834916606714e-08,0.9999999999983548,4.1776935431835935e-10,2.084669078048712e-09,0.002084669078048712,0.9999998856811771
3702.6000000000004,3707.59,3705.0950000000003,1.5448132166692022e-44,7.708617951178982e-44,7.708617951178982e-38,0.9999999999999996,1.2072003044700736e-20,6.023929519305404e-20,6.023929519305404e-14,0.9999999999999993,1.0536980060687175e-14,5.2579530502826704e-14,5.2579530502826704e-08,0.9999999999984074,4.103245619939758e-10,2.0475195643498497e-09,0.0020475195643498497,0.9999998877286967
3707.59,3712.5800000000004,3710.085,1.3617996808644734e-44,6.795380407514044e-44,6.795380407514044e-38,0.9999999999999996,1.1468946581327627e-20,5.723004344082757e-20,5.723004344082756e-14,0.9999999999999993,1.0199692699521e-14,5.0896466570612206e-14,5.0896466570612206e-08,0.9999999999984582,4.0301316941413604e-10,2.011035715376634e-09,0.0020110357153766342,0.9999998897397324
3712.5800000000004,3717.57,3715.0750000000003,1.200469872697359e-44,5.990344664759559e-44,5.990344664759559e-38,0.9999999999999996,1.0896035491858714e-20,5.43712171043726e-20,5.43712171043726e-14,0.9999999999999993,9.87321972335462e-15,4.9267366419537404e-14,4.92673664195374e-08,0.9999999999985075,3.958327713701714e-10,1.9752055291370686e-09,0.0019752055291370686,0.999999891714938
3717.57,3722.56,3720.065,1.0582544081039671e-44,5.280689496438565e-44,5.280689496438565e-38,0.9999999999999996,1.0351761845797707e-20,5.16552916105283e-20,5.16552916105283e-14,0.9999999999999993,9.557213775391251e-15,4.769049673920026e-14,4.769049673920026e-08,0.9999999999985553,3.8878100632588093e-10,1.940017221566061e-09,0.0019400172215660611,0.9999998936549552
3722.56,3727.55,3725.0550000000003,9.32888390428889e-45,4.655113068240376e-44,4.655113068240376e-38,0.9999999999999996,9.834693196630447e-21,4.9075119051188253e-20,4.9075119051188256e-14,0.9999999999999993,9.251338677299523e-15,4.616417999972681e-14,4.6164179999726806e-08,0.9999999999986015,3.8185555561816785e-10,1.9054592225347477e-09,0.0019054592225347478,0.9999998955604145
3727.55,3732.54,3730.045,8.223753230095238e-45,4.1036528618173445e-44,4.1036528618173445e-38,0.9999999999999996,9.343468800386272e-21,4.662390931392546e-20,4.662390931392546e-14,0.9999999999999993,8.955269068728202e-15,4.468679265295177e-14,4.4686792652951773e-08,0.9999999999986462,3.7505414267244106e-10,1.871520171935399e-09,0.001871520171935399,0.9999998974319346
3732.54,3737.53,3735.035,7.249552992530558e-45,3.61752694327292e-44,3.61752694327292e-38,0.9999999999999996,8.876796023784606e-21,4.4295212158687284e-20,4.4295212158687287e-14,0.9999999999999993,8.668690058471562e-15,4.325676339177514e-14,4.325676339177514e-08,0.9999999999986895,3.6837453223250806e-10,1.8381889158403022e-09,0.0018381889158403022,0.9999998992701236
3737.53,3742.52,3740.025,6.390769631330489e-45,3.1889940460337743e-44,3.188994046033774e-38,0.9999999999999996,8.433446932454763e-21,4.208290019294743e-20,4.208290019294743e-14,0.9999999999999993,8.39129688690868e-15,4.187257146567249e-14,4.187257146567249e-08,0.9999999999987313,3.618145296046858e-10,1.8054545027273032e-09,0.001805454502727303,0.999999901075578
3742.52,3747.51,3745.0150000000003,5.633727931496352e-45,2.8112302378168125e-44,2.8112302378168126e-38,0.9999999999999996,8.012255050192368e-21,3.998115270046181e-20,3.9981152700461807e-14,0.9999999999999993,8.122794599351119e-15,4.0532745050764004e-14,4.0532745050764006e-08,0.9999999999987719,3.5537197991587094e-10,1.77330617978028e-09,0.00177330617978028,0.9999999028488842
3747.51,3752.5,3750.005,4.966373157867901e-45,2.478220205775974e-44,2.478220205775974e-38,0.9999999999999996,7.612112280671963e-21,3.798444028055143e-20,3.7984440280551434e-14,0.9999999999999993,7.862897729945458e-15,3.923585967242612e-14,3.923585967242612e-08,0.9999999999988111,3.490447673852964e-10,1.741733389252553e-09,0.001741733389252553,0.9999999045906176
3752.5,3757.4900000000002,3754.995,4.378079012066376e-45,2.1846614270212252e-44,2.1846614270212253e-38,0.9999999999999996,7.231965983464818e-21,3.6087510257491154e-20,3.6087510257491155e-14,0.9999999999999993,7.611329995788992e-15,3.798053667898887e-14,3.798053667898887e-08,0.999999999998849,3.428308146097342e-10,1.7107257649026547e-09,0.0017107257649026546,0.9999999063013434
3757.4900000000002,3762.48,3759.985,3.859478350892588e-45,1.925879697095317e-44,1.925879697095317e-38,0.9999999999999996,6.870816196620463e-21,3.428537282113461e-20,3.428537282113461e-14,0.9999999999999993,7.367824000928032e-15,3.676544176462927e-14,3.6765441764629265e-08,0.9999999999988858,3.367280818618826e-10,1.6802731284907208e-09,0.0016802731284907208,0.9999999079816165
3762.48,3767.4700000000003,3764.9750000000004,3.402313968136301e-45,1.6977546701000946e-44,1.6977546701000946e-38,0.9999999999999996,6.527712998460387e-21,3.257328786231888e-20,3.257328786231888e-14,0.9999999999999993,7.132120949918236e-15,3.558928354009369e-14,3.558928354009369e-08,0.9999999999989214,3.3073456640169676e-10,1.650365486344545e-09,0.0016503654863445451,0.999999909631982
3767.4700000000003,3772.46,3769.965,2.9993070616053033e-45,1.496654223740981e-44,1.496654223740981e-38,0.9999999999999996,6.201754001598799e-21,3.094675246797666e-20,3.0946752467976656e-14,0.9999999999999993,6.9039703706377846e-15,3.445081214948104e-14,3.445081214948104e-08,0.9999999999989558,3.2484830180042245e-10,1.6209930259840372e-09,0.0016209930259840372,0.999999911252975
3772.46,3777.4500000000003,3774.955,2.6440412891082788e-45,1.3193766032650936e-44,1.3193766032650935e-38,0.9999999999999996,5.892081972559185e-21,2.9401489043071724e-20,2.9401489043071726e-14,0.9999999999999993,6.6831298460534924e-15,3.3348817931808506e-14,3.3348817931808505e-08,0.9999999999989891,3.1906735727708944e-10,1.5921461128127517e-09,0.0015921461128127518,0.9999999128451211
3777.4500000000003,3782.44,3779.945,2.330860565628866e-45,1.1630994222487533e-44,1.1630994222487533e-38,0.9999999999999996,5.597882570686495e-21,2.7933434027724386e-20,2.7933434027724385e-14,0.9999999999999993,6.469364754650275e-15,3.228213012570346e-14,3.228213012570346e-08,0.9999999999990214,3.1338983704723973e-10,1.563815286865658e-09,0.001563815286865658,0.9999999144089364
3782.44,3787.4300000000003,3784.9350000000004,2.0547789729675307e-45,1.0253347075108464e-44,1.0253347075108465e-38,0.9999999999999996,5.3183822003709036e-21,2.6538727179852067e-20,2.6538727179852068e-14,0.9999999999999993,6.262448019243332e-15,3.124961561602571e-14,3.1249615616025706e-08,0.9999999999990526,3.078138796836657e-10,1.5359912596215647e-09,0.0015359912596215647,0.9999999159449277
3787.4300000000003,3792.42,3789.925,1.8114013461994862e-45,9.038892717535041e-45,9.03889271753504e-39,0.9999999999999996,5.052845970900629e-21,2.5213701394793035e-20,2.5213701394793035e-14,0.9999999999999993,6.062159863901636e-15,3.025017772086784e-14,3.0250177720867836e-08,0.9999999999990828,3.0233765748892087e-10,1.508664910869649e-09,0.001508664910869649,0.9999999174535925
3792.42,3797.4100000000003,3794.915,1.5968532714790132e-45,7.968297824680654e-45,7.968297824680654e-39,0.9999999999999996,4.800575758545698e-21,2.3954873035144166e-20,2.3954873035144165e-14,0.9999999999999993,5.868287578720253e-15,2.928275501781545e-14,2.928275501781545e-08,0.9999999999991122,2.9695937587939317e-10,1.481827285638242e-09,0.001481827285638242,0.9999999189354198
3797.4100000000003,3802.4,3799.905,1.407719379726639e-45,7.024519704835621e-45,7.02451970483562e-39,0.9999999999999996,4.5609083657457776e-21,2.2758932745070435e-20,2.2758932745070434e-14,0.9999999999999993,5.680625292187578e-15,2.8346320208014773e-14,2.8346320208014772e-08,0.9999999999991405,2.916772727807319e-10,1.4554695911757884e-09,0.0014554695911757885,0.9999999203908895
3802.4,3807.3900000000003,3804.8950000000004,1.2409889529582608e-45,6.192534875262015e-45,6.192534875262014e-39,0.9999999999999996,4.333213772532526e-21,2.162273672493833e-20,2.162273672493833e-14,0.9999999999999993,5.498973750901556e-15,2.7439879017000064e-14,2.7439879017000064e-08,0.9999999999991679,2.864896180344045e-10,1.4295831939917462e-09,0.0014295831939917462,0.9999999218204727
3807.3900000000003,3812.38,3809.885,1.0940079765632718e-45,5.459099803050487e-45,5.4590998030504874e-39,0.9999999999999996,4.1168934755613005e-21,2.0543298443049992e-20,2.054329844304999e-14,0.9999999999999993,5.323140106397025e-15,2.6562469130919993e-14,2.6562469130919994e-08,0.9999999999991944,2.8139471281517996e-10,1.4041596169476866e-09,0.0014041596169476866,0.9999999232246323
3812.38,3817.3700000000003,3814.875,9.644368735704391e-46,4.8125399991167195e-45,4.812539999116719e-39,0.9999999999999996,3.911378910359028e-21,1.9517780762692474e-20,1.9517780762692474e-14,0.9999999999999993,5.152937708854256e-15,2.5713159167183955e-14,2.5713159167183956e-08,0.9999999999992202,2.763908890593414e-10,1.379190536406179e-09,0.001379190536406179,0.9999999246038228
3817.3700000000003,3822.36,3819.8650000000002,8.502132474929115e-46,4.2425641049894424e-45,4.242564104989442e-39,0.9999999999999996,3.716129952616111e-21,1.8543488463553584e-20,1.8543488463553584e-14,0.9999999999999993,4.988185907465851e-15,2.4891047678253505e-14,2.4891047678253506e-08,0.999999999999245,2.714765089034217e-10,1.354667779428015e-09,0.0013546677794280151,0.9999999259584906
3822.36,3827.3500000000004,3824.8550000000005,7.495190401626908e-46,3.740100010412005e-45,3.740100010412005e-39,0.9999999999999996,3.5306334945586026e-21,1.7617861137848263e-20,1.7617861137848264e-14,0.9999999999999993,4.828709857246892e-15,2.4095262187663134e-14,2.4095262187663133e-08,0.9999999999992691,2.666499641332693e-10,1.3305833210250768e-09,0.0013305833210250767,0.9999999272890739
3827.3500000000004,3832.34,3829.8450000000003,6.607515813210474e-46,3.2971503907918824e-45,3.2971503907918826e-39,0.9999999999999996,3.354402092636791e-21,1.6738466442256856e-20,1.6738466442256857e-14,0.9999999999999993,4.6743403320795494e-15,2.332495825707593e-14,2.332495825707593e-08,0.9999999999992925,2.619096756432534e-10,1.3069292814597774e-09,0.0013069292814597774,0.9999999285960032
3832.34,3837.3300000000004,3834.835,5.824980687483586e-46,2.906665363054447e-45,2.906665363054447e-39,0.9999999999999996,3.186972682954623e-21,1.5902993687944323e-20,1.5902993687944323e-14,0.9999999999999993,4.5249135437906705e-15,2.2579318583516514e-14,2.2579318583516516e-08,0.999999999999315,2.5725409290541497e-10,1.2836979235980815e-09,0.0012836979235980814,0.9999999298797011
3837.3300000000004,3842.32,3839.8250000000003,5.135130723818891e-46,2.5624302311855142e-45,2.562430231185514e-39,0.9999999999999996,3.0279053610439758e-21,1.510924775160878e-20,1.510924775160878e-14,0.9999999999999993,4.380270967067293e-15,2.1857552125664835e-14,2.1857552125664834e-08,0.9999999999993369,2.5268169344838345e-10,1.2608816503073782e-09,0.0012608816503073782,0.9999999311405827
3842.32,3847.31,3844.815,4.526987040553178e-46,2.2589665332359373e-45,2.2589665332359372e-39,0.9999999999999996,2.8767822227581958e-21,1.435514329156277e-20,1.4355143291562768e-14,0.9999999999999993,4.24025917002119e-15,2.1158893258404812e-14,2.115889325840481e-08,0.9999999999993581,2.4819098234588217e-10,1.2384730019058978e-09,0.0012384730019058979,0.9999999323790557
3847.31,3852.3,3849.8050000000003,3.990871369675188e-46,1.9914448134680133e-45,1.9914448134680132e-39,0.9999999999999996,2.733206263220958e-21,1.3638699253473226e-20,1.3638699253473225e-14,0.9999999999999993,4.1047296502196205e-15,2.0482600954596877e-14,2.0482600954596877e-08,0.9999999999993785,2.437804917146289e-10,1.2164646536560558e-09,0.0012164646536560557,0.9999999335955204
3852.3,3857.29,3854.795,3.518251964274871e-46,1.755607730173084e-45,1.7556077301730838e-39,0.9999999999999996,2.5968003309208487e-21,1.2958033651294469e-20,1.2958033651294468e-14,0.9999999999999993,3.973538676005899e-15,1.982795799326857e-14,1.982795799326857e-08,0.9999999999993984,2.394487802214751e-10,1.1948494133051084e-09,0.0011948494133051085,0.9999999347903699
3857.29,3862.28,3859.785,3.101607764233869e-46,1.547702274352774e-45,1.5477022743527742e-39,0.9999999999999996,2.4672061341867493e-21,1.2311358609592463e-20,1.2311358609592463e-14,0.9999999999999993,3.846547132938378e-15,1.9194270193363417e-14,1.9194270193363417e-08,0.9999999999994176,2.351944325996005e-10,1.1736202186720621e-09,0.001173620218672062,0.9999999359639901
3862.28,3867.27,3864.775,2.7343086565374643e-46,1.364420019612135e-45,1.364420019612135e-39,0.9999999999999996,2.3440832974195878e-21,1.1696975654123231e-20,1.1696975654123231e-14,0.9999999999999993,3.723620375182528e-15,1.858086567216e-14,1.858086567216e-08,0.9999999999994361,2.3101605917359972e-10,1.1527701352762122e-09,0.0011527701352762121,0.9999999371167602
3867.27,3872.26,3869.7650000000003,2.410509923005929e-46,1.2028444515800156e-45,1.2028444515800156e-39,0.9999999999999996,2.2271084645859488e-21,1.1113271238284411e-20,1.1113271238284411e-14,0.9999999999999993,3.6046280816961006e-15,1.7987094127664393e-14,1.7987094127664393e-08,0.9999999999994541,2.269122953932945e-10,1.1322923540125933e-09,0.0011322923540125933,0.9999999382490525
3872.26,3877.25,3874.755,2.1250591942680953e-46,1.0604045379397331e-45,1.0604045379397331e-39,0.9999999999999996,2.1159744476053072e-21,1.0558712493550021e-20,1.055871249355002e-14,0.9999999999999993,3.4894441170522128e-15,1.741232614408978e-14,1.741232614408978e-08,0.9999999999994715,2.2288180137611195e-10,1.11218018886675e-09,0.0011121801888667499,0.9999999393612328
3877.25,3882.2400000000002,3879.745,1.873414428037736e-46,9.348337995908745e-46,9.348337995908746e-40,0.9999999999999996,2.010389417380952e-21,1.0031843192731425e-20,1.0031843192731425e-14,0.9999999999999993,3.3779463967505457e-15,1.6855952519786023e-14,1.6855952519786023e-08,0.9999999999994884,2.1892326145786377e-10,1.0924270746747919e-09,0.001092427074674792,0.9999999404536598
3882.2400000000002,3887.23,3884.735,1.6515716053751375e-46,8.241342310821575e-46,8.241342310821576e-40,0.9999999999999996,1.9100761353375306e-21,9.53127991533386e-21,9.53127991533386e-15,0.9999999999999993,3.2700167568716956e-15,1.6317383616789047e-14,1.6317383616789046e-08,0.9999999999995047,2.150353837517798e-10,1.0730265649213344e-09,0.0010730265649213345,0.9999999415266864
3887.23,3892.2200000000003,3889.7250000000004,1.456000993423441e-46,7.265444957183315e-46,7.265444957183316e-40,0.9999999999999996,1.8147712234356137e-21,9.055708404944141e-21,9.055708404944141e-15,0.9999999999999993,3.1655408279342064e-15,1.579604873139244e-14,1.579604873139244e-08,0.9999999999995205,2.1121689971563476e-10,1.0539723295810674e-09,0.0010539723295810673,0.9999999425806587
3892.2200000000003,3897.21,3894.715,1.2835909595691792e-46,6.405118888249924e-46,6.4051188882499245e-40,0.9999999999999996,1.7242244707350554e-21,8.60388010896755e-21,8.60388010896755e-15,0.9999999999999993,3.0644079128184675e-15,1.5291395484963483e-14,1.5291395484963484e-08,0.9999999999995358,2.0746656372682442e-10,1.0352581529968086e-09,0.0010352581529968086,0.9999999436159168
3897.21,3902.2000000000003,3899.705,1.1315984422634631e-46,5.646676226894949e-46,5.646676226894949e-40,0.9999999999999996,1.6381981746757762e-21,8.17460889163251e-21,8.17460889163251e-15,0.9999999999999993,2.9665108686261025e-15,1.4802889234444953e-14,1.4802889234444953e-08,0.9999999999995506,2.0378315266523522e-10,1.016877931799572e-09,0.001016877931799572,0.9999999446327947
3902.2000000000003,3907.19,3904.695,9.976052897712616e-47,4.978050395958378e-46,4.978050395958378e-40,0.9999999999999996,1.5564665153368397e-21,7.76676791153049e-21,7.76676791153049e-15,0.9999999999999993,2.871745992347792e-15,1.4330012501814855e-14,1.4330012501814855e-08,0.9999999999995649,2.0016546550377575e-10,9.988256728637972e-10,0.0009988256728637973,0.9999999456316204
3907.19,3912.1800000000003,3909.6850000000004,8.794797715804932e-47,4.388604060186869e-46,4.388604060186869e-40,0.9999999999999996,1.478814961021113e-21,7.379286655495703e-21,7.379286655495703e-15,0.9999999999999993,2.7800129102162984e-15,1.3872264421979987e-14,1.3872264421979987e-08,0.9999999999995788,1.9661232290641709e-10,9.810954913030678e-10,0.0009810954913030679,0.999999946612716
3912.1800000000003,3917.17,3914.675,7.753426495913799e-47,3.868959821460816e-46,3.868959821460816e-40,0.9999999999999996,1.4050397035963712e-21,7.011148120945586e-21,7.011148120945586e-15,0.9999999999999993,2.6912144706258102e-15,1.3429160208422206e-14,1.3429160208422206e-08,0.9999999999995922,1.931225668336054e-10,9.636816084996487e-10,0.0009636816084996487,0.9999999475763975
3917.17,3922.1600000000003,3919.665,6.835372688302065e-47,3.410850971462892e-46,3.4108509714628922e-40,0.9999999999999996,1.3349471221020282e-21,6.6613861392894364e-21,6.6613861392894366e-15,0.9999999999999993,2.6052566405022936e-15,1.300023063610706e-14,1.300023063610706e-08,0.9999999999996052,1.8969506015491513e-10,9.465783501730714e-10,0.0009465783501730713,0.9999999485229759
3922.1600000000003,3927.15,3924.655,6.026031914495127e-47,3.0069899253329365e-46,3.0069899253329366e-40,0.9999999999999996,1.2683532732054736e-21,6.329082833295036e-21,6.329082833295037e-15,0.9999999999999993,2.5220484050134993e-15,1.2585021541016812e-14,1.2585021541016811e-08,0.9999999999996178,1.8632868626880275e-10,9.297801444812851e-10,0.0009297801444812851,0.999999949452756
3927.15,3932.1400000000003,3929.6450000000004,5.312529542075446e-47,2.6509522414957733e-46,2.6509522414957734e-40,0.9999999999999996,1.2050834071631467e-21,6.013366201744387e-21,6.013366201744388e-15,0.9999999999999993,2.4415016705106912e-15,1.2183093335848927e-14,1.2183093335848926e-08,0.99999999999963,1.8302234872933488e-10,9.132815201594243e-10,0.0009132815201594243,0.9999999503660376
3932.1400000000003,3937.13,3934.635,4.683515793634813e-47,2.3370743810236694e-46,2.3370743810236694e-40,0.9999999999999996,1.1449715080086512e-21,5.7134078249629196e-21,5.71340782496292e-15,0.9999999999999993,2.363531170597727e-15,1.1794020541282143e-14,1.1794020541282144e-08,0.9999999999996417,1.7977497087975508e-10,8.970771046899386e-10,0.0008970771046899386,0.9999999512631147
3937.13,3942.1200000000003,3939.625,4.128985127738353e-47,2.0603635787415357e-46,2.0603635787415357e-40,0.9999999999999996,1.0878598567543563e-21,5.428420685204495e-21,5.4284206852044955e-15,0.9999999999999993,2.2880543752265113e-15,1.1417391332380832e-14,1.1417391332380832e-08,0.9999999999996532,1.7658549549277013e-10,8.811616225089647e-10,0.0008811616225089647,0.9999999521442763
3942.1200000000003,3947.11,3944.6150000000002,3.640117016280222e-47,1.8164183911237513e-46,1.8164183911237513e-40,0.9999999999999996,1.0335986164540398e-21,5.157657096105433e-21,5.157657096105433e-15,0.9999999999999993,2.2149914027211653e-15,1.1052807099578132e-14,1.1052807099578132e-08,0.9999999999996643,1.7345288441742679e-10,8.655298932429218e-10,0.0008655298932429218,0.9999999530098062
3947.11,3952.1000000000004,3949.6050000000005,3.2091355833330884e-47,1.601358656083287e-46,1.601358656083287e-40,0.9999999999999996,9.820454380313693e-22,4.900406735776765e-21,4.9004067357767646e-15,0.9999999999999993,2.1442649346362982e-15,1.0699882023835634e-14,1.0699882023835635e-08,0.9999999999996749,1.7037611823245805e-10,8.501768299800059e-10,0.0008501768299800059,0.999999953859983
3952.1000000000004,3957.09,3954.5950000000003,2.829185870941203e-47,1.4117637495995986e-46,1.4117637495995986e-40,0.9999999999999996,9.330650858343804e-22,4.6559947783133546e-21,4.655994778313355e-15,0.9999999999999993,2.075800133357856e-15,1.035824266545525e-14,1.0358242665455249e-08,0.9999999999996853,1.6735419590598137e-10,8.350974375708105e-10,0.0008350974375708106,0.9999999546950804
3957.09,3962.0800000000004,3959.585,2.49422476206469e-47,1.2446181562703393e-46,1.2446181562703393e-40,0.9999999999999996,8.865290819279991e-22,4.423780118820925e-21,4.4237801188209246e-15,0.9999999999999993,2.009524562358091e-15,1.0027527566167349e-14,1.0027527566167349e-08,0.9999999999996952,1.64386134461427e-10,8.202868109625596e-10,0.0008202868109625596,0.9999999555153672
3962.0800000000004,3967.07,3964.5750000000003,2.198924824266193e-47,1.0972634873087823e-46,1.0972634873087823e-40,0.9999999999999996,8.423153681861946e-22,4.203153687248927e-21,4.203153687248927e-15,0.9999999999999993,1.945368109018897e-15,9.707386864003872e-15,9.707386864003872e-09,0.9999999999997049,1.6147096864958507e-10,8.057401335613942e-10,0.0008057401335613941,0.9999999563211074
3967.07,3972.06,3969.565,1.9385895434621422e-47,9.673561821875667e-47,9.673561821875666e-41,0.9999999999999996,8.003079852925048e-22,3.993536846609424e-21,3.993536846609424e-15,0.9999999999999993,1.8832629099407408e-15,9.397481920603886e-15,9.397481920603886e-09,0.9999999999997143,1.5860775062666026e-10,7.91452675627e-10,0.000791452675627,0.9999999571125601
3972.06,3977.05,3974.5550000000003,1.7090785984118684e-47,8.528302206075628e-47,8.528302206075627e-41,0.9999999999999996,7.603967678021214e-22,3.7943798713327656e-21,3.7943798713327655e-15,0.9999999999999993,1.823143278656772e-15,9.097484960497723e-15,9.097484960497723e-09,0.9999999999997234,1.5579554963821462e-10,7.774197926947278e-10,0.0007774197926947278,0.9999999578899799
3977.05,3982.04,3979.545,1.5067419864837342e-47,7.518642512553505e-47,7.518642512553504e-41,0.9999999999999996,7.224770544613812e-22,3.605160501762135e-21,3.605160501762135e-15,0.9999999999999993,1.764945635674725e-15,8.807078722016492e-15,8.807078722016492e-09,0.9999999999997322,1.5303345170889926e-10,7.636369240273739e-10,0.0007636369240273739,0.9999999586536168
3982.04,3987.03,3984.535,1.3283619521573553e-47,6.628526141265517e-47,6.628526141265517e-41,0.9999999999999996,6.864494130206762e-22,3.425382570973337e-21,3.425382570973337e-15,0.9999999999999993,1.708608440771277e-15,8.525956119449077e-15,8.525956119449076e-09,0.9999999999997408,1.503205593378626e-10,7.500995910959699e-10,0.0007500995910959699,0.9999999594037163
3987.03,3992.02,3989.525,1.1711017939470376e-47,5.843797951795463e-47,5.843797951795463e-41,0.9999999999999996,6.522193788150877e-22,3.2545747002871454e-21,3.2545747002871453e-15,0.9999999999999993,1.6540721274663524e-15,8.253819916056738e-15,8.253819916056738e-09,0.999999999999749,1.4765599119973142e-10,7.368033960866276e-10,0.0007368033960866275,0.9999999601405197
3992.02,3997.01,3994.5150000000003,1.0324607349361325e-47,5.151979067331546e-47,5.151979067331546e-41,0.9999999999999996,6.196972064235366e-22,3.0922890600535943e-21,3.0922890600535942e-15,0.9999999999999993,1.601279039606967e-15,7.990382407639144e-15,7.990382407639144e-09,0.999999999999757,1.4503888185106265e-10,7.237440204368369e-10,0.0007237440204368369,0.9999999608642638
3997.01,4002.0,3999.505,9.10234138643267e-48,4.542068351829704e-47,4.542068351829704e-41,0.9999999999999996,5.887976337515164e-22,2.9381001924199385e-21,2.9381001924199386e-15,0.9999999999999993,1.5501733699925333e-15,7.735365116262402e-15,7.735365116262402e-09,0.9999999999997647,1.424683814421647e-10,7.109172233963708e-10,0.0007109172233963708,0.999999961575181
4002.0,4006.9900000000002,4004.495,8.024784370353459e-48,4.004367400806566e-47,4.004367400806566e-41,0.9999999999999996,5.594396579155841e-22,2.791603892998897e-21,2.791603892998897e-15,0.9999999999999993,1.5007011009758268e-15,7.48849849386973e-15,7.48849849386973e-09,0.9999999999997722,1.399436554341874e-10,6.983188406166282e-10,0.0006983188406166282,0.9999999622734999
4006.9900000000002,4011.98,4009.485,7.074802125136393e-48,3.5303262604429055e-47,3.5303262604429057e-41,0.9999999999999996,5.315463223387739e-22,2.6524161484703657e-21,2.6524161484703657e-15,0.9999999999999993,1.4528099469758276e-15,7.249521635409063e-15,7.249521635409063e-09,0.9999999999997794,1.3746388432138531e-10,6.859447827636827e-10,0.0006859447827636827,0.9999999629594446
4011.98,4016.9700000000003,4014.4750000000004,6.237289418240716e-48,3.1124074197022646e-47,3.1124074197022645e-41,0.9999999999999996,5.050445144956724e-22,2.520172127333525e-21,2.520172127333525e-15,0.9999999999999993,1.4064492988408564e-15,7.018182001216206e-15,7.018182001216206e-09,0.9999999999997864,1.3502826335846124e-10,6.737910341587535e-10,0.0006737910341587535,0.9999999636332356
4016.9700000000003,4021.96,4019.465,5.498929681325722e-48,2.743965910981415e-47,2.743965910981415e-41,0.9999999999999996,4.798647737741252e-22,2.39452522113278e-21,2.3945252211327798e-15,0.9999999999999993,1.3615701700022251e-15,6.7942351483108064e-15,6.794235148310806e-09,0.9999999999997932,1.326360022928896e-10,6.618536514414902e-10,0.0006618536514414902,0.9999999642950893
4021.96,4026.9500000000003,4024.455,4.8479831889093125e-48,2.4191436112658615e-47,2.4191436112658615e-41,0.9999999999999996,4.5594110894716915e-22,2.275146133646482e-21,2.2751461336464817e-15,0.9999999999999993,1.3181251443607139e-15,6.577444470360274e-15,6.577444470360274e-09,0.9999999999997997,1.3028632510213247e-10,6.501287622596718e-10,0.0006501287622596718,0.999999964945218
4026.9500000000003,4031.94,4029.445,4.2741003241494464e-48,2.1327760617504805e-47,2.1327760617504805e-41,0.9999999999999996,4.332108247741492e-22,2.16172201562291e-21,2.16172201562291e-15,0.9999999999999993,1.2760683258500171e-15,6.367580945991307e-15,6.367580945991307e-09,0.999999999999806,1.2797846973565997e-10,6.386125639809153e-10,0.0006386125639809153,0.9999999655838306
4031.94,4036.9300000000003,4034.4350000000004,3.768156960266844e-48,1.8803103231732445e-47,1.8803103231732446e-41,0.9999999999999996,4.116143572741661e-22,2.053955642798186e-21,2.0539556427981862e-15,0.9999999999999993,1.235355289623051e-15,6.164422895219316e-15,6.164422895219316e-09,0.9999999999998123,1.2571168786168185e-10,6.273013224298221e-10,0.0006273013224298221,0.999999966211132
4036.9300000000003,4041.92,4039.425,3.322109338122922e-48,1.6577325597232656e-47,1.6577325597232656e-41,0.9999999999999996,3.910951172377023e-22,1.9515646350160493e-21,1.9515646350160494e-15,0.9999999999999993,1.1959430348087917e-15,5.9677557436956096e-15,5.96775574369561e-09,0.9999999999998183,1.2348524461850442e-10,6.161913706463101e-10,0.0006161913706463102,0.9999999668273233
4041.92,4046.9100000000003,4044.415,2.928866130762013e-48,1.4615041992503137e-47,1.4615041992503137e-41,0.9999999999999996,3.7159934156422717e-22,1.8542807144055814e-21,1.8542807144055816e-15,0.9999999999999993,1.1577899387890208e-15,5.7773717945574876e-15,5.777371794557488e-09,0.999999999999824,1.212984183704307e-10,6.052791076684779e-10,0.0006052791076684779,0.9999999674326024
4046.9100000000003,4051.9,4049.405,2.5821756592616723e-48,1.288505653971518e-47,1.288505653971518e-41,0.9999999999999996,3.5307595203410356e-22,1.7618490006500997e-21,1.7618490006500997e-15,0.9999999999999993,1.120855712946022e-15,5.593070007600405e-15,5.593070007600405e-09,0.9999999999998296,1.1915050046811674e-10,5.945609973358765e-10,0.0005945609973358765,0.9999999680271634
4051.9,4056.8900000000003,4054.3950000000004,2.276526465363604e-48,1.1359867062164922e-47,1.1359867062164923e-41,0.9999999999999996,3.3547642114272882e-22,1.6740273415022961e-21,1.674027341502296e-15,0.9999999999999993,1.0851013598337322e-15,5.41465578557058e-15,5.41465578557058e-09,0.999999999999835,1.1704079501330336e-10,5.840335671164115e-10,0.0005840335671164114,0.999999968611197
4056.8900000000003,4061.88,4059.385,2.0070596589240894e-48,1.0015227698030768e-47,1.0015227698030768e-41,0.9999999999999996,3.1875464464354494e-22,1.5905856767712196e-21,1.5905856767712196e-15,0.9999999999999993,1.0504891317265331e-15,5.241940767315171e-15,5.241940767315171e-09,0.9999999999998402,1.1496861862784364e-10,5.736934069529147e-10,0.0005736934069529146,0.9999999691848904
4061.88,4066.8700000000003,4064.375,1.769491645605097e-48,8.829763311569852e-48,8.829763311569853e-42,0.9999999999999996,3.0286682046419806e-22,1.51130543411642e-21,1.5113054341164201e-15,0.9999999999999993,1.0169824905012353e-15,5.074742627601404e-15,5.074742627601404e-09,0.9999999999998453,1.1293330022694386e-10,5.635371681324766e-10,0.0005635371681324766,0.9999999697484276
4066.8700000000003,4071.86,4069.3650000000002,1.5600460054138797e-48,7.784629567014919e-48,7.78462956701492e-42,0.9999999999999996,2.8777133367694044e-22,1.43597895504787e-21,1.43597895504787e-15,0.9999999999999993,9.845460688093294e-16,4.912884883358339e-15,4.912884883358339e-09,0.9999999999998502,1.1093418079654476e-10,5.535615621747342e-10,0.0005535615621747341,0.9999999703019892
4071.86,4076.8500000000004,4074.3550000000005,1.3753934383161832e-48,6.863213257198079e-48,6.863213257198079e-42,0.9999999999999996,2.734286472203928e-22,1.3644089496298246e-21,1.3644089496298247e-15,0.9999999999999993,9.531456324979033e-16,4.756196706164763e-15,4.756196706164762e-09,0.999999999999855,1.0897061317476324e-10,5.437633597420944e-10,0.0005437633597420944,0.9999999708457525
4076.8500000000004,4081.84,4079.3450000000003,1.2125988215165928e-48,6.050868119367534e-48,6.050868119367534e-42,0.9999999999999996,2.5980119808483606e-22,1.2964079784432753e-21,1.2964079784432754e-15,0.9999999999999993,9.227480442389747e-16,4.604512740752282e-15,4.604512740752282e-09,0.9999999999998596,1.0704196183732278e-10,5.341393895682173e-10,0.0005341393895682173,0.9999999713798919
4081.84,4086.8300000000004,4084.335,1.0690745361618508e-48,5.334681935447888e-48,5.334681935447888e-42,0.9999999999999996,2.4685329868774557e-22,1.2317979604519088e-21,1.2317979604519088e-15,0.9999999999999993,8.933212283283176e-16,4.4576729293585164e-15,4.457672929358516e-09,0.999999999999864,1.051476026868944e-10,5.246865374076279e-10,0.000524686537407628,0.9999999719045785
4086.8300000000004,4091.82,4089.3250000000003,9.425393209803607e-49,4.703271211691794e-48,4.703271211691794e-42,0.9999999999999996,2.3455104317988614e-22,1.1704097054675807e-21,1.1704097054675806e-15,0.9999999999999993,8.648341366161209e-16,4.315522341714255e-15,4.3155223417142546e-09,0.9999999999998683,1.0328692284628349e-10,5.154017450029321e-10,0.000515401745002932,0.9999999724199802
4091.82,4096.81,4094.3150000000005,8.309819983117867e-49,4.146600171576012e-48,4.1466001715760125e-42,0.9999999999999996,2.228622184352827e-22,1.1120824699921134e-21,1.1120824699921134e-15,0.9999999999999993,8.372567155329906e-16,4.177911010509821e-15,4.177911010509821e-09,0.9999999999998725,1.0145932045538531e-10,5.062820090723967e-10,0.0005062820090723966,0.9999999729262622
4096.81,4101.8,4099.305,7.326294955047458e-49,3.6558211825685215e-48,3.655821182568521e-42,0.9999999999999996,2.117562194907753e-22,1.0566635352589226e-21,1.0566635352589225e-15,0.9999999999999993,8.105598741760072e-16,4.044693772138099e-15,4.044693772138099e-09,0.9999999999998765,9.966420447184197e-11,4.973243803144697e-10,0.0004973243803144697,0.9999999734235866
4101.8,4106.79,4104.295,6.4591865300204705e-49,3.2231340784800737e-48,3.2231340784800736e-42,0.9999999999999996,2.0120396921256634e-22,1.004007806370662e-21,1.0040078063706621e-15,0.9999999999999993,7.847154534207126e-16,3.9157301125691845e-15,3.915730112569185e-09,0.9999999999998804,9.790099447533452e-11,4.885259624318978e-10,0.0004885259624318978,0.9999999739121126
4106.79,4111.78,4109.285,5.694713706789642e-49,2.8416621396879067e-48,2.8416621396879068e-42,0.9999999999999996,1.9117784197830849e-22,9.539774314717177e-22,9.539774314717177e-16,0.9999999999999993,7.596961960259587e-16,3.790884018169368e-15,3.790884018169368e-09,0.9999999999998842,9.616912047544105e-11,4.798839111724298e-10,0.00047988391117242984,0.9999999743919965
4111.78,4116.77,4114.275,5.020726971105475e-49,2.505342758581979e-48,2.505342758581979e-42,0.9999999999999996,1.8165159117389863e-22,9.064414399578796e-22,9.064414399578797e-16,0.9999999999999993,7.35475717699669e-16,3.670023831321857e-15,3.670023831321857e-09,0.9999999999998879,9.44680227229966e-11,4.713954333878183e-10,0.00047139543338781836,0.999999974863392
4116.77,4121.76,4119.265,4.426515132633169e-49,2.2088310511838547e-48,2.2088310511838546e-42,0.9999999999999996,1.726002803141444e-22,8.612753987675429e-22,8.612753987675429e-16,0.9999999999999993,7.120284790945334e-16,3.553022110681566e-15,3.553022110681566e-09,0.9999999999998914,9.279715152488872e-11,4.6305778610917445e-10,0.00046305778610917445,0.9999999753264498
4121.76,4126.75,4124.255,3.9026350338098206e-49,1.947414881871015e-48,1.947414881871015e-42,0.9999999999999996,1.6400021760607162e-22,8.183610858542616e-22,8.183610858542616e-16,0.9999999999999993,6.89329758703734e-16,3.4397554959314824e-15,3.4397554959314823e-09,0.9999999999998949,9.115596706223048e-11,4.548682756405102e-10,0.00045486827564051024,0.999999975781318
4126.75,4131.74,4129.245,3.440761422189167e-49,1.7169399496723193e-48,1.7169399496723193e-42,0.9999999999999996,1.5582889378268229e-22,7.775861799755506e-22,7.775861799755506e-16,0.9999999999999993,6.673556266276438e-16,3.330104576871797e-15,3.330104576871797e-09,0.9999999999998982,8.954393921184018e-11,4.4682425666706294e-10,0.00044682425666706295,0.9999999762281423
4131.74,4136.7300000000005,4134.235000000001,3.033554598584739e-49,1.5137437446939944e-48,1.5137437446939943e-42,0.9999999999999996,1.4806492304360187e-22,7.388439659876756e-22,7.388439659876756e-16,0.9999999999999993,6.460829191835477e-16,3.2239537667263495e-15,3.2239537667263494e-09,0.9999999999999014,8.796054737097545e-11,4.3892313138122826e-10,0.00043892313138122824,0.9999999766670654
4136.7300000000005,4141.72,4139.225,2.67454373608626e-49,1.3345973243069854e-48,1.3345973243069854e-42,0.9999999999999996,1.4068798694723726e-22,7.020330548666832e-22,7.020330548666832e-16,0.9999999999999993,6.25489214331199e-16,3.1211911795125462e-15,3.121191179512546e-09,0.9999999999999045,8.640528028526002e-11,4.311623486234287e-10,0.0004311623486234287,0.9999999770982277
4141.72,4146.71,4144.215,2.3580240143027436e-49,1.1766539831370176e-48,1.1766539831370175e-42,0.9999999999999996,1.3367878110684482e-22,6.670571177231264e-22,6.670571177231264e-16,0.9999999999999993,6.055528078879019e-16,3.021708511360498e-15,3.021708511360498e-09,0.9999999999999075,8.487763587973877e-11,4.2353940303987793e-10,0.0004235394030398779,0.9999999775217672
4146.71,4151.7,4149.205,2.0789659329420178e-49,1.0374040005380215e-48,1.0374040005380215e-42,0.9999999999999996,1.2701896455028837e-22,6.338246331059113e-22,6.338246331059113e-16,0.9999999999999993,5.862526905078088e-16,2.925400925633838e-15,2.925400925633838e-09,0.9999999999999104,8.337712109301151e-11,4.1605183425410925e-10,0.0004160518342541092,0.999999977937819
4151.7,4156.6900000000005,4154.195,1.8329353625598248e-49,9.146347459174793e-49,9.146347459174793e-43,0.9999999999999996,1.2069111161030242e-22,6.022486469354925e-22,6.022486469354925e-16,0.9999999999999993,5.675685254007253e-16,2.8321669417500116e-15,2.8321669417500116e-09,0.9999999999999133,8.190325171438512e-11,4.0869722605483834e-10,0.00040869722605483833,0.9999999783465162
4156.6900000000005,4161.68,4159.185,1.6160230610981885e-49,8.063955074879608e-49,8.063955074879608e-43,0.9999999999999996,1.146786662187084e-22,5.722465444313298e-22,5.722465444313298e-16,0.9999999999999993,5.494806267666928e-16,2.7419083275656773e-15,2.7419083275656773e-09,0.9999999999999161,8.045555222398799e-11,4.014732055976825e-10,0.0004014732055976825,0.9999999787479894
4161.68,4166.67,4164.175,1.4247825353881972e-49,7.109664851586792e-49,7.109664851586792e-43,0.9999999999999996,1.0896589848439702e-22,5.437398334371174e-22,5.437398334371173e-16,0.9999999999999993,5.319699389232942e-16,2.654529995227122e-15,2.654529995227122e-09,0.9999999999999187,7.903355563579476e-11,3.9437744262259863e-10,0.00039437744262259863,0.9999999791423668
4166.67,4171.66,4169.165,1.25617525951867e-49,6.268314544997889e-49,6.2683145449978896e-43,0.9999999999999996,1.0353786344088338e-22,5.166539385699855e-22,5.166539385699855e-16,0.9999999999999993,5.1501801610334405e-16,2.5699399003555744e-15,2.5699399003555746e-09,0.9999999999999213,7.763680334350541e-11,3.8740764868407505e-10,0.00038740764868407503,0.9999999795297745
4171.66,4176.650000000001,4174.155000000001,1.1075223789813297e-49,5.5265366711176004e-49,5.5265366711176005e-43,0.9999999999999996,9.838036185496193e-23,4.90918005656328e-22,4.90918005656328e-16,0.9999999999999993,4.98607002901464e-16,2.48804894447865e-15,2.48804894447865e-09,0.9999999999999237,7.626484496922869e-11,3.8056157639650386e-10,0.00038056157639650384,0.9999999799103361
4176.650000000001,4181.64,4179.145,9.764621326523688e-50,4.872546041935107e-49,4.8725460419351066e-43,0.9999999999999996,9.347990299341476e-23,4.6646471593711925e-22,4.664647159371193e-16,0.9999999999999993,4.827196153486243e-16,2.40877088058953e-15,2.40877088058953e-09,0.9999999999999262,7.49172382149177e-11,3.7383701869242296e-10,0.00037383701869242295,0.9999999802841731
4181.64,4186.63,4184.135,8.609123156056476e-50,4.295952454871994e-49,4.295952454871994e-43,0.9999999999999996,8.882366924988183e-23,4.43230109556891e-22,4.43230109556891e-16,0.9999999999999993,4.673391225944155e-16,2.332022221746031e-15,2.332022221746031e-09,0.9999999999999285,7.359354871650553e-11,3.6723180809534657e-10,0.0003672318080953466,0.9999999806514049
4186.63,4191.62,4189.125,7.590371859195424e-50,3.787595557738351e-49,3.787595557738351e-43,0.9999999999999996,8.439948253889964e-23,4.211534178690908e-22,4.211534178690908e-16,0.9999999999999993,4.524493291775656e-16,2.2577221525959534e-15,2.2577221525959535e-09,0.9999999999999307,7.22933499006944e-11,3.6074381600444927e-10,0.00036074381600444924,0.9999999810121487
4191.62,4196.610000000001,4194.115,6.692182893108649e-50,3.3393992636616782e-49,3.3393992636616783e-43,0.9999999999999996,8.019577236876362e-23,4.001769041201859e-22,4.001769041201859e-16,0.9999999999999993,4.380345578657311e-16,2.185792443750301e-15,2.185792443750301e-09,0.9999999999999329,7.101622284434675e-11,3.5437095199333935e-10,0.00035437095199333937,0.9999999813665197
4196.610000000001,4201.6,4199.1050000000005,5.90028737733022e-50,2.9442434012876514e-49,2.9442434012876514e-43,0.9999999999999996,7.620154550930007e-23,3.802457120913907e-22,3.802457120913907e-16,0.9999999999999993,4.2407963304624407e-16,2.1161573689006653e-15,2.1161573689006653e-09,0.999999999999935,6.976175613643325e-11,3.481111631207867e-10,0.0003481111631207867,0.9999999817146309
4201.6,4206.59,4204.095,5.202105330011442e-50,2.595850559675596e-49,2.595850559675596e-43,0.9999999999999996,7.240635717481192e-23,3.613077223022957e-22,3.613077223022957e-16,0.9999999999999993,4.1056986465013985e-16,2.048743624604108e-15,2.048743624604108e-09,0.999999999999937,6.852954574248966e-11,3.4196243325500844e-10,0.00034196243325500844,0.9999999820565934
4206.59,4211.58,4209.085,4.586545749272545e-50,2.2886863288869e-49,2.2886863288868997e-43,0.9999999999999996,6.88002836464703e-23,3.433134153958718e-22,3.433134153958718e-16,0.9999999999999993,3.974910325922401e-16,1.9834802526351914e-15,1.9834802526351914e-09,0.999999999999939,6.731919487153393e-11,3.359227824089396e-10,0.0003359227824089396,0.9999999823925161
4211.58,4216.570000000001,4214.075000000001,4.043830361365817e-50,2.0178713503218222e-49,2.0178713503218222e-43,0.9999999999999996,6.537389626220044e-23,3.2621574234842535e-22,3.2621574234842534e-16,0.9999999999999993,3.848293717107645e-16,1.9202985648369806e-15,1.9202985648369807e-09,0.9999999999999409,6.613031384540462e-11,3.299902660886148e-10,0.0003299902660886148,0.9999999827225063
4216.570000000001,4221.56,4219.0650000000005,3.5653382336780063e-50,1.7791037786052473e-49,1.7791037786052473e-43,0.9999999999999996,6.211823670571285e-23,3.0997000116149356e-22,3.0997000116149354e-16,0.9999999999999993,3.7257155719037197e-16,1.8591320703798747e-15,1.8591320703798747e-09,0.9999999999999428,6.496251997047152e-11,3.241629746526387e-10,0.00032416297465263867,0.9999999830466694
4221.56,4226.55,4224.055,3.143468782362278e-50,1.5685909223987081e-49,1.5685909223987081e-43,0.9999999999999996,5.902479352974854e-23,2.945337197134323e-22,2.945337197134323e-16,0.9999999999999993,3.607046904530627e-16,1.799916405360704e-15,1.799916405360704e-09,0.9999999999999446,6.38154374116742e-11,3.184390326842403e-10,0.0003184390326842403,0.9999999833651084
4226.55,4231.54,4229.045,2.7715209968689953e-50,1.3829889774375682e-49,1.3829889774375683e-43,0.9999999999999996,5.608547985185534e-23,2.798665444607459e-22,2.798665444607459e-16,0.9999999999999993,3.4921628550194925e-16,1.7425892646546504e-15,1.7425892646546505e-09,0.9999999999999464,6.268869706885123e-11,3.1281659837355396e-10,0.000312816598373554,0.999999983677925
4231.54,4236.53,4234.035,2.443586961483814e-50,1.2193498937803699e-49,1.21934989378037e-43,0.9999999999999996,5.329261216409412e-23,2.6593013469881805e-22,2.65930134698818e-16,0.9999999999999993,3.380942557032904e-16,1.6870903359593453e-15,1.6870903359593452e-09,0.999999999999948,6.158193645531283e-11,3.072938629119976e-10,0.0003072938629119976,0.9999999839852188
4236.53,4241.52,4239.025,2.1544579812965495e-50,1.0750745326671271e-49,1.0750745326671272e-43,0.9999999999999996,5.063889020101292e-23,2.526880621030895e-22,2.526880621030895e-16,0.9999999999999993,3.2732690099272214e-16,1.6333612359539097e-15,1.6333612359539097e-09,0.9999999999999497,6.049479957861853e-11,3.0186904989734825e-10,0.00030186904989734826,0.9999999842870879
4241.52,4246.51,4244.015,1.8995418204188335e-50,9.478713683889565e-50,9.478713683889564e-44,0.9999999999999996,4.8117377812994324e-23,2.401057152868312e-22,2.4010571528683116e-16,0.9999999999999993,3.169028954920229e-16,1.5813454485051251e-15,1.5813454485051251e-09,0.9999999999999513,5.94269368235182e-11,2.9654041474934285e-10,0.00029654041474934286,0.9999999845836284
4246.51,4251.5,4249.005,1.6747897369382194e-50,8.357200787321349e-50,8.357200787321349e-44,0.9999999999999996,4.572148479474973e-23,2.2815020912579116e-22,2.281502091257912e-16,0.9999999999999993,3.0681127552325436e-16,1.5309882648609723e-15,1.5309882648609724e-09,0.9999999999999528,5.837800483701986e-11,2.9130624413671634e-10,0.00029130624413671634,0.9999999848749346
4251.5,4256.49,4253.995,1.4766321548431746e-50,7.368394452667119e-50,7.368394452667119e-44,0.9999999999999996,4.344494962121812e-23,2.167902986098689e-22,2.1679029860986893e-16,0.9999999999999993,2.970414280074501e-16,1.482236725757111e-15,1.482236725757111e-09,0.9999999999999543,5.734766641553955e-11,2.861648554135298e-10,0.0002861648554135298,0.9999999851610994
4256.49,4261.4800000000005,4258.985000000001,1.3019219504640363e-50,6.496590532816441e-50,6.496590532816441e-44,0.9999999999999996,4.128182304553929e-23,2.0599629699726959e-22,2.059962969972696e-16,0.9999999999999993,2.875830792355425e-16,1.4350395653855558e-15,1.4350395653855558e-09,0.9999999999999557,5.633559039410114e-11,2.811145960666036e-10,0.00028111459606660363,0.999999985442214
4261.4800000000005,4266.47,4263.975,1.1478844520230609e-50,5.727943415594823e-50,5.727943415594823e-44,0.9999999999999996,3.922645251602624e-23,1.9573999805496237e-22,1.9573999805496237e-16,0.9999999999999993,2.784262839995407e-16,1.3893471571576475e-15,1.3893471571576475e-09,0.9999999999999571,5.5341451537546905e-11,2.7615384317234696e-10,0.00027615384317234695,0.9999999857183679
4266.47,4271.46,4268.965,1.0120733576047853e-50,5.050246054447657e-50,5.050246054447657e-44,0.9999999999999996,3.7273467371208364e-23,1.8599460218232159e-22,1.859946021823216e-16,0.9999999999999993,2.695614150723634e-16,1.3451114612110346e-15,1.3451114612110346e-09,0.9999999999999585,5.436493043371803e-11,2.712810028642411e-10,0.00027128100286424113,0.9999999859896489
4271.46,4276.45,4273.955,8.923318709410193e-51,4.452736035995491e-50,4.452736035995491e-44,0.9999999999999996,3.54177647740798e-23,1.7673464622265048e-22,1.7673464622265048e-16,0.9999999999999993,2.609791530251602e-16,1.3022859735954924e-15,1.3022859735954924e-09,0.9999999999999598,5.340571338857602e-11,2.664945098089827e-10,0.0002664945098089827,0.9999999862561434
4276.45,4281.4400000000005,4278.945,7.867584373463827e-51,3.9259246023589933e-50,3.9259246023589936e-44,0.9999999999999996,3.3654496348619875e-23,1.6793593677963643e-22,1.6793593677963642e-16,0.9999999999999993,2.526704763712449e-16,1.2608256770926867e-15,1.2608256770926867e-09,0.999999999999961,5.246349232322377e-11,2.617928266929229e-10,0.0002617928266929229,0.9999999865179362
4281.4400000000005,4286.43,4283.935,6.936765352639092e-51,3.4614459109667556e-50,3.461445910966756e-44,0.9999999999999996,3.19790554834958e-23,1.5957548686263705e-22,1.5957548686263704e-16,0.9999999999999993,2.44626652026162e-16,1.2206869936104951e-15,1.2206869936104952e-09,0.9999999999999623,5.153796467279425e-11,2.5717444371723204e-10,0.00025717444371723205,0.9999999867751106
4286.43,4291.42,4288.925,6.11608043345009e-51,3.0519241362914613e-50,3.051924136291461e-44,0.9999999999999996,3.0387065269626075e-23,1.5163145569542749e-22,1.5163145569542748e-16,0.9999999999999993,2.368392260737174e-16,1.1818277381077981e-15,1.1818277381077982e-09,0.9999999999999635,5.0628833287172664e-11,2.526378781029805e-10,0.0002526378781029805,0.9999999870277485
4291.42,4296.41,4293.915,5.392497598212635e-51,2.690856301507987e-50,2.690856301507987e-44,0.9999999999999996,2.887436703992985e-23,1.4408309152924367e-22,1.4408309152924367e-16,0.9999999999999993,2.293000148281523e-16,1.14420707399243e-15,1.14420707399243e-09,0.9999999999999646,4.973580633351699e-11,2.4818167360423894e-10,0.00024818167360423894,0.9999999872759302
4296.41,4301.400000000001,4298.905000000001,4.7545270102953e-51,2.372508978137683e-50,2.372508978137683e-44,0.9999999999999996,2.743700948118814e-23,1.3691067731114778e-22,1.3691067731114778e-16,0.9999999999999993,2.2200109618293663e-16,1.1077854699530072e-15,1.1077854699530073e-09,0.9999999999999657,4.885859720054618e-11,2.438044000307592e-10,0.00024380440003075922,0.9999999875197346
4301.400000000001,4306.39,4303.895,4.1920385012442746e-51,2.0918272121208016e-50,2.0918272121208015e-44,0.9999999999999996,2.607123828943789e-23,1.3009547906428937e-22,1.3009547906428937e-16,0.9999999999999993,2.1493480123699183e-16,1.0725246581725423e-15,1.0725246581725424e-09,0.9999999999999668,4.7996924404562545e-11,2.395046527787566e-10,0.00023950465277875662,0.9999999877592393
4306.39,4311.38,4308.885,3.696100659545205e-51,1.8443542291129765e-50,1.8443542291129764e-44,0.9999999999999996,2.477348634174416e-23,1.2361969684529795e-22,1.2361969684529794e-16,0.9999999999999993,2.0809370618939958e-16,1.0383875938850584e-15,1.0383875938850585e-09,0.9999999999999678,4.7150511497176045e-11,2.3528105237089817e-10,0.00023528105237089817,0.9999999879945203
4311.38,4316.37,4313.875,3.2588389641147084e-51,1.6261606430931684e-50,1.6261606430931684e-44,0.9999999999999996,2.3540364358563655e-23,1.174664181492275e-22,1.174664181492275e-16,0.9999999999999993,2.0147062449400793e-16,1.0053384162250556e-15,1.0053384162250556e-09,0.9999999999999688,4.6319086974701286e-11,2.311322440037493e-10,0.0002311322440037493,0.9999999882256525
4316.37,4321.360000000001,4318.865,2.8733107082864915e-51,1.4337820434351579e-50,1.4337820434351578e-44,0.9999999999999996,2.2368652032194745e-23,1.1161957364066724e-22,1.1161957364066724e-16,0.9999999999999993,1.9505859926556238e-16,9.73342410335291e-16,9.73342410335291e-10,0.9999999999999698,4.5502384189194634e-11,2.2705689710411268e-10,0.00022705689710411268,0.9999999884527094
4321.360000000001,4326.35,4323.8550000000005,2.5333947269050455e-51,1.2641639687255623e-50,1.2641639687255623e-44,0.9999999999999996,2.1255289598031916e-23,1.0606389509417463e-22,1.0606389509417463e-16,0.9999999999999993,1.88850895929292e-16,9.423659706871258e-16,9.423659706871257e-10,0.9999999999999707,4.4700141261103304e-11,2.2305370489289573e-10,0.00022305370489289573,0.9999999886757631
4326.35,4331.34,4328.845,2.2336941743938576e-51,1.1146133930224861e-50,1.1146133930224862e-44,0.9999999999999996,2.0197369826515157e-23,1.0078487543430622e-22,1.0078487543430623e-16,0.9999999999999993,1.8284099510613813e-16,9.123765655795894e-16,9.123765655795894e-10,0.9999999999999716,4.391210099349623e-11,2.1912138395753662e-10,0.00021912138395753663,0.9999999888948845
4331.34,4336.33,4333.835,1.9694508090677452e-51,9.827559537247619e-51,9.827559537247619e-45,0.9999999999999996,1.9192130414757537e-23,9.576873076963592e-23,9.576873076963592e-17,0.9999999999999993,1.770225857260375e-16,8.833427027728885e-16,8.833427027728885e-10,0.9999999999999725,4.3138010787846295e-11,2.152586738313436e-10,0.0002152586738313436,0.9999999891101432
4336.33,4341.320000000001,4338.825000000001,1.7364694218129604e-51,8.664982414847872e-51,8.664982414847872e-45,0.9999999999999996,1.8236946757895727e-23,9.100236432191229e-23,9.100236432191229e-17,0.9999999999999993,1.713895583619671e-16,8.552338962263344e-16,8.552338962263344e-10,0.9999999999999734,4.2377622561339237e-11,2.114643365811121e-10,0.0002114643365811121,0.9999999893216075
4341.320000000001,4346.31,4343.8150000000005,1.5310512084606018e-51,7.639945530218068e-51,7.639945530218069e-45,0.9999999999999996,1.7329325081200126e-23,8.647333215518485e-23,8.647333215518485e-17,0.9999999999999993,1.6593599877763545e-16,8.280206339003647e-16,8.280206339003646e-10,0.9999999999999741,4.163069266567837e-11,2.0773715640172596e-10,0.00020773715640172595,0.9999999895293447
4346.31,4351.3,4348.805,1.3499350273028368e-51,6.736175786240861e-51,6.736175786240861e-45,0.9999999999999996,1.646689591492596e-23,8.216981061547694e-23,8.216981061547694e-17,0.9999999999999993,1.6065618168197538e-16,8.01674346593022e-16,8.016743465930221e-10,0.9999999999999749,4.089698180735825e-11,2.0407593921870872e-10,0.00020407593921870873,0.9999999897334206
4351.3,4356.29,4353.795,1.1902456084978349e-51,5.939325586403936e-51,5.939325586403936e-45,0.9999999999999996,1.564740789479423e-23,7.808056539501978e-23,7.808056539501978e-17,0.9999999999999993,1.55544564683792e-16,7.761673777720882e-16,7.761673777720882e-10,0.9999999999999757,4.017625496938198e-11,2.004795122972073e-10,0.0002004795122972073,0.9999999899339002
4356.29,4361.28,4358.785,1.0494478925751155e-51,5.236744983949597e-51,5.236744983949597e-45,0.9999999999999996,1.48687218718418e-23,7.419492214048733e-23,7.419492214048733e-17,0.9999999999999993,1.5059578244014633e-16,7.514729543762973e-16,7.514729543762973e-10,0.9999999999999765,3.9468281334394474e-11,1.9694672385861981e-10,0.0001969467238586198,0.9999999901308468
4361.28,4366.27,4363.775,9.253067726413796e-52,4.6172807954811234e-51,4.617280795481123e-45,0.9999999999999996,1.4128805316191127e-23,7.050273852780349e-23,7.05027385278035e-17,0.9999999999999993,1.4580464099224934e-16,7.27565158551425e-16,7.275651585514249e-10,0.9999999999999772,3.877283420920601e-11,1.9347644270396479e-10,0.00019347644270396478,0.9999999903243233
4366.27,4371.26,4368.765,8.158516007477241e-52,4.0710994877309655e-51,4.0710994877309656e-45,0.9999999999999996,1.3425727000067272e-23,6.699437773033276e-23,6.699437773033276e-17,0.9999999999999993,1.4116611228284964e-16,7.044189002913889e-16,7.044189002913888e-10,0.9999999999999779,3.808969095068158e-11,1.900675578438928e-10,0.00019006755784389278,0.9999999905143908
4371.26,4376.25,4373.755,7.19344894576115e-52,3.589531023934657e-51,3.5895310239346567e-45,0.9999999999999996,1.2757651946117577e-23,6.366068321112393e-23,6.366068321112393e-17,0.9999999999999993,1.3667532884929492e-16,6.820098909579518e-16,6.820098909579518e-10,0.9999999999999786,3.741863289297075e-11,1.8671897813591588e-10,0.00018671897813591587,0.9999999907011098
4376.25,4381.24,4378.745,6.342547473390891e-52,3.164931189221916e-51,3.164931189221916e-45,0.9999999999999996,1.2122836627787982e-23,6.049295477265938e-23,6.049295477265938e-17,0.9999999999999993,1.3232757868661238e-16,6.603146176461669e-16,6.603146176461669e-10,0.9999999999999792,3.675944527605189e-11,1.834296319274909e-10,0.0001834296319274909,0.9999999908845394
4381.24,4386.2300000000005,4383.735000000001,5.5923050262455275e-52,2.790560208096905e-51,2.7905602080969047e-45,0.9999999999999996,1.1519624409174533e-23,5.748292580178888e-23,5.748292580178888e-17,0.9999999999999993,1.281183002751752e-16,6.393103183732128e-16,6.393103183732128e-10,0.9999999999999799,3.6111917175570455e-11,1.8019846670612153e-10,0.00018019846670612154,0.9999999910647378
4386.2300000000005,4391.22,4388.725,4.930813077890129e-52,2.4604757258670668e-51,2.460475725867067e-45,0.9999999999999996,1.0946441212391969e-23,5.462274164983354e-23,5.462274164983354e-17,0.9999999999999993,1.2404307776765255e-16,6.189749580605591e-16,6.189749580605591e-10,0.9999999999999806,3.54758414339449e-11,1.770244487553773e-10,0.0001770244487553773,0.9999999912417622
4391.22,4396.21,4393.715,4.3475720523582014e-52,2.1694384541266477e-51,2.1694384541266477e-45,0.9999999999999996,1.0401791401101498e-23,5.1904939091494207e-23,5.190493909149421e-17,0.9999999999999993,1.2009763633014336e-16,5.992872052873892e-16,5.992872052873892e-10,0.9999999999999811,3.485101459271683e-11,1.7390656281764936e-10,0.00017390656281764935,0.9999999914156688
4396.21,4401.2,4398.705,3.833324612339237e-52,1.9128289815571957e-51,1.912828981557196e-45,0.9999999999999996,9.884253869409266e-24,4.932242680835008e-23,4.932242680835008e-17,0.9999999999999993,1.1627783763254065e-16,5.802264097863524e-16,5.802264097863524e-10,0.9999999999999817,3.423723682612569e-11,1.7084381176235973e-10,0.00017084381176235973,0.9999999915865125
4401.2,4406.1900000000005,4403.695,3.379908674797513e-52,1.6865744287241925e-51,1.6865744287241924e-45,0.9999999999999996,9.39247832588046e-24,4.686846684614999e-23,4.686846684614999e-17,0.9999999999999993,1.125796754833434e-16,5.617725806619614e-16,5.617725806619613e-10,0.9999999999999822,3.3634311875882614e-11,1.6783521626067748e-10,0.0001678352162606775,0.9999999917543477
4406.1900000000005,4411.18,4408.685,2.9801278194412648e-52,1.487083781901126e-51,1.487083781901126e-45,0.9999999999999996,8.9251817629321e-24,4.4536656997029236e-23,4.4536656997029235e-17,0.9999999999999993,1.0899927160427591e-16,5.43906365305313e-16,5.43906365305313e-10,0.9999999999999828,3.3042046987123165e-11,1.648798144657374e-10,0.00016487981446573738,0.9999999919192275
4411.18,4416.17,4413.675,2.6276370317635793e-52,1.3111908788499687e-51,1.3111908788499686e-45,0.9999999999999996,8.481145102349698e-24,4.232091406072314e-23,4.2320914060723145e-17,0.9999999999999993,1.055328715402365e-16,5.266090289857571e-16,5.266090289857571e-10,0.9999999999999833,3.246025284551748e-11,1.6197666169912514e-10,0.00016197666169912514,0.9999999920812042
4416.17,4421.16,4418.665,2.3168419659713873e-52,1.1561041410196717e-51,1.1561041410196718e-45,0.9999999999999996,8.059210008136502e-24,4.0215457940599384e-23,4.021545794059938e-17,0.9999999999999993,1.0217684070022189e-16,5.098624350940849e-16,5.098624350940849e-10,0.9999999999999839,3.1888743515515796e-11,1.5912483014241687e-10,0.00015912483014241687,0.999999992240329
4421.16,4426.150000000001,4423.655000000001,2.0428101278873658e-52,1.0193622538159367e-51,1.0193622538159367e-45,0.9999999999999996,7.658275858345124e-24,3.821479653314746e-23,3.821479653314746e-17,0.9999999999999993,9.892766052504076e-17,4.936490260200218e-16,4.936490260200218e-10,0.9999999999999843,3.132733637971001e-11,1.5632340853477463e-10,0.00015632340853477463,0.9999999923966524
4426.150000000001,4431.14,4428.645,1.801192567252793e-52,8.987950910591043e-52,8.987950910591044e-46,0.9999999999999996,7.277296867954796e-24,3.631371137109284e-23,3.6313711371092844e-17,0.9999999999999993,9.578192477774219e-17,4.779518046409126e-16,4.779518046409126e-10,0.9999999999999848,3.077585207929027e-11,1.5357150187565172e-10,0.0001535715018756517,0.9999999925502239
4431.14,4436.13,4433.635,1.5881548357956728e-52,7.92489263062006e-52,7.92489263062006e-46,0.9999999999999996,6.915279355255913e-24,3.45072439827255e-23,3.45072439827255e-17,0.9999999999999993,9.273633595281619e-17,4.627543164045325e-16,4.6275431640453254e-10,0.9999999999999852,3.023411445557622e-11,1.5086823113331875e-10,0.00015086823113331875,0.9999999927010921
4436.13,4441.12,4438.625,1.40031611460793e-52,6.987577411893265e-52,6.987577411893265e-46,0.9999999999999996,6.57127914458118e-24,3.2790682931458655e-23,3.279068293145865e-17,0.9999999999999993,8.978770180037319e-17,4.480406319838426e-16,4.4804063198384257e-10,0.9999999999999857,2.970195049260454e-11,1.482127329580902e-10,0.0001482127329580902,0.9999999928493049
4441.12,4446.110000000001,4443.615,1.2346955441315692e-52,6.161130765217384e-52,6.161130765217384e-46,0.9999999999999996,6.244399098576794e-24,3.115955150190252e-23,3.115955150190252e-17,0.9999999999999993,8.693293196159873e-17,4.3379533048843775e-16,4.3379533048843777e-10,0.9999999999999861,2.91791902607524e-11,1.4560415940117463e-10,0.00014560415940117463,0.999999992994909
4446.110000000001,4451.1,4448.6050000000005,1.0886649044572082e-52,5.432437873241231e-52,5.432437873241231e-46,0.9999999999999996,5.933786773550768e-24,2.960959600001704e-23,2.9609596000017036e-17,0.9999999999999993,8.416903471192542e-17,4.200034832124895e-16,4.200034832124895e-10,0.9999999999999866,2.8665666861378956e-11,1.4304167763827472e-10,0.00014304167763827473,0.9999999931379507
4451.1,4456.09,4453.595,9.599068944990617e-53,4.7899354035501084e-52,4.7899354035501085e-46,0.9999999999999996,5.638632191755488e-24,2.8136774636858655e-23,2.8136774636858656e-17,0.9999999999999993,8.149311380846616e-17,4.0665063790422835e-16,4.0665063790422836e-10,0.999999999999987,2.8161216372465772e-11,1.4052446969859806e-10,0.00014052446969859805,0.9999999932784752
4456.09,4461.08,4458.585,8.463783475350789e-53,4.2234279541998585e-52,4.223427954199858e-46,0.9999999999999996,5.358165724769198e-24,2.673724696659713e-23,2.673724696659713e-17,0.9999999999999993,7.890236543835782e-17,3.937228035373883e-16,3.937228035373883e-10,0.9999999999999875,2.7665677795237882e-11,1.3805173219823099e-10,0.00013805173219823098,0.9999999934165269
4461.08,4466.070000000001,4463.575000000001,7.462777990024449e-53,3.723926217022716e-52,3.723926217022716e-46,0.9999999999999996,5.0916560824337275e-24,2.540736385134782e-23,2.540736385134782e-17,0.9999999999999993,7.639407526479196e-17,3.812064355713647e-16,3.812064355713647e-10,0.9999999999999878,2.7178893001748386e-11,1.3562267607874324e-10,0.00013562267607874324,0.9999999935521495
4466.070000000001,4471.06,4468.5650000000005,6.580168915596761e-53,3.28350428888264e-52,3.28350428888264e-46,0.9999999999999996,4.8384084020802465e-24,2.4143657926379373e-23,2.4143657926379372e-17,0.9999999999999993,7.396561556759385e-17,3.6908842168227718e-16,3.690884216822772e-10,0.9999999999999881,2.6700706683408686e-11,1.332365263502035e-10,0.0001332365263502035,0.9999999936853861
4471.06,4476.05,4473.555,5.80195163368447e-53,2.8951738652084238e-52,2.895173865208424e-46,0.9999999999999996,4.597762433039122e-24,2.2942834540864213e-23,2.2942834540864212e-17,0.9999999999999993,7.161444247531478e-17,3.573560679518051e-16,3.573560679518051e-10,0.9999999999999885,2.623096630044668e-11,1.308925218392232e-10,0.0001308925218392232,0.9999999938162786
4476.05,4481.04,4478.545,5.115778192783212e-53,2.552773318198711e-52,2.552773318198711e-46,0.9999999999999996,4.3690908116806425e-24,2.1801763150285454e-23,2.1801763150285455e-17,0.9999999999999993,6.933809328591367e-17,3.4599708549669408e-16,3.459970854966941e-10,0.9999999999999888,2.5769522032277063e-11,1.2858991494105692e-10,0.00012858991494105692,0.9999999939448685
4481.04,4486.03,4483.535,4.510761319677723e-53,2.2508698985190852e-52,2.250869898519085e-46,0.9999999999999996,4.1517974224683246e-24,2.0717469138116034e-23,2.0717469138116034e-17,0.9999999999999993,6.713418387318174e-17,3.3499957752716225e-16,3.3499957752716224e-10,0.9999999999999891,2.531622672876643e-11,1.2632797137653896e-10,0.00012632797137653896,0.9999999940711964
4486.03,4491.02,4488.525,3.9773016186014066e-53,1.9846735076823766e-52,1.984673507682377e-46,0.9999999999999996,3.9453158407346655e-24,1.968712604526871e-23,1.968712604526871e-17,0.9999999999999993,6.500040617616103e-17,3.2435202681908846e-16,3.2435202681908845e-10,0.9999999999999895,2.4870935862377e-11,1.2410596995327842e-10,0.00012410596995327843,0.9999999941953024
4491.02,4496.01,4493.515,3.5069352145565486e-53,1.7499606720636413e-52,1.7499606720636413e-46,0.9999999999999996,3.749107853101279e-24,1.8708048186974563e-23,1.8708048186974564e-17,0.9999999999999993,6.29345257689009e-17,3.1404328358680176e-16,3.1404328358680177e-10,0.9999999999999898,2.4433507481173455e-11,1.219232023310502e-10,0.0001219232023310502,0.9999999943172256
4496.01,4501.0,4498.505,3.092199421853059e-53,1.543007511504609e-52,1.543007511504609e-46,0.9999999999999996,3.5626620516703626e-24,1.777768363783433e-23,1.777768363783433e-17,0.9999999999999993,6.093437950797668e-17,3.0406255374479035e-16,3.040625537447904e-10,0.9999999999999901,2.4003802162677083e-11,1.197789727917534e-10,0.00011977897279175339,0.9999999944370046
4501.0,4505.99,4503.495,2.7265143051527565e-53,1.360530638271166e-52,1.360530638271166e-46,0.9999999999999996,3.385492498306995e-24,1.6893607566551165e-23,1.6893607566551165e-17,0.9999999999999993,5.899787325527267e-17,2.943993875437978e-16,2.9439938754379776e-10,0.9999999999999905,2.3581682968550683e-11,1.1767259801306276e-10,0.00011767259801306277,0.9999999945546773
4505.99,4510.9800000000005,4508.485000000001,2.404078252667295e-53,1.1996350480811464e-52,1.1996350480811464e-46,0.9999999999999996,3.217137455515789e-24,1.605351590302601e-23,1.605351590302601e-17,0.9999999999999993,5.712297967362635e-17,2.85043668571435e-16,2.85043668571435e-10,0.9999999999999908,2.3167015400101457e-11,1.1560340684652229e-10,0.00011560340684652229,0.9999999946702807
4510.9800000000005,4515.97,4513.475,2.1197759036494046e-53,1.0577681759210067e-52,1.0577681759210066e-46,0.9999999999999996,3.0571581805898724e-24,1.5255219321142797e-23,1.5255219321142797e-17,0.9999999999999993,5.5307736092994364e-17,2.759856031040298e-16,2.7598560310402977e-10,0.999999999999991,2.2759667354585296e-11,1.1357074009937566e-10,0.00011357074009937566,0.9999999947838514
4515.97,4520.96,4518.465,1.8690969684838083e-53,9.326793872733796e-53,9.326793872733795e-47,0.9999999999999996,2.9051377798759858e-24,1.4496637521580536e-23,1.4496637521580535e-17,0.9999999999999993,5.355024244487715e-17,2.672157097999253e-16,2.6721570979992533e-10,0.9999999999999912,2.2359509082297655e-11,1.1157395032066042e-10,0.00011157395032066042,0.9999999948954253
4520.96,4525.95,4523.455,1.6480646526386327e-53,8.223842616666417e-53,8.223842616666418e-47,0.9999999999999996,2.7606801201570547e-24,1.3775793799583102e-23,1.3775793799583102e-17,0.9999999999999993,5.184865926282288e-17,2.587248097214748e-16,2.5872480972147483e-10,0.9999999999999915,2.196641314443868e-11,1.0961240159074421e-10,0.00010961240159074421,0.9999999950050378
4525.95,4530.9400000000005,4528.445,1.4531725482226621e-53,7.251331015632089e-53,7.2513310156320885e-47,0.9999999999999996,2.6234087943031055e-24,1.309080988357431e-23,1.309080988357431e-17,0.9999999999999993,5.020120574688818e-17,2.505040166770067e-16,2.505040166770067e-10,0.9999999999999917,2.1580254371736498e-11,1.0768546931498004e-10,0.00010768546931498005,0.9999999951127232
4530.9400000000005,4535.93,4533.435,1.2813289913376076e-53,6.393831666774382e-53,6.393831666774382e-47,0.9999999999999996,2.4929661384840086e-24,1.2439901031034659e-23,1.2439901031034659e-17,0.9999999999999993,4.860615789000639e-17,2.4254472787112127e-16,2.425447278711213e-10,0.9999999999999919,2.1200909823816013e-11,1.0579254002083728e-10,0.00010579254002083728,0.9999999952185157
4535.93,4540.92,4538.425,1.1298080019493256e-53,5.637741929726888e-53,5.637741929726888e-47,0.9999999999999996,2.3690122983719187e-24,1.1821371368875358e-23,1.1821371368875357e-17,0.9999999999999993,4.706184666428507e-17,2.3483861485477222e-16,2.3483861485477223e-10,0.9999999999999921,2.0828258749299642e-11,1.0393301115900067e-10,0.00010393301115900067,0.9999999953224487
4540.92,4545.91,4543.415,9.962060275084636e-54,4.971068077267016e-53,4.971068077267016e-47,0.9999999999999996,2.2512243418903293e-24,1.1233609466032252e-23,1.1233609466032253e-17,0.9999999999999993,4.5566656265305274e-17,2.2737761476386336e-16,2.2737761476386335e-10,0.9999999999999923,2.0462182546626048e-11,1.0210629090765951e-10,0.00010210629090765951,0.999999995424555
4545.91,4550.900000000001,4548.405000000001,8.784038036948084e-54,4.383234980437701e-53,4.383234980437701e-47,0.9999999999999996,2.139295416188172e-24,1.0675084126780456e-23,1.0675084126780455e-17,0.9999999999999993,4.411902241257224e-17,2.2015392183876596e-16,2.2015392183876597e-10,0.9999999999999926,2.010256472557461e-11,1.003117979806312e-10,0.0001003117979806312,0.9999999955248667
4550.900000000001,4555.89,4553.395,7.74532726897319e-54,3.864918307217453e-53,3.864918307217453e-47,0.9999999999999996,2.0329339466333746e-24,1.0144340393700095e-23,1.0144340393700095e-17,0.9999999999999993,4.271743070431559e-17,2.1315997921452548e-16,2.1315997921452548e-10,0.9999999999999928,1.9749290869482946e-11,9.85489614387156e-11,9.85489614387156e-05,0.9999999956234157
4555.89,4560.88,4558.385,6.829452046686211e-54,3.4078965712962703e-53,3.40789657129627e-47,0.9999999999999996,1.9318628757303337e-24,9.639995749893943e-24,9.639995749893943e-18,0.9999999999999993,4.13604150248955e-17,2.0638847097421952e-16,2.0638847097421952e-10,0.999999999999993,1.940224859814363e-11,9.681722050473248e-11,9.681722050473248e-05,0.9999999957202329
4560.88,4565.87,4563.375,6.02188513544702e-54,3.004920682587932e-53,3.004920682587932e-47,0.9999999999999996,1.8358189399703362e-24,9.160736510451577e-24,9.160736510451577e-18,0.9999999999999993,4.0046556003136083e-17,1.998323144556403e-16,1.9983231445564032e-10,0.9999999999999932,1.9061327531369352e-11,9.511602438152891e-11,9.511602438152892e-05,0.9999999958153489
4565.87,4570.860000000001,4568.365,5.309817492987229e-54,2.6495989290009944e-53,2.6495989290009946e-47,0.9999999999999996,1.7445519827232286e-24,8.705314393790117e-24,8.705314393790117e-18,0.9999999999999993,3.8774479519950184e-17,1.9348465280457823e-16,1.9348465280457822e-10,0.9999999999999934,1.8726419253213783e-11,9.344483207354972e-11,9.344483207354972e-05,0.9999999959087937
4570.860000000001,4575.85,4573.3550000000005,4.6819550378953605e-54,2.3362955639096827e-53,2.336295563909683e-47,0.9999999999999996,1.657824301373254e-24,8.272543263852176e-24,8.272543263852176e-18,0.9999999999999993,3.754285526367963e-17,1.8733884776575315e-16,1.8733884776575316e-10,0.9999999999999937,1.8397417276835865e-11,9.180311221140695e-11,9.180311221140696e-05,0.9999999960005969
4575.85,4580.84,4578.345,4.128339458477578e-54,2.0600413897802213e-53,2.0600413897802213e-47,0.9999999999999996,1.575410026991321e-24,7.861296034686348e-24,7.861296034686348e-18,0.9999999999999993,3.635039533162134e-17,1.8138847270478255e-16,1.8138847270478255e-10,0.9999999999999939,1.8074217009996662e-11,9.01903428798794e-11,9.01903428798794e-05,0.9999999960907872
4580.84,4585.83,4583.335,3.6401902180386444e-54,1.816454918801204e-53,1.816454918801204e-47,0.9999999999999996,1.4970945349212571e-24,7.470501729256746e-24,7.470501729256746e-18,0.9999999999999993,3.519585287626196e-17,1.756273058525395e-16,1.756273058525395e-10,0.9999999999999941,1.7756715721176495e-11,8.860601144866683e-11,8.860601144866683e-05,0.9999999961793932
4585.83,4590.820000000001,4588.325000000001,3.209765249088489e-54,1.601672859295378e-53,1.601672859295378e-47,0.9999999999999996,1.4226738847389622e-24,7.099142684848405e-24,7.099142684848404e-18,0.9999999999999993,3.4078020794787934e-17,1.7004932376601535e-16,1.7004932376601536e-10,0.9999999999999943,1.744481250630186e-11,8.704961440645834e-11,8.704961440645834e-05,0.9999999962664428
4590.820000000001,4595.81,4593.3150000000005,2.830238125635046e-54,1.4122888246918262e-53,1.4122888246918263e-47,0.9999999999999996,1.351954288119516e-24,6.74625189771609e-24,6.7462518977160905e-18,0.9999999999999993,3.299573046048843e-17,1.6464869499783008e-16,1.6464869499783007e-10,0.9999999999999944,1.713840825607075e-11,8.552065719778929e-11,8.552065719778929e-05,0.9999999963519635
4595.81,4600.8,4598.305,2.49558976427535e-54,1.2452992923733452e-53,1.2452992923733451e-47,0.9999999999999996,1.2847516032210203e-24,6.410910500072611e-24,6.410910500072611e-18,0.9999999999999993,3.1947850494704885e-17,1.594197739685704e-16,1.594197739685704e-10,0.9999999999999946,1.68374056238653e-11,8.401865406308418e-11,8.401865406308418e-05,0.9999999964359821
4600.8,4605.79,4603.295,2.200512935410109e-54,1.0980559547695964e-53,1.0980559547695963e-47,0.9999999999999996,1.2208908542630487e-24,6.0922453627723466e-24,6.092245362772347e-18,0.9999999999999993,3.09332855780348e-17,1.543570950343869e-16,1.5435709503438691e-10,0.9999999999999947,1.654170899424171e-11,8.254312788126253e-11,8.254312788126253e-05,0.9999999965185252
4605.79,4610.78,4608.285,1.9403280692280242e-54,9.682237065447417e-54,9.682237065447416e-48,0.9999999999999996,1.160205775043559e-24,5.789426817467106e-24,5.789426817467106e-18,0.9999999999999993,2.995097529952937e-17,1.4945536674464504e-16,1.4945536674464504e-10,0.9999999999999948,1.6251224451986558e-11,8.109361001540937e-11,8.109361001540937e-05,0.9999999965996188
4610.78,4615.77,4613.275,1.7109090203773764e-54,8.537436011684291e-54,8.537436011684291e-48,0.9999999999999996,1.102538375200963e-24,5.501666492253568e-24,5.501666492253568e-18,0.9999999999999993,2.8999893042670116e-17,1.4470946628294393e-16,1.4470946628294393e-10,0.9999999999999949,1.596585975172922e-11,7.966964016113986e-11,7.966964016113986e-05,0.9999999966792884
4615.77,4620.76,4618.265,1.5086176133015204e-54,7.528001890374258e-54,7.528001890374258e-48,0.9999999999999996,1.0477385280872084e-24,5.228215255154941e-24,5.2282152551549405e-18,0.9999999999999993,2.807904490694762e-17,1.4011443408566247e-16,1.4011443408566247e-10,0.999999999999995,1.568552428810084e-11,7.827076619761976e-11,7.827076619761976e-05,0.9999999967575591
4620.76,4625.75,4623.255,1.330245929574321e-54,6.637927188575571e-54,6.637927188575572e-48,0.9999999999999996,9.9566357917482e-25,4.968361260082134e-24,4.968361260082134e-18,0.9999999999999993,2.7187468663901873e-17,1.356654686328644e-16,1.356654686328644e-10,0.9999999999999951,1.5410129066429387e-11,7.689654404147928e-11,7.689654404147928e-05,0.9999999968344556
4625.75,4630.74,4628.245,1.1729654214444289e-54,5.853097453007444e-54,5.853097453007444e-48,0.9999999999999996,9.461779739739636e-25,4.721428090129872e-24,4.721428090129872e-18,0.9999999999999993,2.6324232746522377e-17,1.3135792140514092e-16,1.3135792140514092e-10,0.9999999999999952,1.5139586673961246e-11,7.554653750306332e-11,7.554653750306331e-05,0.9999999969100022
4630.74,4635.7300000000005,4633.235000000001,1.0342820441323529e-54,5.1610674002211554e-54,5.1610674002211554e-48,0.9999999999999996,8.991529044872094e-25,4.486772993391797e-24,4.486772993391797e-18,0.9999999999999993,2.5488435270939258e-17,1.271872920020045e-16,1.271872920020045e-10,0.9999999999999953,1.4873811251600117e-11,7.422031814549486e-11,7.422031814549486e-05,0.9999999969842225
4635.7300000000005,4640.72,4638.225,9.119966949438129e-55,4.5508635077694274e-54,4.5508635077694277e-48,0.9999999999999996,8.5446597327792e-25,4.263785206656635e-24,4.263785206656635e-18,0.9999999999999993,2.4679203089374283e-17,1.231492234159723e-16,1.2314922341597228e-10,0.9999999999999954,1.4612718466153654e-11,7.291746514610354e-11,7.291746514610354e-05,0.9999999970571399
4640.72,4645.71,4643.215,8.041703314803497e-55,4.012809954086769e-54,4.012809954086769e-48,0.9999999999999996,8.120008742741203e-25,4.0518843626276834e-24,4.051884362627683e-18,0.9999999999999993,2.3895690873347606e-17,1.1923949745799935e-16,1.1923949745799934e-10,0.9999999999999956,1.4356225483078407e-11,7.163756516055812e-11,7.163756516055811e-05,0.9999999971287775
4645.71,4650.7,4648.205,7.0909321548473e-55,3.538375145268648e-54,3.5383751452686475e-48,0.9999999999999996,7.716470894738707e-25,3.8505189764744464e-24,3.8505189764744464e-18,0.9999999999999993,2.313708022617648e-17,1.1545403032861559e-16,1.1545403032861559e-10,0.9999999999999957,1.4104250939714639e-11,7.038021218917297e-11,7.038021218917297e-05,0.9999999971991578
4650.7,4655.6900000000005,4653.195,6.252577943280717e-55,3.12003639369751e-54,3.1200363936975104e-48,0.9999999999999996,7.3329960075951215e-25,3.6591650077904726e-24,3.659165007790473e-18,0.9999999999999993,2.2402578823825725e-17,1.1178886833090586e-16,1.1178886833090585e-10,0.9999999999999958,1.3856714919001671e-11,6.914500744582792e-11,6.914500744582792e-05,0.9999999972683028
4655.6900000000005,4660.68,4658.185,5.513347898716531e-55,2.751160601459429e-54,2.751160601459429e-48,0.9999999999999996,6.968586160676282e-25,3.4773244941773125e-24,3.4773244941773125e-18,0.9999999999999993,2.1691419583203893e-17,1.082401837201827e-16,1.082401837201827e-10,0.9999999999999959,1.3613538923665142e-11,6.793155922908609e-11,6.793155922908609e-05,0.9999999973362343
4660.68,4665.67,4663.175,4.86152115332707e-55,2.4258990555101018e-54,2.425899055510102e-48,0.9999999999999996,6.6222930919942095e-25,3.3045242529049658e-24,3.3045242529049658e-18,0.9999999999999993,2.1002859857027788e-17,1.0480427068656408e-16,1.0480427068656408e-10,0.999999999999996,1.3374645850868249e-11,6.673948279582965e-11,6.673948279582964e-05,0.9999999974029739
4665.67,4670.66,4668.165,4.286762856586348e-55,2.139094665436494e-54,2.139094665436494e-48,0.9999999999999996,6.29321572591467e-25,3.140314647231283e-24,3.140314647231283e-18,0.9999999999999993,2.0336180654402965e-17,1.0147754146546636e-16,1.0147754146546636e-10,0.9999999999999961,1.3139959967317325e-11,6.556840023691058e-11,6.556840023691058e-05,0.9999999974685423
4670.66,4675.650000000001,4673.155000000001,3.779960264814907e-55,1.8862001721428996e-54,1.8862001721428995e-48,0.9999999999999996,5.98049782401096e-25,2.9842684141818825e-24,2.9842684141818824e-18,0.9999999999999993,1.969068588630113e-17,9.825652257265625e-17,9.825652257265625e-11,0.9999999999999962,1.2909406884814842e-11,6.441794035523498e-11,6.441794035523498e-05,0.9999999975329602
4675.650000000001,4680.64,4678.145,3.333078216100665e-55,1.6632060298341592e-54,1.6632060298341594e-48,0.9999999999999996,5.683325752926656e-25,2.835979550710277e-24,2.835979550710277e-18,0.9999999999999993,1.9065701635134955e-17,9.513785115931926e-17,9.513785115931926e-11,0.9999999999999963,1.2682913536251367e-11,6.328773854589155e-11,6.328773854589155e-05,0.9999999975962479
4680.64,4685.63,4683.135,2.9390316977672042e-55,1.4665768171857708e-54,1.4665768171857707e-48,0.9999999999999996,5.400926363415093e-25,2.6950622553440134e-24,2.6950622553440134e-18,0.9999999999999993,1.8460575447661172e-17,9.211827148382522e-17,9.211827148382522e-11,0.9999999999999964,1.2460408152027788e-11,6.217743667861594e-11,6.217743667861594e-05,0.9999999976584254
4685.63,4690.62,4688.125,2.5915734847648454e-55,1.2931951688976013e-54,1.2931951688976013e-48,0.9999999999999996,5.132564975016527e-25,2.561149922533135e-24,2.561149922533135e-18,0.9999999999999993,1.787467565046518e-17,8.919463149581735e-17,8.919463149581734e-11,0.9999999999999966,1.2241820236901148e-11,6.108668298213406e-11,6.108668298213406e-05,0.9999999977195121
4690.62,4695.610000000001,4693.115,2.2851950664859105e-55,1.1403123381766272e-54,1.1403123381766273e-48,0.9999999999999996,4.877543461108562e-25,2.4338941870935096e-24,2.4338941870935096e-18,0.9999999999999993,1.730739068730543e-17,8.636387952966606e-17,8.636387952966606e-11,0.9999999999999967,1.2027080547245885e-11,6.001513193076528e-11,6.001513193076528e-05,0.9999999977795272
4695.610000000001,4700.6,4698.1050000000005,2.015039290342621e-55,1.0055046058809239e-54,1.005504605880924e-48,0.9999999999999996,4.635198429327496e-25,2.3129640162343193e-24,2.3129640162343193e-18,0.9999999999999993,1.675812847761791e-17,8.362306110330972e-17,8.362306110330972e-11,0.9999999999999968,1.1816121068722851e-11,5.896244413292445e-11,5.8962444132924444e-05,0.9999999978384896
4700.6,4705.59,4703.095,1.776823336345239e-55,8.866348448362355e-55,8.866348448362356e-49,0.9999999999999996,4.40489949260959e-25,2.1980448468120894e-24,2.1980448468120894e-18,0.9999999999999993,1.622631579550501e-17,8.096931581956647e-17,8.096931581956647e-11,0.9999999999999969,1.1608874994349176e-11,5.7928286221799854e-11,5.7928286221799854e-05,0.9999999978964179
4705.59,4710.58,4708.085,1.5667708008246264e-55,7.818186296114544e-55,7.818186296114544e-49,0.9999999999999996,4.186047626335514e-25,2.08883776554133e-24,2.0888377655413303e-18,0.9999999999999993,1.571139766855185e-17,7.83998743660703e-17,7.83998743660703e-11,0.999999999999997,1.1405276702961219e-11,5.6912330747773996e-11,5.6912330747774e-05,0.9999999979533303
4710.58,4715.570000000001,4713.075000000001,1.3815518119652733e-55,6.893943541707668e-55,6.893943541707669e-49,0.9999999999999996,3.97807360728876e-25,1.9850587300373664e-24,1.9850587300373664e-18,0.9999999999999993,1.521283679583844e-17,7.591205561124432e-17,7.591205561124432e-11,0.9999999999999971,1.120526173806403e-11,5.5914256072947254e-11,5.591425607294725e-05,0.9999999980092446
4715.570000000001,4720.56,4718.0650000000005,1.2182302272378301e-55,6.078968833916506e-55,6.078968833916506e-49,0.9999999999999996,3.78043653035159e-25,1.886437828645361e-24,1.8864378286453607e-18,0.9999999999999993,1.473011298453266e-17,7.350326379281475e-17,7.350326379281476e-11,0.9999999999999972,1.1008766787060097e-11,5.493374626742748e-11,5.493374626742748e-05,0.9999999980641783
4720.56,4725.55,4723.055,1.074217075172895e-55,5.360343205112512e-55,5.360343205112512e-49,0.9999999999999996,3.5926223990645777e-25,1.792718577133146e-24,1.792718577133146e-18,0.9999999999999993,1.4262722604469083e-17,7.117098579629761e-17,7.117098579629761e-11,0.9999999999999973,1.0815729660850354e-11,5.397049100764091e-11,5.3970491007640904e-05,0.9999999981181488
4725.55,4730.54,4728.045,9.472295029815916e-56,4.726675219877935e-55,4.726675219877935e-49,0.9999999999999996,3.414142786370559e-25,1.7036572503988342e-24,1.7036572503988342e-18,0.9999999999999993,1.3810178060140963e-17,6.891278852010039e-17,6.891278852010039e-11,0.9999999999999974,1.0626089273801173e-11,5.3024185476265536e-11,5.302418547626554e-05,0.9999999981711729
4730.54,4735.530000000001,4733.035,8.352545788718831e-56,4.167920348571274e-55,4.167920348571274e-49,0.9999999999999996,3.2445335620461234e-25,1.6190222474612399e-24,1.6190222474612399e-18,0.9999999999999993,1.3372007279546275e-17,6.672631632494515e-17,6.672631632494515e-11,0.9999999999999976,1.0439785624070283e-11,5.2094530264117925e-11,5.209453026411793e-05,0.9999999982232675
4735.530000000001,4740.52,4738.025000000001,7.365173749247405e-56,3.6752217008742946e-55,3.675221700874295e-49,0.9999999999999996,3.0833536834978746e-25,1.538593488065372e-24,1.538593488065372e-18,0.9999999999999993,1.294775321935066e-17,6.460928856455697e-17,6.460928856455697e-11,0.9999999999999977,1.0256759774285536e-11,5.1181231273682584e-11,5.118123127368258e-05,0.9999999982744487
4740.52,4745.51,4743.015,6.494528242979658e-56,3.2407695932467075e-55,3.2407695932467073e-49,0.9999999999999996,2.93018404676757e-25,1.4621618393369534e-24,1.4621618393369533e-18,0.9999999999999993,1.2536973385845322e-17,6.255949719536542e-17,6.255949719536542e-11,0.9999999999999978,1.0076953832570002e-11,5.0283999624522113e-11,5.0283999624522114e-05,0.9999999983247327
4745.51,4750.5,4748.005,5.726809063980579e-56,2.857677722926184e-55,2.857677722926184e-49,0.9999999999999996,2.7846263947458036e-25,1.3895285709780953e-24,1.3895285709780952e-18,0.9999999999999993,1.2139239371193892e-17,6.057480446225487e-17,6.057480446225487e-11,0.9999999999999979,9.900310933906726e-12,4.94025515601924e-11,4.94025515601924e-05,0.9999999983741353
4750.5,4755.49,4752.995,5.049847664521114e-56,2.5198739845959255e-55,2.5198739845959254e-49,0.9999999999999996,2.6463022797450896e-25,1.320504837592742e-24,1.320504837592742e-18,0.9999999999999993,1.1754136404481487e-17,5.865314065836006e-17,5.865314065836006e-11,0.999999999999998,9.72677522183798e-12,4.8536608356969394e-11,4.853660835696939e-05,0.999999998422672
4755.49,4760.4800000000005,4757.985000000001,4.45291422457875e-56,2.222004198065104e-55,2.2220041980651038e-49,0.9999999999999996,2.514852077724282e-25,1.2549111867845905e-24,1.2549111867845906e-18,0.9999999999999993,1.1381262917091265e-17,5.679250195629327e-17,5.679250195629328e-11,0.9999999999999981,9.556291830492015e-12,4.768589623416176e-11,4.768589623416176e-05,0.9999999984703578
4760.4800000000005,4765.47,4762.975,3.926547535321631e-56,1.959347220125408e-55,1.9593472201254083e-49,0.9999999999999996,2.3899340515913343e-25,1.1925770917440237e-24,1.1925770917440237e-18,0.9999999999999993,1.1020230121951705e-17,5.49909483085366e-17,5.4990948308536604e-11,0.9999999999999981,9.388806866932052e-12,4.685014626598889e-11,4.685014626598889e-05,0.999999998517208
4765.47,4770.46,4767.965,3.462404998646221e-56,1.727740094324389e-55,1.727740094324389e-49,0.9999999999999996,2.2712234611396524e-25,1.133340507108637e-24,1.133340507108637e-18,0.9999999999999993,1.0670661606209962e-17,5.324660141498538e-17,5.3246601414985385e-11,0.9999999999999981,9.224267393821245e-12,4.6029094295166e-11,4.6029094295166e-05,0.9999999985632371
4770.46,4775.45,4772.955,3.053130363916091e-56,1.5235120515940626e-55,1.5235120515940625e-49,0.9999999999999996,2.1584117172957386e-25,1.0770474469305264e-24,1.0770474469305265e-18,0.9999999999999993,1.0332192936904065e-17,5.155764275514903e-17,5.155764275514903e-11,0.9999999999999981,9.062621412398347e-12,4.522248084786577e-11,4.522248084786577e-05,0.9999999986084596
4775.45,4780.4400000000005,4777.945,2.6922371043777765e-56,1.3434263150846966e-55,1.3434263150846966e-49,0.9999999999999996,2.0512055784703605e-25,1.0235515836568517e-24,1.0235515836568517e-18,0.9999999999999993,1.0004471279216843e-17,4.9922311683298957e-17,4.992231168329896e-11,0.9999999999999981,8.903817845758182e-12,4.4430051050339484e-11,4.4430051050339486e-05,0.9999999986528896
4780.4400000000005,4785.43,4782.935,2.3740055837944956e-56,1.1846287863134014e-55,1.1846287863134015e-49,0.9999999999999996,1.9493263869167728e-25,9.72713867071427e-25,9.727138670714271e-19,0.9999999999999993,9.687155026910681e-18,4.8338903584282184e-17,4.8338903584282184e-11,0.9999999999999981,8.747806522431444e-12,4.3651554546931e-11,4.3651554546931e-05,0.9999999986965411
4785.43,4790.42,4787.925,2.093392382557807e-56,1.0446027988963e-55,1.0446027988962999e-49,0.9999999999999996,1.8525093431030686e-25,9.244021622083908e-25,9.244021622083909e-19,0.9999999999999993,9.379913444553727e-18,4.680576808832105e-17,4.680576808832105e-11,0.9999999999999981,8.594538160258838e-12,4.2886745419689724e-11,4.288674541968972e-05,0.9999999987394278
4790.42,4795.41,4792.915,1.8459503453904603e-56,9.211292223497994e-56,9.211292223497994e-50,0.9999999999999996,1.7605028162053474e-25,8.7849090528643e-25,8.7849090528643e-19,0.9999999999999993,9.082426321159924e-18,4.5321307342586037e-17,4.532130734258604e-11,0.9999999999999981,8.44396435055346e-12,4.213538210925992e-11,4.213538210925992e-05,0.9999999987815632
4795.41,4800.400000000001,4797.905000000001,1.6277580828004535e-56,8.122512833175388e-56,8.122512833175388e-50,0.9999999999999996,1.6730676889231437e-25,8.348607767727644e-25,8.348607767727644e-19,0.9999999999999993,8.794383634879584e-18,4.38839743380552e-17,4.38839743380552e-11,0.9999999999999981,8.296037542547e-12,4.139722733731526e-11,4.139722733731526e-05,0.9999999988229604
4800.400000000001,4805.39,4802.895,1.4353578083779704e-56,7.162435463805759e-56,7.162435463805759e-50,0.9999999999999996,1.589976734907423e-25,7.933983907187694e-25,7.933983907187694e-19,0.9999999999999993,8.515485228386722e-18,4.2492271289647883e-17,4.249227128964788e-11,0.9999999999999981,8.150711028114516e-12,4.0672048030289654e-11,4.067204803028965e-05,0.9999999988636324
4805.39,4810.38,4807.885,1.2657005262289942e-56,6.315845625882405e-56,6.3158456258824045e-50,0.9999999999999996,1.5110140271770607e-25,7.5399599956132035e-25,7.539959995613204e-19,0.9999999999999993,8.245440494620984e-18,4.114474806815691e-17,4.114474806815691e-11,0.9999999999999981,8.007938926772067e-12,3.9959615244590865e-11,3.9959615244590864e-05,0.999999998903592
4810.38,4815.37,4812.875,1.1160976994071554e-56,5.569327520041461e-56,5.569327520041461e-50,0.9999999999999996,1.4359743759809265e-25,7.16551213614451e-25,7.16551213614451e-19,0.9999999999999993,7.983968072554518e-18,3.9840000682045297e-17,3.9840000682045294e-11,0.9999999999999981,7.867676170943472e-12,3.925970409300621e-11,3.925970409300621e-05,0.9999999989428517
4815.37,4820.360000000001,4817.865,9.841786329846796e-57,4.911051378594232e-56,4.911051378594232e-50,0.9999999999999996,1.36466279463879e-25,6.809667345248505e-25,6.809667345248505e-19,0.9999999999999993,7.730795552662792e-18,3.8576669807792677e-17,3.8576669807792676e-11,0.9999999999999981,7.72987849149018e-12,3.8572093672541345e-11,3.8572093672541345e-05,0.9999999989814239
4820.360000000001,4825.35,4822.8550000000005,8.678528960295953e-57,4.330585951187491e-56,4.330585951187491e-50,0.9999999999999996,1.296893991968186e-25,6.471501019920965e-25,6.471501019920965e-19,0.9999999999999993,7.485659191789352e-18,3.735343936702723e-17,3.735343936702723e-11,0.9999999999999981,7.594502403500332e-12,3.7896566993465e-11,3.7896566993464994e-05,0.9999999990193205
4825.35,4830.34,4827.845,7.652771866647101e-57,3.8187331614567367e-56,3.818733161456737e-50,0.9999999999999996,1.232491889973162e-25,6.150134530965809e-25,6.150134530965809e-19,0.9999999999999993,7.248303637105239e-18,3.616903514915356e-17,3.616903514915356e-11,0.9999999999999981,7.461505192332187e-12,3.723291090973598e-11,3.723291090973598e-05,0.9999999990565533
4830.34,4835.33,4832.835,6.748261148406969e-57,3.36738231305493e-56,3.36738231305493e-50,0.9999999999999996,1.171289165536993e-25,5.84473293602934e-25,5.84473293602934e-19,0.9999999999999993,7.018481658871445e-18,3.502222347776698e-17,3.502222347776698e-11,0.9999999999999981,7.330844899906708e-12,3.6580916050532874e-11,3.658091605053287e-05,0.9999999990931343
4835.33,4840.320000000001,4837.825000000001,5.95066439582389e-57,2.9693815335165326e-56,2.9693815335165326e-50,0.9999999999999996,1.1131268149238894e-25,5.554502806470978e-25,5.554502806470977e-19,0.9999999999999993,6.795953891724405e-18,3.391180991970948e-17,3.3911809919709475e-11,0.9999999999999981,7.202480311245807e-12,3.5940376753121554e-11,3.594037675312155e-05,0.9999999991290747
4840.320000000001,4845.31,4842.8150000000005,5.247343522450344e-57,2.618424417702607e-56,2.6184244177026074e-50,0.9999999999999996,1.05785373995376e-25,5.278690162369031e-25,5.278690162369031e-19,0.9999999999999993,6.580488584211854e-18,3.283663803521571e-17,3.283663803521571e-11,0.9999999999999981,7.076370941251355e-12,3.531109099684272e-11,3.531109099684272e-05,0.9999999991643858
4845.31,4850.3,4847.805,4.6271544561801425e-57,2.3089500736337903e-56,2.30895007363379e-50,0.9999999999999996,1.0053263547709481e-25,5.016578510306811e-25,5.016578510306811e-19,0.9999999999999993,6.371861356315132e-18,3.179558816801112e-17,3.179558816801112e-11,0.9999999999999981,6.952477021720146e-12,3.469286033838201e-11,3.469286033838201e-05,0.9999999991990787
4850.3,4855.29,4852.795,4.080270513026099e-57,2.0360549859999341e-56,2.036054985999934e-50,0.9999999999999996,9.554082121818042e-26,4.767486978786995e-25,4.767486978786995e-19,0.9999999999999993,6.169854964703887e-18,3.078757627387105e-17,3.078757627387105e-11,0.9999999999999981,6.830759488591554e-12,3.4085489848070363e-11,3.408548984807036e-05,0.9999999992331642
4855.29,4860.280000000001,4857.785,3.598026653420615e-57,1.7954153000571357e-56,1.7954153000571358e-50,0.9999999999999996,9.079696485865556e-26,4.53076854644754e-25,4.53076854644754e-19,0.9999999999999993,5.974259075475491e-18,2.981155278662683e-17,2.981155278662683e-11,0.9999999999999981,6.711179969423044e-12,3.348878804742563e-11,3.348878804742563e-05,0.999999999266653
4860.280000000001,4865.27,4862.775000000001,3.172782151940975e-57,1.5832182938184771e-56,1.583218293818477e-50,0.9999999999999996,8.628874465798543e-26,4.305808358433285e-25,4.3058083584332848e-19,0.9999999999999993,5.784870044140596e-18,2.8866501520260316e-17,2.8866501520260315e-11,0.9999999999999981,6.593700771089381e-12,3.2902566847734576e-11,3.2902566847734574e-05,0.9999999992995555
4865.27,4870.26,4867.765,2.7977995033184014e-57,1.3961019521558213e-56,1.3961019521558213e-50,0.9999999999999996,8.200445143404515e-26,4.092022126558674e-25,4.0920221265586744e-19,0.9999999999999993,5.601490702623251e-18,2.79514386060888e-17,2.7951438606088797e-11,0.9999999999999981,6.478284867702072e-12,3.2326641489831924e-11,3.2326641489831925e-05,0.9999999993318822
4870.26,4875.25,4872.755,2.4671376450256352e-57,1.231101684867738e-56,1.231101684867738e-50,0.9999999999999996,7.793295809739303e-26,3.8888546090597425e-25,3.8888546090597423e-19,0.9999999999999993,5.423930153051818e-18,2.7065411463727387e-17,2.7065411463727388e-11,0.9999999999999981,6.364895888744461e-12,3.176083048483347e-11,3.176083048483347e-05,0.999999999363643
4875.25,4880.24,4877.745,2.175557803728822e-57,1.0856033440606346e-56,1.0856033440606347e-50,0.9999999999999996,7.406369070146214e-26,3.6957781660027995e-25,3.6957781660027995e-19,0.9999999999999993,5.252003568123741e-18,2.620749780493632e-17,2.620749780493632e-11,0.9999999999999981,6.253498107418925e-12,3.120495555601907e-11,3.120495555601907e-05,0.999999999394848
4880.24,4885.2300000000005,4882.735000000001,1.9184404730405373e-57,9.573017960473607e-57,9.573017960473607e-51,0.9999999999999996,7.038660093318168e-26,3.5122913865662524e-25,3.5122913865662526e-19,0.9999999999999993,5.085531997834472e-18,2.537680466919753e-17,2.537680466919753e-11,0.9999999999999981,6.144056429202381e-12,3.065884158172413e-11,3.0658841581724126e-05,0.9999999994255068
4885.2300000000005,4890.22,4887.725,1.6917122064926703e-57,8.441643910398055e-57,8.441643910398055e-51,0.9999999999999996,6.689213997233681e-26,3.3379177846194605e-25,3.337917784619461e-19,0.9999999999999993,4.924342182367418e-18,2.457246749001234e-17,2.4572467490012342e-11,0.9999999999999981,6.036536380606389e-12,3.012231653922456e-11,3.012231653922456e-05,0.9999999994556291
4890.22,4895.21,4892.715,1.4917810652608937e-57,7.443987515651534e-57,7.443987515651534e-51,0.9999999999999996,6.357123365152901e-26,3.1722045592111585e-25,3.1722045592111583e-19,0.9999999999999993,4.768266370947825e-18,2.3793649191028608e-17,2.3793649191028608e-11,0.9999999999999981,5.9309040981376716e-12,2.9595211449705685e-11,2.9595211449705686e-05,0.9999999994852243
4895.21,4900.2,4897.705,1.3154796973867596e-57,6.564243689959643e-57,6.564243689959643e-51,0.9999999999999996,6.041525885199807e-26,3.014721416714572e-25,3.014721416714572e-19,0.9999999999999993,4.6171421464709345e-18,2.3039539310888954e-17,2.3039539310888955e-11,0.9999999999999981,5.827126317456267e-12,2.90773603241055e-11,2.90773603241055e-05,0.9999999995143017
4900.2,4905.1900000000005,4902.695,1.1600151462290998e-57,5.78847557968401e-57,5.78847557968401e-51,0.9999999999999996,5.741602107378649e-26,2.8650594515823427e-25,2.865059451582343e-19,0.9999999999999993,4.470812255719566e-18,2.2309353156043724e-17,2.2309353156043726e-11,0.9999999999999981,5.725170362727226e-12,2.8568600110012815e-11,2.8568600110012815e-05,0.9999999995428703
4905.1900000000005,4910.18,4907.685,1.022924592559126e-57,5.104393716869815e-57,5.104393716869815e-51,0.9999999999999996,5.45657331218002e-26,2.722830082777711e-25,2.7228300827777113e-19,0.9999999999999993,4.3291244449930225e-18,2.160233098051424e-17,2.160233098051424e-11,0.9999999999999981,5.625004136162323e-12,2.8068770639448765e-11,2.8068770639448766e-05,0.9999999995709391
4910.18,4915.17,4912.675,9.020363287798062e-58,4.5011612806110363e-57,4.501161280611036e-51,0.9999999999999996,5.185699485221752e-26,2.587664043125541e-25,2.587664043125541e-19,0.9999999999999993,4.191931300974451e-18,2.0917737191861597e-17,2.0917737191861596e-11,0.9999999999999981,5.526596107748814e-12,2.7577714577665376e-11,2.7577714577665377e-05,0.9999999995985168
4915.17,4920.16,4917.665,7.954353466945981e-58,3.969222380005871e-57,3.969222380005871e-51,0.9999999999999996,4.9282773926468946e-26,2.4592104189306927e-25,2.4592104189306926e-19,0.9999999999999993,4.059090096669634e-18,2.025485958238059e-17,2.025485958238059e-11,0.9999999999999981,5.429915305161425e-12,2.7095277372754325e-11,2.7095277372754326e-05,0.9999999996256121
4920.16,4925.150000000001,4922.655000000001,7.014329933867883e-58,3.5001506370005585e-57,3.5001506370005586e-51,0.9999999999999996,4.6836387522650916e-26,2.337135737380604e-25,2.3371357373806044e-19,0.9999999999999993,3.9304626422552275e-18,1.9613008584856302e-17,1.9613008584856303e-11,0.9999999999999981,5.334931303854457e-12,2.662130720623743e-11,2.662130720623743e-05,0.9999999996522334
4925.150000000001,4930.14,4927.645,6.185402142598984e-58,3.0865156691567576e-57,3.086515669156758e-51,0.9999999999999996,4.4511484956709485e-26,2.221123099339706e-25,2.221123099339706e-19,0.9999999999999993,3.8059151406800916e-18,1.8991516551992825e-17,1.8991516551992825e-11,0.9999999999999981,5.241614217330972e-12,2.6155654944480405e-11,2.6155654944480407e-05,0.999999999678389
4930.14,4935.13,4932.635,5.454439591524892e-58,2.721765356170802e-57,2.721765356170802e-51,0.9999999999999996,4.230203116812398e-26,2.1108713552892943e-25,2.1108713552892944e-19,0.9999999999999993,3.685318047867514e-18,1.838973705885809e-17,1.8389737058858092e-11,0.9999999999999981,5.1499346875854956e-12,2.56981740910505e-11,2.56981740910505e-05,0.9999999997040873
4935.13,4940.12,4937.625,4.8098637758170456e-58,2.4001220241326007e-57,2.4001220241326006e-51,0.9999999999999996,4.0202291027064666e-26,2.0060943222504392e-25,2.0060943222504393e-19,0.9999999999999993,3.568545937372139e-18,1.7807044227486196e-17,1.7807044227486195e-11,0.9999999999999981,5.0598638757173655e-12,2.524872073982855e-11,2.524872073982855e-05,0.999999999729336
4940.12,4945.110000000001,4942.615,4.241464733806403e-58,2.116490902169688e-57,2.1164909021696882e-51,0.9999999999999996,3.820681442214172e-26,1.9065200396651358e-25,1.906520039665136e-19,0.9999999999999993,3.455477369349057e-18,1.7242832073054182e-17,1.724283207305418e-11,0.9999999999999981,4.971373452711673e-12,2.4807153529034683e-11,2.4807153529034685e-05,0.9999999997541431
4945.110000000001,4950.1,4947.6050000000005,3.740239279792081e-58,1.8663794006161668e-57,1.8663794006161667e-51,0.9999999999999996,3.631042208990351e-26,1.811890062286106e-25,1.811890062286106e-19,0.9999999999999993,3.3459947636976198e-18,1.6696513870850392e-17,1.6696513870850393e-11,0.9999999999999981,4.884435590384738e-12,2.4373333596018777e-11,2.4373333596018778e-05,0.9999999997785164
4950.1,4955.09,4952.595,3.2982483595287086e-58,1.6458259314047537e-57,1.6458259314047537e-51,0.9999999999999996,3.4508192149168465e-26,1.721958788243431e-25,1.721958788243431e-19,0.9999999999999993,3.239984277246916e-18,1.6167521543461405e-17,1.6167521543461405e-11,0.9999999999999981,4.7990229524910895e-12,2.3947124532929488e-11,2.3947124532929487e-05,0.9999999998024636
4955.09,4960.08,4957.585,2.9084912677387734e-58,1.4513371426015845e-57,1.4513371426015845e-51,0.9999999999999996,3.2795447305115185e-26,1.636492820525176e-25,1.636492820525176e-19,0.9999999999999993,3.1373356848536075e-18,1.5655305067418816e-17,1.5655305067418818e-11,0.9999999999999981,4.7151086859891014e-12,2.352839234308459e-11,2.3528392343084588e-05,0.999999999825992
4960.08,4965.070000000001,4962.575000000001,2.564794734267742e-58,1.2798325723997807e-57,1.2798325723997806e-51,0.9999999999999996,3.116774268981014e-26,1.5552703602217415e-25,1.5552703602217414e-19,0.9999999999999993,3.037942264287859e-18,1.5159331898798516e-17,1.5159331898798515e-11,0.9999999999999981,4.632666412462624e-12,2.3117005398191693e-11,2.3117005398191692e-05,0.9999999998491089
4965.070000000001,4970.06,4967.5650000000005,2.2617151211625263e-58,1.1285958454600513e-57,1.1285958454600513e-51,0.9999999999999996,2.962085430749682e-26,1.4780806299440267e-25,1.4780806299440267e-19,0.9999999999999993,2.9417006847860653e-18,1.4679086417081825e-17,1.4679086417081823e-11,0.9999999999999981,4.551670219695488e-12,2.2712834396279493e-11,2.2712834396279492e-05,0.9999999998718218
4970.06,4975.05,4972.555,1.994452180761169e-58,9.952316381997797e-58,9.952316381997798e-52,0.9999999999999996,2.8150768054555054e-26,1.4047233259222357e-25,1.4047233259222358e-19,0.9999999999999993,2.8485108991536746e-18,1.4214069386776216e-17,1.4214069386776216e-11,0.9999999999999981,4.472094653396309e-12,2.2315752320446606e-11,2.2315752320446607e-05,0.9999999998941375
4975.05,4980.04,4977.545,1.75877300811493e-58,8.776277310493117e-58,8.776277310493117e-52,0.9999999999999996,2.6753669285542573e-26,1.335008097348516e-25,1.3350080973485159e-19,0.9999999999999993,2.758276039304759e-18,1.3763797436130144e-17,1.3763797436130145e-11,0.9999999999999981,4.393914709071043e-12,2.1925634398263543e-11,2.1925634398263544e-05,0.9999999999160631
4980.04,4985.030000000001,4982.535,1.5509449826359593e-58,7.739215463354509e-58,7.739215463354509e-52,0.9999999999999996,2.542593289813932e-26,1.2687540516173278e-25,1.268754051617328e-19,0.9999999999999993,2.670902315128831e-18,1.3327802552494714e-17,1.3327802552494714e-11,0.9999999999999981,4.317105824040252e-12,2.1542358061963843e-11,2.1542358061963842e-05,0.9999999999376055
4985.030000000001,4990.02,4987.525000000001,1.3676766363316568e-58,6.824706415294669e-58,6.824706415294668e-52,0.9999999999999996,2.4164113911183945e-26,1.2057892841680261e-25,1.205789284168026e-19,0.9999999999999993,2.586298916578675e-18,1.2905631593727023e-17,1.2905631593727023e-11,0.9999999999999981,4.241643869598963e-12,2.11658029092979e-11,2.11658029092979e-05,0.9999999999587713
4990.02,4995.01,4992.515,1.2060655116125208e-58,6.018266902946216e-58,6.018266902946216e-52,0.9999999999999996,2.2964938511265142e-26,1.1459504317120804e-25,1.1459504317120805e-19,0.9999999999999993,2.504377918876634e-18,1.2496845815193856e-17,1.2496845815193856e-11,0.9999999999999981,4.167505143316156e-12,2.079585066514671e-11,2.079585066514671e-05,0.9999999999795671
4995.01,5000.0,4997.505,1.0635521824317846e-58,5.3071253903343735e-58,5.307125390334374e-52,1.0,2.1825295544555644e-26,1.089082247673279e-25,1.089082247673279e-19,1.0,2.4250541907396274e-18,1.2101020411790212e-17,1.2101020411790212e-11,1.0,4.09466636147157e-12,2.043238514374224e-11,2.043238514374224e-05,1.0
